[2025-10-06 02:21:54,163] INFO: [*] Buscando página 1: https://mangaonline.blog/manga/
[2025-10-06 02:24:11,231] INFO: [*] Buscando página 1: https://mangaonline.blog/manga/
[2025-10-06 02:26:18,382] INFO: [*] Buscando página 1: https://mangaonline.blog/manga/
[2025-10-06 02:26:41,512] INFO: [*] Buscando página 1: https://mangaonline.blog/manga/
[2025-10-06 02:26:42,543] INFO: [*] Buscando página 2: https://mangaonline.blog/manga/page/2/
[2025-10-06 02:26:42,867] INFO: [*] Buscando página 3: https://mangaonline.blog/manga/page/3/
[2025-10-06 02:26:43,199] INFO: [*] Buscando página 4: https://mangaonline.blog/manga/page/4/
[2025-10-06 02:26:43,565] INFO: [*] Buscando página 5: https://mangaonline.blog/manga/page/5/
[2025-10-06 02:26:43,893] INFO: [*] Buscando página 6: https://mangaonline.blog/manga/page/6/
[2025-10-06 02:26:44,219] INFO: [*] Buscando página 7: https://mangaonline.blog/manga/page/7/
[2025-10-06 02:26:44,547] INFO: [*] Buscando página 8: https://mangaonline.blog/manga/page/8/
[2025-10-06 02:26:45,315] INFO: [!] Página 8 não encontrada ou vazia. Encerrando.
[2025-10-08 13:46:55,411] INFO: [*] Sincronizando mangás do provedor MangaOnline
[2025-10-08 13:46:55,413] INFO: [*] Buscando página 1: https://mangaonline.blog/manga/
[2025-10-08 13:46:55,567] INFO: [*] Buscando página 2: https://mangaonline.blog/manga/page/2/
[2025-10-08 13:46:55,659] INFO: [*] Buscando página 3: https://mangaonline.blog/manga/page/3/
[2025-10-08 13:46:55,796] INFO: [*] Buscando página 4: https://mangaonline.blog/manga/page/4/
[2025-10-08 13:46:55,901] INFO: [*] Buscando página 5: https://mangaonline.blog/manga/page/5/
[2025-10-08 13:46:57,560] INFO: [*] Buscando página 6: https://mangaonline.blog/manga/page/6/
[2025-10-08 13:46:59,668] INFO: [*] Buscando página 7: https://mangaonline.blog/manga/page/7/
[2025-10-08 13:47:01,673] INFO: [*] Buscando página 8: https://mangaonline.blog/manga/page/8/
[2025-10-08 13:47:02,876] INFO: [!] Página 8 não encontrada ou vazia. Encerrando.
[2025-10-08 13:47:02,899] INFO: [*] Buscando capítulos pela url: https://mangaonline.blog/manga/solo-leveling-ragnarok/
[2025-10-08 13:47:02,987] INFO: [*] Capítulos encontrados: 58
[2025-10-08 13:47:02,991] INFO: [*] Total de capítulos extraídos: 58
[2025-10-08 13:47:02,991] INFO: [!] Capítulo 1 já existente em 'Solo Leveling: Ragnarok'.
[2025-10-08 13:47:02,991] INFO: [!] Capítulo 2 já existente em 'Solo Leveling: Ragnarok'.
[2025-10-08 13:47:02,991] INFO: [!] Capítulo 3 já existente em 'Solo Leveling: Ragnarok'.
[2025-10-08 13:47:02,991] INFO: [!] Capítulo 4 já existente em 'Solo Leveling: Ragnarok'.
[2025-10-08 13:47:02,991] INFO: [!] Capítulo 5 já existente em 'Solo Leveling: Ragnarok'.
[2025-10-08 13:47:02,991] INFO: [!] Capítulo 6 já existente em 'Solo Leveling: Ragnarok'.
[2025-10-08 13:47:02,991] INFO: [!] Capítulo 7 já existente em 'Solo Leveling: Ragnarok'.
[2025-10-08 13:47:02,992] INFO: [!] Capítulo 8 já existente em 'Solo Leveling: Ragnarok'.
[2025-10-08 13:47:02,992] INFO: [!] Capítulo 9 já existente em 'Solo Leveling: Ragnarok'.
[2025-10-08 13:47:02,992] INFO: [!] Capítulo 10 já existente em 'Solo Leveling: Ragnarok'.
[2025-10-08 13:47:02,992] INFO: [!] Capítulo 11 já existente em 'Solo Leveling: Ragnarok'.
[2025-10-08 13:47:02,992] INFO: [!] Capítulo 12 já existente em 'Solo Leveling: Ragnarok'.
[2025-10-08 13:47:02,992] INFO: [!] Capítulo 13 já existente em 'Solo Leveling: Ragnarok'.
[2025-10-08 13:47:02,992] INFO: [!] Capítulo 14 já existente em 'Solo Leveling: Ragnarok'.
[2025-10-08 13:47:02,992] INFO: [!] Capítulo 15 já existente em 'Solo Leveling: Ragnarok'.
[2025-10-08 13:47:02,992] INFO: [!] Capítulo 16 já existente em 'Solo Leveling: Ragnarok'.
[2025-10-08 13:47:02,992] INFO: [!] Capítulo 17 já existente em 'Solo Leveling: Ragnarok'.
[2025-10-08 13:47:02,992] INFO: [!] Capítulo 18 já existente em 'Solo Leveling: Ragnarok'.
[2025-10-08 13:47:02,992] INFO: [!] Capítulo 19 já existente em 'Solo Leveling: Ragnarok'.
[2025-10-08 13:47:02,992] INFO: [!] Capítulo 20 já existente em 'Solo Leveling: Ragnarok'.
[2025-10-08 13:47:02,992] INFO: [!] Capítulo 21 já existente em 'Solo Leveling: Ragnarok'.
[2025-10-08 13:47:02,992] INFO: [!] Capítulo 22 já existente em 'Solo Leveling: Ragnarok'.
[2025-10-08 13:47:02,992] INFO: [!] Capítulo 23 já existente em 'Solo Leveling: Ragnarok'.
[2025-10-08 13:47:02,992] INFO: [!] Capítulo 24 já existente em 'Solo Leveling: Ragnarok'.
[2025-10-08 13:47:02,993] INFO: [!] Capítulo 25 já existente em 'Solo Leveling: Ragnarok'.
[2025-10-08 13:47:02,993] INFO: [!] Capítulo 26 já existente em 'Solo Leveling: Ragnarok'.
[2025-10-08 13:47:02,993] INFO: [!] Capítulo 27 já existente em 'Solo Leveling: Ragnarok'.
[2025-10-08 13:47:02,993] INFO: [!] Capítulo 28 já existente em 'Solo Leveling: Ragnarok'.
[2025-10-08 13:47:02,993] INFO: [!] Capítulo 29 já existente em 'Solo Leveling: Ragnarok'.
[2025-10-08 13:47:02,993] INFO: [!] Capítulo 30 já existente em 'Solo Leveling: Ragnarok'.
[2025-10-08 13:47:02,993] INFO: [!] Capítulo 31 já existente em 'Solo Leveling: Ragnarok'.
[2025-10-08 13:47:02,993] INFO: [!] Capítulo 32 já existente em 'Solo Leveling: Ragnarok'.
[2025-10-08 13:47:02,993] INFO: [!] Capítulo 33 já existente em 'Solo Leveling: Ragnarok'.
[2025-10-08 13:47:02,993] INFO: [!] Capítulo 34 já existente em 'Solo Leveling: Ragnarok'.
[2025-10-08 13:47:02,993] INFO: [!] Capítulo 35 já existente em 'Solo Leveling: Ragnarok'.
[2025-10-08 13:47:02,993] INFO: [!] Capítulo 36 já existente em 'Solo Leveling: Ragnarok'.
[2025-10-08 13:47:02,993] INFO: [!] Capítulo 37 já existente em 'Solo Leveling: Ragnarok'.
[2025-10-08 13:47:02,993] INFO: [!] Capítulo 38 já existente em 'Solo Leveling: Ragnarok'.
[2025-10-08 13:47:02,993] INFO: [!] Capítulo 39 já existente em 'Solo Leveling: Ragnarok'.
[2025-10-08 13:47:02,993] INFO: [!] Capítulo 40 já existente em 'Solo Leveling: Ragnarok'.
[2025-10-08 13:47:02,993] INFO: [!] Capítulo 41 já existente em 'Solo Leveling: Ragnarok'.
[2025-10-08 13:47:02,993] INFO: [!] Capítulo 42 já existente em 'Solo Leveling: Ragnarok'.
[2025-10-08 13:47:02,993] INFO: [!] Capítulo 43 já existente em 'Solo Leveling: Ragnarok'.
[2025-10-08 13:47:02,994] INFO: [!] Capítulo 44 já existente em 'Solo Leveling: Ragnarok'.
[2025-10-08 13:47:02,994] INFO: [!] Capítulo 45 já existente em 'Solo Leveling: Ragnarok'.
[2025-10-08 13:47:02,994] INFO: [!] Capítulo 46 já existente em 'Solo Leveling: Ragnarok'.
[2025-10-08 13:47:02,994] INFO: [!] Capítulo 47 já existente em 'Solo Leveling: Ragnarok'.
[2025-10-08 13:47:02,994] INFO: [!] Capítulo 48 já existente em 'Solo Leveling: Ragnarok'.
[2025-10-08 13:47:02,994] INFO: [!] Capítulo 49 já existente em 'Solo Leveling: Ragnarok'.
[2025-10-08 13:47:02,994] INFO: [!] Capítulo 50 já existente em 'Solo Leveling: Ragnarok'.
[2025-10-08 13:47:02,994] INFO: [!] Capítulo 51 já existente em 'Solo Leveling: Ragnarok'.
[2025-10-08 13:47:02,994] INFO: [!] Capítulo 52 já existente em 'Solo Leveling: Ragnarok'.
[2025-10-08 13:47:02,994] INFO: [!] Capítulo 53 já existente em 'Solo Leveling: Ragnarok'.
[2025-10-08 13:47:02,994] INFO: [!] Capítulo 54 já existente em 'Solo Leveling: Ragnarok'.
[2025-10-08 13:47:02,994] INFO: [!] Capítulo 55 já existente em 'Solo Leveling: Ragnarok'.
[2025-10-08 13:47:02,994] INFO: [!] Capítulo 56 já existente em 'Solo Leveling: Ragnarok'.
[2025-10-08 13:47:02,994] INFO: [!] Capítulo 57 já existente em 'Solo Leveling: Ragnarok'.
[2025-10-08 13:47:03,007] INFO: [*] Mangá 'Solo Leveling: Ragnarok': 1 capítulos adicionados.
[2025-10-08 13:47:03,028] INFO: [*] Buscando capítulos pela url: https://mangaonline.blog/manga/the-legendary-hero-is-an-academy-honors-student/
[2025-10-08 13:47:04,412] INFO: [*] Capítulos encontrados: 52
[2025-10-08 13:47:04,415] INFO: [*] Total de capítulos extraídos: 52
[2025-10-08 13:47:04,415] INFO: [*] Mangá 'The Legendary Hero is an Academy Honors Student' sincronizado com sucesso.
[2025-10-08 13:47:04,456] INFO: [*] Buscando capítulos pela url: https://mangaonline.blog/manga/blue-lock-manga-pt-br/
[2025-10-08 13:47:04,658] INFO: [*] Capítulos encontrados: 322
[2025-10-08 13:47:04,662] WARNING: [!] Capítulo sem número detectado: 'capitulo  (241)' — pulando...
[2025-10-08 13:47:04,662] WARNING: [!] Capítulo sem número detectado: 'capitulo  (240)' — pulando...
[2025-10-08 13:47:04,662] WARNING: [!] Capítulo sem número detectado: 'capitulo  (239)' — pulando...
[2025-10-08 13:47:04,663] WARNING: [!] Capítulo sem número detectado: 'capitulo  (238)' — pulando...
[2025-10-08 13:47:04,663] WARNING: [!] Capítulo sem número detectado: 'capitulo  (237)' — pulando...
[2025-10-08 13:47:04,663] WARNING: [!] Capítulo sem número detectado: 'capitulo  (236)' — pulando...
[2025-10-08 13:47:04,663] WARNING: [!] Capítulo sem número detectado: 'capitulo  (235)' — pulando...
[2025-10-08 13:47:04,663] WARNING: [!] Capítulo sem número detectado: 'capitulo  (234)' — pulando...
[2025-10-08 13:47:04,663] WARNING: [!] Capítulo sem número detectado: 'capitulo  (233)' — pulando...
[2025-10-08 13:47:04,663] WARNING: [!] Capítulo sem número detectado: 'capitulo  (232)' — pulando...
[2025-10-08 13:47:04,663] WARNING: [!] Capítulo sem número detectado: 'capitulo  (231)' — pulando...
[2025-10-08 13:47:04,663] WARNING: [!] Capítulo sem número detectado: 'capitulo  (230)' — pulando...
[2025-10-08 13:47:04,664] WARNING: [!] Capítulo sem número detectado: 'capitulo  (229)' — pulando...
[2025-10-08 13:47:04,664] WARNING: [!] Capítulo sem número detectado: 'capitulo  (228)' — pulando...
[2025-10-08 13:47:04,664] WARNING: [!] Capítulo sem número detectado: 'capitulo  (227)' — pulando...
[2025-10-08 13:47:04,664] WARNING: [!] Capítulo sem número detectado: 'capitulo  (226)' — pulando...
[2025-10-08 13:47:04,664] WARNING: [!] Capítulo sem número detectado: 'capitulo  (225)' — pulando...
[2025-10-08 13:47:04,664] WARNING: [!] Capítulo sem número detectado: 'capitulo  (224)' — pulando...
[2025-10-08 13:47:04,664] WARNING: [!] Capítulo sem número detectado: 'capitulo  (223)' — pulando...
[2025-10-08 13:47:04,664] WARNING: [!] Capítulo sem número detectado: 'capitulo  (222)' — pulando...
[2025-10-08 13:47:04,664] WARNING: [!] Capítulo sem número detectado: 'capitulo  (221)' — pulando...
[2025-10-08 13:47:04,664] WARNING: [!] Capítulo sem número detectado: 'capitulo  (220)' — pulando...
[2025-10-08 13:47:04,665] WARNING: [!] Capítulo sem número detectado: 'capitulo  (219)' — pulando...
[2025-10-08 13:47:04,665] WARNING: [!] Capítulo sem número detectado: 'capitulo  (218)' — pulando...
[2025-10-08 13:47:04,665] WARNING: [!] Capítulo sem número detectado: 'capitulo  (217)' — pulando...
[2025-10-08 13:47:04,665] WARNING: [!] Capítulo sem número detectado: 'capitulo  (216)' — pulando...
[2025-10-08 13:47:04,665] WARNING: [!] Capítulo sem número detectado: 'capitulo  (215)' — pulando...
[2025-10-08 13:47:04,665] WARNING: [!] Capítulo sem número detectado: 'capitulo  (214)' — pulando...
[2025-10-08 13:47:04,665] WARNING: [!] Capítulo sem número detectado: 'capitulo  (213)' — pulando...
[2025-10-08 13:47:04,665] WARNING: [!] Capítulo sem número detectado: 'capitulo  (212)' — pulando...
[2025-10-08 13:47:04,665] WARNING: [!] Capítulo sem número detectado: 'capitulo  (211)' — pulando...
[2025-10-08 13:47:04,666] WARNING: [!] Capítulo sem número detectado: 'capitulo  (210)' — pulando...
[2025-10-08 13:47:04,666] WARNING: [!] Capítulo sem número detectado: 'capitulo  (209)' — pulando...
[2025-10-08 13:47:04,666] WARNING: [!] Capítulo sem número detectado: 'capitulo  (208)' — pulando...
[2025-10-08 13:47:04,666] WARNING: [!] Capítulo sem número detectado: 'capitulo  (207)' — pulando...
[2025-10-08 13:47:04,666] WARNING: [!] Capítulo sem número detectado: 'capitulo  (206)' — pulando...
[2025-10-08 13:47:04,666] WARNING: [!] Capítulo sem número detectado: 'capitulo  (205)' — pulando...
[2025-10-08 13:47:04,666] WARNING: [!] Capítulo sem número detectado: 'capitulo  (204)' — pulando...
[2025-10-08 13:47:04,666] WARNING: [!] Capítulo sem número detectado: 'capitulo  (203)' — pulando...
[2025-10-08 13:47:04,666] WARNING: [!] Capítulo sem número detectado: 'capitulo  (202)' — pulando...
[2025-10-08 13:47:04,667] WARNING: [!] Capítulo sem número detectado: 'capitulo  (201)' — pulando...
[2025-10-08 13:47:04,667] WARNING: [!] Capítulo sem número detectado: 'capitulo  (200)' — pulando...
[2025-10-08 13:47:04,667] WARNING: [!] Capítulo sem número detectado: 'capitulo  (199)' — pulando...
[2025-10-08 13:47:04,667] WARNING: [!] Capítulo sem número detectado: 'capitulo  (198)' — pulando...
[2025-10-08 13:47:04,667] WARNING: [!] Capítulo sem número detectado: 'capitulo  (197)' — pulando...
[2025-10-08 13:47:04,667] WARNING: [!] Capítulo sem número detectado: 'capitulo  (196)' — pulando...
[2025-10-08 13:47:04,667] WARNING: [!] Capítulo sem número detectado: 'capitulo  (195)' — pulando...
[2025-10-08 13:47:04,667] WARNING: [!] Capítulo sem número detectado: 'capitulo  (194)' — pulando...
[2025-10-08 13:47:04,667] WARNING: [!] Capítulo sem número detectado: 'capitulo  (193)' — pulando...
[2025-10-08 13:47:04,667] WARNING: [!] Capítulo sem número detectado: 'capitulo  (192)' — pulando...
[2025-10-08 13:47:04,668] WARNING: [!] Capítulo sem número detectado: 'capitulo  (191)' — pulando...
[2025-10-08 13:47:04,668] WARNING: [!] Capítulo sem número detectado: 'capitulo  (190)' — pulando...
[2025-10-08 13:47:04,668] WARNING: [!] Capítulo sem número detectado: 'capitulo  (189)' — pulando...
[2025-10-08 13:47:04,668] WARNING: [!] Capítulo sem número detectado: 'capitulo  (188)' — pulando...
[2025-10-08 13:47:04,668] WARNING: [!] Capítulo sem número detectado: 'capitulo  (187)' — pulando...
[2025-10-08 13:47:04,668] WARNING: [!] Capítulo sem número detectado: 'capitulo  (186)' — pulando...
[2025-10-08 13:47:04,668] WARNING: [!] Capítulo sem número detectado: 'capitulo  (185)' — pulando...
[2025-10-08 13:47:04,668] WARNING: [!] Capítulo sem número detectado: 'capitulo  (184)' — pulando...
[2025-10-08 13:47:04,668] WARNING: [!] Capítulo sem número detectado: 'capitulo  (183)' — pulando...
[2025-10-08 13:47:04,669] WARNING: [!] Capítulo sem número detectado: 'capitulo  (182)' — pulando...
[2025-10-08 13:47:04,669] WARNING: [!] Capítulo sem número detectado: 'capitulo  (181)' — pulando...
[2025-10-08 13:47:04,669] WARNING: [!] Capítulo sem número detectado: 'capitulo  (180)' — pulando...
[2025-10-08 13:47:04,669] WARNING: [!] Capítulo sem número detectado: 'capitulo  (179)' — pulando...
[2025-10-08 13:47:04,669] WARNING: [!] Capítulo sem número detectado: 'capitulo  (178)' — pulando...
[2025-10-08 13:47:04,669] WARNING: [!] Capítulo sem número detectado: 'capitulo  (177)' — pulando...
[2025-10-08 13:47:04,669] WARNING: [!] Capítulo sem número detectado: 'capitulo  (176)' — pulando...
[2025-10-08 13:47:04,669] WARNING: [!] Capítulo sem número detectado: 'capitulo  (175)' — pulando...
[2025-10-08 13:47:04,669] WARNING: [!] Capítulo sem número detectado: 'capitulo  (174)' — pulando...
[2025-10-08 13:47:04,670] WARNING: [!] Capítulo sem número detectado: 'capitulo  (173)' — pulando...
[2025-10-08 13:47:04,670] WARNING: [!] Capítulo sem número detectado: 'capitulo  (172)' — pulando...
[2025-10-08 13:47:04,670] WARNING: [!] Capítulo sem número detectado: 'capitulo  (171)' — pulando...
[2025-10-08 13:47:04,670] WARNING: [!] Capítulo sem número detectado: 'capitulo  (170)' — pulando...
[2025-10-08 13:47:04,670] WARNING: [!] Capítulo sem número detectado: 'capitulo  (169)' — pulando...
[2025-10-08 13:47:04,670] WARNING: [!] Capítulo sem número detectado: 'capitulo  (168)' — pulando...
[2025-10-08 13:47:04,670] WARNING: [!] Capítulo sem número detectado: 'capitulo  (167)' — pulando...
[2025-10-08 13:47:04,670] WARNING: [!] Capítulo sem número detectado: 'capitulo  (166)' — pulando...
[2025-10-08 13:47:04,670] WARNING: [!] Capítulo sem número detectado: 'capitulo  (165)' — pulando...
[2025-10-08 13:47:04,671] WARNING: [!] Capítulo sem número detectado: 'capitulo  (164)' — pulando...
[2025-10-08 13:47:04,671] WARNING: [!] Capítulo sem número detectado: 'capitulo  (163)' — pulando...
[2025-10-08 13:47:04,671] WARNING: [!] Capítulo sem número detectado: 'capitulo  (162)' — pulando...
[2025-10-08 13:47:04,671] WARNING: [!] Capítulo sem número detectado: 'capitulo  (161)' — pulando...
[2025-10-08 13:47:04,671] WARNING: [!] Capítulo sem número detectado: 'capitulo  (160)' — pulando...
[2025-10-08 13:47:04,671] WARNING: [!] Capítulo sem número detectado: 'capitulo  (159)' — pulando...
[2025-10-08 13:47:04,671] WARNING: [!] Capítulo sem número detectado: 'capitulo  (158)' — pulando...
[2025-10-08 13:47:04,671] WARNING: [!] Capítulo sem número detectado: 'capitulo  (157)' — pulando...
[2025-10-08 13:47:04,671] WARNING: [!] Capítulo sem número detectado: 'capitulo  (156)' — pulando...
[2025-10-08 13:47:04,671] WARNING: [!] Capítulo sem número detectado: 'capitulo  (155)' — pulando...
[2025-10-08 13:47:04,672] WARNING: [!] Capítulo sem número detectado: 'capitulo  (154)' — pulando...
[2025-10-08 13:47:04,672] WARNING: [!] Capítulo sem número detectado: 'capitulo  (153)' — pulando...
[2025-10-08 13:47:04,672] WARNING: [!] Capítulo sem número detectado: 'capitulo  (152)' — pulando...
[2025-10-08 13:47:04,672] WARNING: [!] Capítulo sem número detectado: 'capitulo  (151)' — pulando...
[2025-10-08 13:47:04,672] WARNING: [!] Capítulo sem número detectado: 'capitulo  (150)' — pulando...
[2025-10-08 13:47:04,672] WARNING: [!] Capítulo sem número detectado: 'capitulo  (149)' — pulando...
[2025-10-08 13:47:04,672] WARNING: [!] Capítulo sem número detectado: 'capitulo  (148)' — pulando...
[2025-10-08 13:47:04,672] WARNING: [!] Capítulo sem número detectado: 'capitulo  (147)' — pulando...
[2025-10-08 13:47:04,672] WARNING: [!] Capítulo sem número detectado: 'capitulo  (146)' — pulando...
[2025-10-08 13:47:04,672] WARNING: [!] Capítulo sem número detectado: 'capitulo  (145)' — pulando...
[2025-10-08 13:47:04,673] WARNING: [!] Capítulo sem número detectado: 'capitulo  (144)' — pulando...
[2025-10-08 13:47:04,673] WARNING: [!] Capítulo sem número detectado: 'capitulo  (143)' — pulando...
[2025-10-08 13:47:04,673] WARNING: [!] Capítulo sem número detectado: 'capitulo  (142)' — pulando...
[2025-10-08 13:47:04,673] WARNING: [!] Capítulo sem número detectado: 'capitulo  (141)' — pulando...
[2025-10-08 13:47:04,673] WARNING: [!] Capítulo sem número detectado: 'capitulo  (140)' — pulando...
[2025-10-08 13:47:04,673] WARNING: [!] Capítulo sem número detectado: 'capitulo  (139)' — pulando...
[2025-10-08 13:47:04,673] WARNING: [!] Capítulo sem número detectado: 'capitulo  (138)' — pulando...
[2025-10-08 13:47:04,673] WARNING: [!] Capítulo sem número detectado: 'capitulo  (137)' — pulando...
[2025-10-08 13:47:04,674] WARNING: [!] Capítulo sem número detectado: 'capitulo  (136)' — pulando...
[2025-10-08 13:47:04,674] WARNING: [!] Capítulo sem número detectado: 'capitulo  (135)' — pulando...
[2025-10-08 13:47:04,674] WARNING: [!] Capítulo sem número detectado: 'capitulo  (134)' — pulando...
[2025-10-08 13:47:04,674] WARNING: [!] Capítulo sem número detectado: 'capitulo  (133)' — pulando...
[2025-10-08 13:47:04,674] WARNING: [!] Capítulo sem número detectado: 'capitulo  (132)' — pulando...
[2025-10-08 13:47:04,674] WARNING: [!] Capítulo sem número detectado: 'capitulo  (131)' — pulando...
[2025-10-08 13:47:04,674] WARNING: [!] Capítulo sem número detectado: 'capitulo  (130)' — pulando...
[2025-10-08 13:47:04,674] WARNING: [!] Capítulo sem número detectado: 'capitulo  (129)' — pulando...
[2025-10-08 13:47:04,675] WARNING: [!] Capítulo sem número detectado: 'capitulo  (128)' — pulando...
[2025-10-08 13:47:04,675] WARNING: [!] Capítulo sem número detectado: 'capitulo  (127)' — pulando...
[2025-10-08 13:47:04,675] WARNING: [!] Capítulo sem número detectado: 'capitulo  (126)' — pulando...
[2025-10-08 13:47:04,675] WARNING: [!] Capítulo sem número detectado: 'capitulo  (125)' — pulando...
[2025-10-08 13:47:04,675] WARNING: [!] Capítulo sem número detectado: 'capitulo  (124)' — pulando...
[2025-10-08 13:47:04,675] WARNING: [!] Capítulo sem número detectado: 'capitulo  (123)' — pulando...
[2025-10-08 13:47:04,675] WARNING: [!] Capítulo sem número detectado: 'capitulo  (122)' — pulando...
[2025-10-08 13:47:04,675] WARNING: [!] Capítulo sem número detectado: 'capitulo  (121)' — pulando...
[2025-10-08 13:47:04,675] WARNING: [!] Capítulo sem número detectado: 'capitulo  (120)' — pulando...
[2025-10-08 13:47:04,676] WARNING: [!] Capítulo sem número detectado: 'capitulo  (119)' — pulando...
[2025-10-08 13:47:04,676] WARNING: [!] Capítulo sem número detectado: 'capitulo  (118)' — pulando...
[2025-10-08 13:47:04,676] WARNING: [!] Capítulo sem número detectado: 'capitulo  (117)' — pulando...
[2025-10-08 13:47:04,676] WARNING: [!] Capítulo sem número detectado: 'capitulo  (116)' — pulando...
[2025-10-08 13:47:04,676] WARNING: [!] Capítulo sem número detectado: 'capitulo  (115)' — pulando...
[2025-10-08 13:47:04,676] WARNING: [!] Capítulo sem número detectado: 'capitulo  (114)' — pulando...
[2025-10-08 13:47:04,676] WARNING: [!] Capítulo sem número detectado: 'capitulo  (113)' — pulando...
[2025-10-08 13:47:04,676] WARNING: [!] Capítulo sem número detectado: 'capitulo  (112)' — pulando...
[2025-10-08 13:47:04,676] WARNING: [!] Capítulo sem número detectado: 'capitulo  (111)' — pulando...
[2025-10-08 13:47:04,677] WARNING: [!] Capítulo sem número detectado: 'capitulo  (110)' — pulando...
[2025-10-08 13:47:04,677] WARNING: [!] Capítulo sem número detectado: 'capitulo  (109)' — pulando...
[2025-10-08 13:47:04,677] WARNING: [!] Capítulo sem número detectado: 'capitulo  (108)' — pulando...
[2025-10-08 13:47:04,677] WARNING: [!] Capítulo sem número detectado: 'capitulo  (107)' — pulando...
[2025-10-08 13:47:04,677] WARNING: [!] Capítulo sem número detectado: 'capitulo  (106)' — pulando...
[2025-10-08 13:47:04,677] WARNING: [!] Capítulo sem número detectado: 'capitulo  (105)' — pulando...
[2025-10-08 13:47:04,677] WARNING: [!] Capítulo sem número detectado: 'capitulo  (104)' — pulando...
[2025-10-08 13:47:04,677] WARNING: [!] Capítulo sem número detectado: 'capitulo  (103)' — pulando...
[2025-10-08 13:47:04,677] WARNING: [!] Capítulo sem número detectado: 'capitulo  (102)' — pulando...
[2025-10-08 13:47:04,677] WARNING: [!] Capítulo sem número detectado: 'capitulo  (101)' — pulando...
[2025-10-08 13:47:04,678] WARNING: [!] Capítulo sem número detectado: 'capitulo  (100)' — pulando...
[2025-10-08 13:47:04,678] WARNING: [!] Capítulo sem número detectado: 'capitulo  (99)' — pulando...
[2025-10-08 13:47:04,678] WARNING: [!] Capítulo sem número detectado: 'capitulo  (98)' — pulando...
[2025-10-08 13:47:04,678] WARNING: [!] Capítulo sem número detectado: 'capitulo  (97)' — pulando...
[2025-10-08 13:47:04,678] WARNING: [!] Capítulo sem número detectado: 'capitulo  (96)' — pulando...
[2025-10-08 13:47:04,678] WARNING: [!] Capítulo sem número detectado: 'capitulo  (95)' — pulando...
[2025-10-08 13:47:04,678] WARNING: [!] Capítulo sem número detectado: 'capitulo  (94)' — pulando...
[2025-10-08 13:47:04,678] WARNING: [!] Capítulo sem número detectado: 'capitulo  (93)' — pulando...
[2025-10-08 13:47:04,678] WARNING: [!] Capítulo sem número detectado: 'capitulo  (92)' — pulando...
[2025-10-08 13:47:04,679] WARNING: [!] Capítulo sem número detectado: 'capitulo  (91)' — pulando...
[2025-10-08 13:47:04,679] WARNING: [!] Capítulo sem número detectado: 'capitulo  (90)' — pulando...
[2025-10-08 13:47:04,679] WARNING: [!] Capítulo sem número detectado: 'capitulo  (89)' — pulando...
[2025-10-08 13:47:04,679] WARNING: [!] Capítulo sem número detectado: 'capitulo  (88)' — pulando...
[2025-10-08 13:47:04,679] WARNING: [!] Capítulo sem número detectado: 'capitulo  (87)' — pulando...
[2025-10-08 13:47:04,679] WARNING: [!] Capítulo sem número detectado: 'capitulo  (86)' — pulando...
[2025-10-08 13:47:04,679] WARNING: [!] Capítulo sem número detectado: 'capitulo  (85)' — pulando...
[2025-10-08 13:47:04,679] WARNING: [!] Capítulo sem número detectado: 'capitulo  (84)' — pulando...
[2025-10-08 13:47:04,679] WARNING: [!] Capítulo sem número detectado: 'capitulo  (83)' — pulando...
[2025-10-08 13:47:04,680] WARNING: [!] Capítulo sem número detectado: 'capitulo  (82)' — pulando...
[2025-10-08 13:47:04,680] WARNING: [!] Capítulo sem número detectado: 'capitulo  (81)' — pulando...
[2025-10-08 13:47:04,680] WARNING: [!] Capítulo sem número detectado: 'capitulo  (80)' — pulando...
[2025-10-08 13:47:04,680] WARNING: [!] Capítulo sem número detectado: 'capitulo  (79)' — pulando...
[2025-10-08 13:47:04,680] WARNING: [!] Capítulo sem número detectado: 'capitulo  (78)' — pulando...
[2025-10-08 13:47:04,680] WARNING: [!] Capítulo sem número detectado: 'capitulo  (77)' — pulando...
[2025-10-08 13:47:04,680] WARNING: [!] Capítulo sem número detectado: 'capitulo  (76)' — pulando...
[2025-10-08 13:47:04,680] WARNING: [!] Capítulo sem número detectado: 'capitulo  (75)' — pulando...
[2025-10-08 13:47:04,680] WARNING: [!] Capítulo sem número detectado: 'capitulo  (74)' — pulando...
[2025-10-08 13:47:04,681] WARNING: [!] Capítulo sem número detectado: 'capitulo  (73)' — pulando...
[2025-10-08 13:47:04,681] WARNING: [!] Capítulo sem número detectado: 'capitulo  (72)' — pulando...
[2025-10-08 13:47:04,681] WARNING: [!] Capítulo sem número detectado: 'capitulo  (71)' — pulando...
[2025-10-08 13:47:04,681] WARNING: [!] Capítulo sem número detectado: 'capitulo  (70)' — pulando...
[2025-10-08 13:47:04,681] WARNING: [!] Capítulo sem número detectado: 'capitulo  (69)' — pulando...
[2025-10-08 13:47:04,681] WARNING: [!] Capítulo sem número detectado: 'capitulo  (68)' — pulando...
[2025-10-08 13:47:04,681] WARNING: [!] Capítulo sem número detectado: 'capitulo  (67)' — pulando...
[2025-10-08 13:47:04,681] WARNING: [!] Capítulo sem número detectado: 'capitulo  (66)' — pulando...
[2025-10-08 13:47:04,681] WARNING: [!] Capítulo sem número detectado: 'capitulo  (65)' — pulando...
[2025-10-08 13:47:04,682] WARNING: [!] Capítulo sem número detectado: 'capitulo  (64)' — pulando...
[2025-10-08 13:47:04,682] WARNING: [!] Capítulo sem número detectado: 'capitulo  (63)' — pulando...
[2025-10-08 13:47:04,682] WARNING: [!] Capítulo sem número detectado: 'capitulo  (62)' — pulando...
[2025-10-08 13:47:04,682] WARNING: [!] Capítulo sem número detectado: 'capitulo  (61)' — pulando...
[2025-10-08 13:47:04,682] WARNING: [!] Capítulo sem número detectado: 'capitulo  (60)' — pulando...
[2025-10-08 13:47:04,682] WARNING: [!] Capítulo sem número detectado: 'capitulo  (59)' — pulando...
[2025-10-08 13:47:04,682] WARNING: [!] Capítulo sem número detectado: 'capitulo  (58)' — pulando...
[2025-10-08 13:47:04,682] WARNING: [!] Capítulo sem número detectado: 'capitulo  (57)' — pulando...
[2025-10-08 13:47:04,682] WARNING: [!] Capítulo sem número detectado: 'capitulo  (56)' — pulando...
[2025-10-08 13:47:04,682] WARNING: [!] Capítulo sem número detectado: 'capitulo  (55)' — pulando...
[2025-10-08 13:47:04,683] WARNING: [!] Capítulo sem número detectado: 'capitulo  (54)' — pulando...
[2025-10-08 13:47:04,683] WARNING: [!] Capítulo sem número detectado: 'capitulo  (53)' — pulando...
[2025-10-08 13:47:04,683] WARNING: [!] Capítulo sem número detectado: 'capitulo  (52)' — pulando...
[2025-10-08 13:47:04,683] WARNING: [!] Capítulo sem número detectado: 'capitulo  (51)' — pulando...
[2025-10-08 13:47:04,683] WARNING: [!] Capítulo sem número detectado: 'capitulo  (50)' — pulando...
[2025-10-08 13:47:04,683] WARNING: [!] Capítulo sem número detectado: 'capitulo  (49)' — pulando...
[2025-10-08 13:47:04,683] WARNING: [!] Capítulo sem número detectado: 'capitulo  (48)' — pulando...
[2025-10-08 13:47:04,683] WARNING: [!] Capítulo sem número detectado: 'capitulo  (47)' — pulando...
[2025-10-08 13:47:04,683] WARNING: [!] Capítulo sem número detectado: 'capitulo  (46)' — pulando...
[2025-10-08 13:47:04,684] WARNING: [!] Capítulo sem número detectado: 'capitulo  (45)' — pulando...
[2025-10-08 13:47:04,684] WARNING: [!] Capítulo sem número detectado: 'capitulo  (44)' — pulando...
[2025-10-08 13:47:04,684] WARNING: [!] Capítulo sem número detectado: 'capitulo  (43)' — pulando...
[2025-10-08 13:47:04,684] WARNING: [!] Capítulo sem número detectado: 'capitulo  (42)' — pulando...
[2025-10-08 13:47:04,684] WARNING: [!] Capítulo sem número detectado: 'capitulo  (41)' — pulando...
[2025-10-08 13:47:04,684] WARNING: [!] Capítulo sem número detectado: 'capitulo  (40)' — pulando...
[2025-10-08 13:47:04,684] WARNING: [!] Capítulo sem número detectado: 'capitulo  (39)' — pulando...
[2025-10-08 13:47:04,684] WARNING: [!] Capítulo sem número detectado: 'capitulo  (38)' — pulando...
[2025-10-08 13:47:04,684] WARNING: [!] Capítulo sem número detectado: 'capitulo  (37)' — pulando...
[2025-10-08 13:47:04,685] WARNING: [!] Capítulo sem número detectado: 'capitulo  (36)' — pulando...
[2025-10-08 13:47:04,685] WARNING: [!] Capítulo sem número detectado: 'capitulo  (35)' — pulando...
[2025-10-08 13:47:04,685] WARNING: [!] Capítulo sem número detectado: 'capitulo  (34)' — pulando...
[2025-10-08 13:47:04,685] WARNING: [!] Capítulo sem número detectado: 'capitulo  (33)' — pulando...
[2025-10-08 13:47:04,685] WARNING: [!] Capítulo sem número detectado: 'capitulo  (32)' — pulando...
[2025-10-08 13:47:04,685] WARNING: [!] Capítulo sem número detectado: 'capitulo  (31)' — pulando...
[2025-10-08 13:47:04,685] WARNING: [!] Capítulo sem número detectado: 'capitulo  (30)' — pulando...
[2025-10-08 13:47:04,685] WARNING: [!] Capítulo sem número detectado: 'capitulo  (29)' — pulando...
[2025-10-08 13:47:04,685] WARNING: [!] Capítulo sem número detectado: 'capitulo  (28)' — pulando...
[2025-10-08 13:47:04,686] WARNING: [!] Capítulo sem número detectado: 'capitulo  (27)' — pulando...
[2025-10-08 13:47:04,686] WARNING: [!] Capítulo sem número detectado: 'capitulo  (26)' — pulando...
[2025-10-08 13:47:04,686] WARNING: [!] Capítulo sem número detectado: 'capitulo  (25)' — pulando...
[2025-10-08 13:47:04,686] WARNING: [!] Capítulo sem número detectado: 'capitulo  (24)' — pulando...
[2025-10-08 13:47:04,686] WARNING: [!] Capítulo sem número detectado: 'capitulo  (23)' — pulando...
[2025-10-08 13:47:04,686] WARNING: [!] Capítulo sem número detectado: 'capitulo  (22)' — pulando...
[2025-10-08 13:47:04,686] WARNING: [!] Capítulo sem número detectado: 'capitulo  (21)' — pulando...
[2025-10-08 13:47:04,686] WARNING: [!] Capítulo sem número detectado: 'capitulo  (20)' — pulando...
[2025-10-08 13:47:04,686] WARNING: [!] Capítulo sem número detectado: 'capitulo  (19)' — pulando...
[2025-10-08 13:47:04,686] WARNING: [!] Capítulo sem número detectado: 'capitulo  (18)' — pulando...
[2025-10-08 13:47:04,687] WARNING: [!] Capítulo sem número detectado: 'capitulo  (17)' — pulando...
[2025-10-08 13:47:04,687] WARNING: [!] Capítulo sem número detectado: 'capitulo  (16)' — pulando...
[2025-10-08 13:47:04,687] WARNING: [!] Capítulo sem número detectado: 'capitulo  (15)' — pulando...
[2025-10-08 13:47:04,687] WARNING: [!] Capítulo sem número detectado: 'capitulo  (14)' — pulando...
[2025-10-08 13:47:04,687] WARNING: [!] Capítulo sem número detectado: 'capitulo  (13)' — pulando...
[2025-10-08 13:47:04,687] WARNING: [!] Capítulo sem número detectado: 'capitulo  (12)' — pulando...
[2025-10-08 13:47:04,687] WARNING: [!] Capítulo sem número detectado: 'capitulo  (11)' — pulando...
[2025-10-08 13:47:04,687] WARNING: [!] Capítulo sem número detectado: 'capitulo  (10)' — pulando...
[2025-10-08 13:47:04,687] WARNING: [!] Capítulo sem número detectado: 'capitulo  (9)' — pulando...
[2025-10-08 13:47:04,688] WARNING: [!] Capítulo sem número detectado: 'capitulo  (8)' — pulando...
[2025-10-08 13:47:04,688] WARNING: [!] Capítulo sem número detectado: 'capitulo  (7)' — pulando...
[2025-10-08 13:47:04,688] WARNING: [!] Capítulo sem número detectado: 'capitulo  (6)' — pulando...
[2025-10-08 13:47:04,688] WARNING: [!] Capítulo sem número detectado: 'capitulo  (5)' — pulando...
[2025-10-08 13:47:04,688] WARNING: [!] Capítulo sem número detectado: 'capitulo  (4)' — pulando...
[2025-10-08 13:47:04,688] WARNING: [!] Capítulo sem número detectado: 'capitulo  (3)' — pulando...
[2025-10-08 13:47:04,688] WARNING: [!] Capítulo sem número detectado: 'capitulo  (2)' — pulando...
[2025-10-08 13:47:04,688] WARNING: [!] Capítulo sem número detectado: 'capitulo  (1)' — pulando...
[2025-10-08 13:47:04,688] INFO: [*] Total de capítulos extraídos: 81
[2025-10-08 13:47:04,689] INFO: [!] Capítulo 242 já existente em 'Blue Lock'.
[2025-10-08 13:47:04,689] INFO: [!] Capítulo 243 já existente em 'Blue Lock'.
[2025-10-08 13:47:04,689] INFO: [!] Capítulo 244 já existente em 'Blue Lock'.
[2025-10-08 13:47:04,689] INFO: [!] Capítulo 245 já existente em 'Blue Lock'.
[2025-10-08 13:47:04,689] INFO: [!] Capítulo 246 já existente em 'Blue Lock'.
[2025-10-08 13:47:04,689] INFO: [!] Capítulo 247 já existente em 'Blue Lock'.
[2025-10-08 13:47:04,689] INFO: [!] Capítulo 248 já existente em 'Blue Lock'.
[2025-10-08 13:47:04,689] INFO: [!] Capítulo 249 já existente em 'Blue Lock'.
[2025-10-08 13:47:04,689] INFO: [!] Capítulo 250 já existente em 'Blue Lock'.
[2025-10-08 13:47:04,689] INFO: [!] Capítulo 251 já existente em 'Blue Lock'.
[2025-10-08 13:47:04,689] INFO: [!] Capítulo 252 já existente em 'Blue Lock'.
[2025-10-08 13:47:04,689] INFO: [!] Capítulo 253 já existente em 'Blue Lock'.
[2025-10-08 13:47:04,689] INFO: [!] Capítulo 254 já existente em 'Blue Lock'.
[2025-10-08 13:47:04,689] INFO: [!] Capítulo 255 já existente em 'Blue Lock'.
[2025-10-08 13:47:04,689] INFO: [!] Capítulo 256 já existente em 'Blue Lock'.
[2025-10-08 13:47:04,689] INFO: [!] Capítulo 257 já existente em 'Blue Lock'.
[2025-10-08 13:47:04,689] INFO: [!] Capítulo 258 já existente em 'Blue Lock'.
[2025-10-08 13:47:04,689] INFO: [!] Capítulo 259 já existente em 'Blue Lock'.
[2025-10-08 13:47:04,689] INFO: [!] Capítulo 260 já existente em 'Blue Lock'.
[2025-10-08 13:47:04,689] INFO: [!] Capítulo 261 já existente em 'Blue Lock'.
[2025-10-08 13:47:04,690] INFO: [!] Capítulo 262 já existente em 'Blue Lock'.
[2025-10-08 13:47:04,690] INFO: [!] Capítulo 263 já existente em 'Blue Lock'.
[2025-10-08 13:47:04,690] INFO: [!] Capítulo 264 já existente em 'Blue Lock'.
[2025-10-08 13:47:04,690] INFO: [!] Capítulo 265 já existente em 'Blue Lock'.
[2025-10-08 13:47:04,690] INFO: [!] Capítulo 266 já existente em 'Blue Lock'.
[2025-10-08 13:47:04,690] INFO: [!] Capítulo 267 já existente em 'Blue Lock'.
[2025-10-08 13:47:04,690] INFO: [!] Capítulo 268 já existente em 'Blue Lock'.
[2025-10-08 13:47:04,690] INFO: [!] Capítulo 269 já existente em 'Blue Lock'.
[2025-10-08 13:47:04,690] INFO: [!] Capítulo 270 já existente em 'Blue Lock'.
[2025-10-08 13:47:04,690] INFO: [!] Capítulo 271 já existente em 'Blue Lock'.
[2025-10-08 13:47:04,690] INFO: [!] Capítulo 272 já existente em 'Blue Lock'.
[2025-10-08 13:47:04,690] INFO: [!] Capítulo 273 já existente em 'Blue Lock'.
[2025-10-08 13:47:04,690] INFO: [!] Capítulo 274 já existente em 'Blue Lock'.
[2025-10-08 13:47:04,690] INFO: [!] Capítulo 275 já existente em 'Blue Lock'.
[2025-10-08 13:47:04,690] INFO: [!] Capítulo 276 já existente em 'Blue Lock'.
[2025-10-08 13:47:04,690] INFO: [!] Capítulo 277 já existente em 'Blue Lock'.
[2025-10-08 13:47:04,690] INFO: [!] Capítulo 278 já existente em 'Blue Lock'.
[2025-10-08 13:47:04,690] INFO: [!] Capítulo 279 já existente em 'Blue Lock'.
[2025-10-08 13:47:04,690] INFO: [!] Capítulo 280 já existente em 'Blue Lock'.
[2025-10-08 13:47:04,691] INFO: [!] Capítulo 281 já existente em 'Blue Lock'.
[2025-10-08 13:47:04,691] INFO: [!] Capítulo 282 já existente em 'Blue Lock'.
[2025-10-08 13:47:04,691] INFO: [!] Capítulo 283 já existente em 'Blue Lock'.
[2025-10-08 13:47:04,691] INFO: [!] Capítulo 284 já existente em 'Blue Lock'.
[2025-10-08 13:47:04,691] INFO: [!] Capítulo 285 já existente em 'Blue Lock'.
[2025-10-08 13:47:04,691] INFO: [!] Capítulo 286 já existente em 'Blue Lock'.
[2025-10-08 13:47:04,691] INFO: [!] Capítulo 287 já existente em 'Blue Lock'.
[2025-10-08 13:47:04,691] INFO: [!] Capítulo 288 já existente em 'Blue Lock'.
[2025-10-08 13:47:04,691] INFO: [!] Capítulo 288.2 já existente em 'Blue Lock'.
[2025-10-08 13:47:04,691] INFO: [!] Capítulo 289 já existente em 'Blue Lock'.
[2025-10-08 13:47:04,691] INFO: [!] Capítulo 290 já existente em 'Blue Lock'.
[2025-10-08 13:47:04,691] INFO: [!] Capítulo 291 já existente em 'Blue Lock'.
[2025-10-08 13:47:04,691] INFO: [!] Capítulo 292 já existente em 'Blue Lock'.
[2025-10-08 13:47:04,691] INFO: [!] Capítulo 293 já existente em 'Blue Lock'.
[2025-10-08 13:47:04,691] INFO: [!] Capítulo 294 já existente em 'Blue Lock'.
[2025-10-08 13:47:04,691] INFO: [!] Capítulo 295 já existente em 'Blue Lock'.
[2025-10-08 13:47:04,691] INFO: [!] Capítulo 296 já existente em 'Blue Lock'.
[2025-10-08 13:47:04,691] INFO: [!] Capítulo 297 já existente em 'Blue Lock'.
[2025-10-08 13:47:04,691] INFO: [!] Capítulo 298 já existente em 'Blue Lock'.
[2025-10-08 13:47:04,691] INFO: [!] Capítulo 299 já existente em 'Blue Lock'.
[2025-10-08 13:47:04,692] INFO: [!] Capítulo 300 já existente em 'Blue Lock'.
[2025-10-08 13:47:04,692] INFO: [!] Capítulo 301 já existente em 'Blue Lock'.
[2025-10-08 13:47:04,692] INFO: [!] Capítulo 302 já existente em 'Blue Lock'.
[2025-10-08 13:47:04,692] INFO: [!] Capítulo 303 já existente em 'Blue Lock'.
[2025-10-08 13:47:04,692] INFO: [!] Capítulo 304 já existente em 'Blue Lock'.
[2025-10-08 13:47:04,692] INFO: [!] Capítulo 305 já existente em 'Blue Lock'.
[2025-10-08 13:47:04,692] INFO: [!] Capítulo 306 já existente em 'Blue Lock'.
[2025-10-08 13:47:04,692] INFO: [!] Capítulo 307 já existente em 'Blue Lock'.
[2025-10-08 13:47:04,692] INFO: [!] Capítulo 308 já existente em 'Blue Lock'.
[2025-10-08 13:47:04,692] INFO: [!] Capítulo 309 já existente em 'Blue Lock'.
[2025-10-08 13:47:04,692] INFO: [!] Capítulo 310 já existente em 'Blue Lock'.
[2025-10-08 13:47:04,692] INFO: [!] Capítulo 311 já existente em 'Blue Lock'.
[2025-10-08 13:47:04,692] INFO: [!] Capítulo 312 já existente em 'Blue Lock'.
[2025-10-08 13:47:04,692] INFO: [!] Capítulo 313 já existente em 'Blue Lock'.
[2025-10-08 13:47:04,692] INFO: [!] Capítulo 314.1 já existente em 'Blue Lock'.
[2025-10-08 13:47:04,692] INFO: [!] Capítulo 314.2 já existente em 'Blue Lock'.
[2025-10-08 13:47:04,692] INFO: [!] Capítulo 315 já existente em 'Blue Lock'.
[2025-10-08 13:47:04,692] INFO: [!] Capítulo 316 já existente em 'Blue Lock'.
[2025-10-08 13:47:04,692] INFO: [!] Capítulo 317 já existente em 'Blue Lock'.
[2025-10-08 13:47:04,693] INFO: [!] Capítulo 318 já existente em 'Blue Lock'.
[2025-10-08 13:47:04,693] INFO: [!] Capítulo 319 já existente em 'Blue Lock'.
[2025-10-08 13:47:04,693] INFO: [!] Capítulo 320 já existente em 'Blue Lock'.
[2025-10-08 13:47:04,760] INFO: [*] Buscando capítulos pela url: https://mangaonline.blog/manga/eleceed/
[2025-10-08 13:47:04,931] INFO: [*] Capítulos encontrados: 281
[2025-10-08 13:47:04,943] INFO: [*] Total de capítulos extraídos: 281
[2025-10-08 13:47:04,944] INFO: [!] Capítulo 1 já existente em 'Eleceed'.
[2025-10-08 13:47:04,944] INFO: [!] Capítulo 2 já existente em 'Eleceed'.
[2025-10-08 13:47:04,944] INFO: [!] Capítulo 3 já existente em 'Eleceed'.
[2025-10-08 13:47:04,944] INFO: [!] Capítulo 4 já existente em 'Eleceed'.
[2025-10-08 13:47:04,944] INFO: [!] Capítulo 5 já existente em 'Eleceed'.
[2025-10-08 13:47:04,944] INFO: [!] Capítulo 6 já existente em 'Eleceed'.
[2025-10-08 13:47:04,944] INFO: [!] Capítulo 7 já existente em 'Eleceed'.
[2025-10-08 13:47:04,944] INFO: [!] Capítulo 8 já existente em 'Eleceed'.
[2025-10-08 13:47:04,944] INFO: [!] Capítulo 9 já existente em 'Eleceed'.
[2025-10-08 13:47:04,944] INFO: [!] Capítulo 10 já existente em 'Eleceed'.
[2025-10-08 13:47:04,944] INFO: [!] Capítulo 11 já existente em 'Eleceed'.
[2025-10-08 13:47:04,944] INFO: [!] Capítulo 12 já existente em 'Eleceed'.
[2025-10-08 13:47:04,944] INFO: [!] Capítulo 13 já existente em 'Eleceed'.
[2025-10-08 13:47:04,944] INFO: [!] Capítulo 14 já existente em 'Eleceed'.
[2025-10-08 13:47:04,944] INFO: [!] Capítulo 15 já existente em 'Eleceed'.
[2025-10-08 13:47:04,944] INFO: [!] Capítulo 16 já existente em 'Eleceed'.
[2025-10-08 13:47:04,945] INFO: [!] Capítulo 17 já existente em 'Eleceed'.
[2025-10-08 13:47:04,945] INFO: [!] Capítulo 18 já existente em 'Eleceed'.
[2025-10-08 13:47:04,945] INFO: [!] Capítulo 19 já existente em 'Eleceed'.
[2025-10-08 13:47:04,945] INFO: [!] Capítulo 20 já existente em 'Eleceed'.
[2025-10-08 13:47:04,945] INFO: [!] Capítulo 21 já existente em 'Eleceed'.
[2025-10-08 13:47:04,945] INFO: [!] Capítulo 22 já existente em 'Eleceed'.
[2025-10-08 13:47:04,945] INFO: [!] Capítulo 23 já existente em 'Eleceed'.
[2025-10-08 13:47:04,945] INFO: [!] Capítulo 24 já existente em 'Eleceed'.
[2025-10-08 13:47:04,945] INFO: [!] Capítulo 25 já existente em 'Eleceed'.
[2025-10-08 13:47:04,945] INFO: [!] Capítulo 26 já existente em 'Eleceed'.
[2025-10-08 13:47:04,945] INFO: [!] Capítulo 27 já existente em 'Eleceed'.
[2025-10-08 13:47:04,945] INFO: [!] Capítulo 28 já existente em 'Eleceed'.
[2025-10-08 13:47:04,945] INFO: [!] Capítulo 29 já existente em 'Eleceed'.
[2025-10-08 13:47:04,945] INFO: [!] Capítulo 30 já existente em 'Eleceed'.
[2025-10-08 13:47:04,945] INFO: [!] Capítulo 31 já existente em 'Eleceed'.
[2025-10-08 13:47:04,945] INFO: [!] Capítulo 32 já existente em 'Eleceed'.
[2025-10-08 13:47:04,945] INFO: [!] Capítulo 33 já existente em 'Eleceed'.
[2025-10-08 13:47:04,945] INFO: [!] Capítulo 34 já existente em 'Eleceed'.
[2025-10-08 13:47:04,945] INFO: [!] Capítulo 35 já existente em 'Eleceed'.
[2025-10-08 13:47:04,946] INFO: [!] Capítulo 36 já existente em 'Eleceed'.
[2025-10-08 13:47:04,946] INFO: [!] Capítulo 37 já existente em 'Eleceed'.
[2025-10-08 13:47:04,946] INFO: [!] Capítulo 38 já existente em 'Eleceed'.
[2025-10-08 13:47:04,946] INFO: [!] Capítulo 39 já existente em 'Eleceed'.
[2025-10-08 13:47:04,946] INFO: [!] Capítulo 40 já existente em 'Eleceed'.
[2025-10-08 13:47:04,946] INFO: [!] Capítulo 41 já existente em 'Eleceed'.
[2025-10-08 13:47:04,946] INFO: [!] Capítulo 42 já existente em 'Eleceed'.
[2025-10-08 13:47:04,946] INFO: [!] Capítulo 43 já existente em 'Eleceed'.
[2025-10-08 13:47:04,946] INFO: [!] Capítulo 44 já existente em 'Eleceed'.
[2025-10-08 13:47:04,946] INFO: [!] Capítulo 45 já existente em 'Eleceed'.
[2025-10-08 13:47:04,946] INFO: [!] Capítulo 46 já existente em 'Eleceed'.
[2025-10-08 13:47:04,946] INFO: [!] Capítulo 47 já existente em 'Eleceed'.
[2025-10-08 13:47:04,946] INFO: [!] Capítulo 48 já existente em 'Eleceed'.
[2025-10-08 13:47:04,946] INFO: [!] Capítulo 49 já existente em 'Eleceed'.
[2025-10-08 13:47:04,946] INFO: [!] Capítulo 50 já existente em 'Eleceed'.
[2025-10-08 13:47:04,946] INFO: [!] Capítulo 51 já existente em 'Eleceed'.
[2025-10-08 13:47:04,946] INFO: [!] Capítulo 52 já existente em 'Eleceed'.
[2025-10-08 13:47:04,946] INFO: [!] Capítulo 53 já existente em 'Eleceed'.
[2025-10-08 13:47:04,947] INFO: [!] Capítulo 54 já existente em 'Eleceed'.
[2025-10-08 13:47:04,947] INFO: [!] Capítulo 55 já existente em 'Eleceed'.
[2025-10-08 13:47:04,947] INFO: [!] Capítulo 56 já existente em 'Eleceed'.
[2025-10-08 13:47:04,947] INFO: [!] Capítulo 57 já existente em 'Eleceed'.
[2025-10-08 13:47:04,947] INFO: [!] Capítulo 58 já existente em 'Eleceed'.
[2025-10-08 13:47:04,947] INFO: [!] Capítulo 59 já existente em 'Eleceed'.
[2025-10-08 13:47:04,947] INFO: [!] Capítulo 60 já existente em 'Eleceed'.
[2025-10-08 13:47:04,947] INFO: [!] Capítulo 61 já existente em 'Eleceed'.
[2025-10-08 13:47:04,947] INFO: [!] Capítulo 62 já existente em 'Eleceed'.
[2025-10-08 13:47:04,947] INFO: [!] Capítulo 63 já existente em 'Eleceed'.
[2025-10-08 13:47:04,947] INFO: [!] Capítulo 64 já existente em 'Eleceed'.
[2025-10-08 13:47:04,947] INFO: [!] Capítulo 65 já existente em 'Eleceed'.
[2025-10-08 13:47:04,947] INFO: [!] Capítulo 66 já existente em 'Eleceed'.
[2025-10-08 13:47:04,947] INFO: [!] Capítulo 67 já existente em 'Eleceed'.
[2025-10-08 13:47:04,947] INFO: [!] Capítulo 68 já existente em 'Eleceed'.
[2025-10-08 13:47:04,947] INFO: [!] Capítulo 69 já existente em 'Eleceed'.
[2025-10-08 13:47:04,947] INFO: [!] Capítulo 70 já existente em 'Eleceed'.
[2025-10-08 13:47:04,947] INFO: [!] Capítulo 71 já existente em 'Eleceed'.
[2025-10-08 13:47:04,947] INFO: [!] Capítulo 72 já existente em 'Eleceed'.
[2025-10-08 13:47:04,948] INFO: [!] Capítulo 73 já existente em 'Eleceed'.
[2025-10-08 13:47:04,948] INFO: [!] Capítulo 74 já existente em 'Eleceed'.
[2025-10-08 13:47:04,948] INFO: [!] Capítulo 75 já existente em 'Eleceed'.
[2025-10-08 13:47:04,948] INFO: [!] Capítulo 76 já existente em 'Eleceed'.
[2025-10-08 13:47:04,948] INFO: [!] Capítulo 77 já existente em 'Eleceed'.
[2025-10-08 13:47:04,948] INFO: [!] Capítulo 78 já existente em 'Eleceed'.
[2025-10-08 13:47:04,948] INFO: [!] Capítulo 79 já existente em 'Eleceed'.
[2025-10-08 13:47:04,948] INFO: [!] Capítulo 80 já existente em 'Eleceed'.
[2025-10-08 13:47:04,948] INFO: [!] Capítulo 81 já existente em 'Eleceed'.
[2025-10-08 13:47:04,948] INFO: [!] Capítulo 82 já existente em 'Eleceed'.
[2025-10-08 13:47:04,948] INFO: [!] Capítulo 83 já existente em 'Eleceed'.
[2025-10-08 13:47:04,948] INFO: [!] Capítulo 84 já existente em 'Eleceed'.
[2025-10-08 13:47:04,948] INFO: [!] Capítulo 85 já existente em 'Eleceed'.
[2025-10-08 13:47:04,948] INFO: [!] Capítulo 86 já existente em 'Eleceed'.
[2025-10-08 13:47:04,948] INFO: [!] Capítulo 87 já existente em 'Eleceed'.
[2025-10-08 13:47:04,948] INFO: [!] Capítulo 88 já existente em 'Eleceed'.
[2025-10-08 13:47:04,948] INFO: [!] Capítulo 89 já existente em 'Eleceed'.
[2025-10-08 13:47:04,948] INFO: [!] Capítulo 90 já existente em 'Eleceed'.
[2025-10-08 13:47:04,948] INFO: [!] Capítulo 91 já existente em 'Eleceed'.
[2025-10-08 13:47:04,948] INFO: [!] Capítulo 92 já existente em 'Eleceed'.
[2025-10-08 13:47:04,948] INFO: [!] Capítulo 93 já existente em 'Eleceed'.
[2025-10-08 13:47:04,949] INFO: [!] Capítulo 94 já existente em 'Eleceed'.
[2025-10-08 13:47:04,949] INFO: [!] Capítulo 95 já existente em 'Eleceed'.
[2025-10-08 13:47:04,949] INFO: [!] Capítulo 96 já existente em 'Eleceed'.
[2025-10-08 13:47:04,949] INFO: [!] Capítulo 97 já existente em 'Eleceed'.
[2025-10-08 13:47:04,949] INFO: [!] Capítulo 98 já existente em 'Eleceed'.
[2025-10-08 13:47:04,949] INFO: [!] Capítulo 99 já existente em 'Eleceed'.
[2025-10-08 13:47:04,949] INFO: [!] Capítulo 100 já existente em 'Eleceed'.
[2025-10-08 13:47:04,949] INFO: [!] Capítulo 101 já existente em 'Eleceed'.
[2025-10-08 13:47:04,949] INFO: [!] Capítulo 102 já existente em 'Eleceed'.
[2025-10-08 13:47:04,949] INFO: [!] Capítulo 103 já existente em 'Eleceed'.
[2025-10-08 13:47:04,949] INFO: [!] Capítulo 104 já existente em 'Eleceed'.
[2025-10-08 13:47:04,949] INFO: [!] Capítulo 105 já existente em 'Eleceed'.
[2025-10-08 13:47:04,949] INFO: [!] Capítulo 106 já existente em 'Eleceed'.
[2025-10-08 13:47:04,949] INFO: [!] Capítulo 107 já existente em 'Eleceed'.
[2025-10-08 13:47:04,949] INFO: [!] Capítulo 108 já existente em 'Eleceed'.
[2025-10-08 13:47:04,949] INFO: [!] Capítulo 109 já existente em 'Eleceed'.
[2025-10-08 13:47:04,949] INFO: [!] Capítulo 110 já existente em 'Eleceed'.
[2025-10-08 13:47:04,949] INFO: [!] Capítulo 111 já existente em 'Eleceed'.
[2025-10-08 13:47:04,949] INFO: [!] Capítulo 112 já existente em 'Eleceed'.
[2025-10-08 13:47:04,949] INFO: [!] Capítulo 113 já existente em 'Eleceed'.
[2025-10-08 13:47:04,950] INFO: [!] Capítulo 114 já existente em 'Eleceed'.
[2025-10-08 13:47:04,950] INFO: [!] Capítulo 115 já existente em 'Eleceed'.
[2025-10-08 13:47:04,950] INFO: [!] Capítulo 116 já existente em 'Eleceed'.
[2025-10-08 13:47:04,950] INFO: [!] Capítulo 117 já existente em 'Eleceed'.
[2025-10-08 13:47:04,950] INFO: [!] Capítulo 118 já existente em 'Eleceed'.
[2025-10-08 13:47:04,950] INFO: [!] Capítulo 119 já existente em 'Eleceed'.
[2025-10-08 13:47:04,950] INFO: [!] Capítulo 120 já existente em 'Eleceed'.
[2025-10-08 13:47:04,950] INFO: [!] Capítulo 121 já existente em 'Eleceed'.
[2025-10-08 13:47:04,950] INFO: [!] Capítulo 122 já existente em 'Eleceed'.
[2025-10-08 13:47:04,950] INFO: [!] Capítulo 123 já existente em 'Eleceed'.
[2025-10-08 13:47:04,950] INFO: [!] Capítulo 124 já existente em 'Eleceed'.
[2025-10-08 13:47:04,950] INFO: [!] Capítulo 125 já existente em 'Eleceed'.
[2025-10-08 13:47:04,950] INFO: [!] Capítulo 126 já existente em 'Eleceed'.
[2025-10-08 13:47:04,950] INFO: [!] Capítulo 127 já existente em 'Eleceed'.
[2025-10-08 13:47:04,950] INFO: [!] Capítulo 128 já existente em 'Eleceed'.
[2025-10-08 13:47:04,950] INFO: [!] Capítulo 129 já existente em 'Eleceed'.
[2025-10-08 13:47:04,950] INFO: [!] Capítulo 130 já existente em 'Eleceed'.
[2025-10-08 13:47:04,950] INFO: [!] Capítulo 131 já existente em 'Eleceed'.
[2025-10-08 13:47:04,950] INFO: [!] Capítulo 132 já existente em 'Eleceed'.
[2025-10-08 13:47:04,950] INFO: [!] Capítulo 133 já existente em 'Eleceed'.
[2025-10-08 13:47:04,951] INFO: [!] Capítulo 134 já existente em 'Eleceed'.
[2025-10-08 13:47:04,951] INFO: [!] Capítulo 135 já existente em 'Eleceed'.
[2025-10-08 13:47:04,951] INFO: [!] Capítulo 136 já existente em 'Eleceed'.
[2025-10-08 13:47:04,951] INFO: [!] Capítulo 137 já existente em 'Eleceed'.
[2025-10-08 13:47:04,951] INFO: [!] Capítulo 138 já existente em 'Eleceed'.
[2025-10-08 13:47:04,951] INFO: [!] Capítulo 139 já existente em 'Eleceed'.
[2025-10-08 13:47:04,951] INFO: [!] Capítulo 140 já existente em 'Eleceed'.
[2025-10-08 13:47:04,951] INFO: [!] Capítulo 141 já existente em 'Eleceed'.
[2025-10-08 13:47:04,951] INFO: [!] Capítulo 142 já existente em 'Eleceed'.
[2025-10-08 13:47:04,951] INFO: [!] Capítulo 143 já existente em 'Eleceed'.
[2025-10-08 13:47:04,951] INFO: [!] Capítulo 144 já existente em 'Eleceed'.
[2025-10-08 13:47:04,951] INFO: [!] Capítulo 145 já existente em 'Eleceed'.
[2025-10-08 13:47:04,951] INFO: [!] Capítulo 146 já existente em 'Eleceed'.
[2025-10-08 13:47:04,951] INFO: [!] Capítulo 147 já existente em 'Eleceed'.
[2025-10-08 13:47:04,951] INFO: [!] Capítulo 148 já existente em 'Eleceed'.
[2025-10-08 13:47:04,951] INFO: [!] Capítulo 149 já existente em 'Eleceed'.
[2025-10-08 13:47:04,951] INFO: [!] Capítulo 150 já existente em 'Eleceed'.
[2025-10-08 13:47:04,951] INFO: [!] Capítulo 151 já existente em 'Eleceed'.
[2025-10-08 13:47:04,951] INFO: [!] Capítulo 152 já existente em 'Eleceed'.
[2025-10-08 13:47:04,951] INFO: [!] Capítulo 153 já existente em 'Eleceed'.
[2025-10-08 13:47:04,951] INFO: [!] Capítulo 154 já existente em 'Eleceed'.
[2025-10-08 13:47:04,952] INFO: [!] Capítulo 155 já existente em 'Eleceed'.
[2025-10-08 13:47:04,952] INFO: [!] Capítulo 156 já existente em 'Eleceed'.
[2025-10-08 13:47:04,952] INFO: [!] Capítulo 157 já existente em 'Eleceed'.
[2025-10-08 13:47:04,952] INFO: [!] Capítulo 158 já existente em 'Eleceed'.
[2025-10-08 13:47:04,952] INFO: [!] Capítulo 159 já existente em 'Eleceed'.
[2025-10-08 13:47:04,952] INFO: [!] Capítulo 160 já existente em 'Eleceed'.
[2025-10-08 13:47:04,952] INFO: [!] Capítulo 161 já existente em 'Eleceed'.
[2025-10-08 13:47:04,952] INFO: [!] Capítulo 162 já existente em 'Eleceed'.
[2025-10-08 13:47:04,952] INFO: [!] Capítulo 163 já existente em 'Eleceed'.
[2025-10-08 13:47:04,952] INFO: [!] Capítulo 164 já existente em 'Eleceed'.
[2025-10-08 13:47:04,952] INFO: [!] Capítulo 165 já existente em 'Eleceed'.
[2025-10-08 13:47:04,952] INFO: [!] Capítulo 166 já existente em 'Eleceed'.
[2025-10-08 13:47:04,952] INFO: [!] Capítulo 167 já existente em 'Eleceed'.
[2025-10-08 13:47:04,952] INFO: [!] Capítulo 168 já existente em 'Eleceed'.
[2025-10-08 13:47:04,952] INFO: [!] Capítulo 169 já existente em 'Eleceed'.
[2025-10-08 13:47:04,952] INFO: [!] Capítulo 170 já existente em 'Eleceed'.
[2025-10-08 13:47:04,952] INFO: [!] Capítulo 171 já existente em 'Eleceed'.
[2025-10-08 13:47:04,952] INFO: [!] Capítulo 172 já existente em 'Eleceed'.
[2025-10-08 13:47:04,952] INFO: [!] Capítulo 173 já existente em 'Eleceed'.
[2025-10-08 13:47:04,952] INFO: [!] Capítulo 174 já existente em 'Eleceed'.
[2025-10-08 13:47:04,953] INFO: [!] Capítulo 175 já existente em 'Eleceed'.
[2025-10-08 13:47:04,953] INFO: [!] Capítulo 176 já existente em 'Eleceed'.
[2025-10-08 13:47:04,953] INFO: [!] Capítulo 177 já existente em 'Eleceed'.
[2025-10-08 13:47:04,953] INFO: [!] Capítulo 178 já existente em 'Eleceed'.
[2025-10-08 13:47:04,953] INFO: [!] Capítulo 179 já existente em 'Eleceed'.
[2025-10-08 13:47:04,953] INFO: [!] Capítulo 180 já existente em 'Eleceed'.
[2025-10-08 13:47:04,953] INFO: [!] Capítulo 181 já existente em 'Eleceed'.
[2025-10-08 13:47:04,953] INFO: [!] Capítulo 182 já existente em 'Eleceed'.
[2025-10-08 13:47:04,953] INFO: [!] Capítulo 183 já existente em 'Eleceed'.
[2025-10-08 13:47:04,953] INFO: [!] Capítulo 184 já existente em 'Eleceed'.
[2025-10-08 13:47:04,953] INFO: [!] Capítulo 185 já existente em 'Eleceed'.
[2025-10-08 13:47:04,953] INFO: [!] Capítulo 186 já existente em 'Eleceed'.
[2025-10-08 13:47:04,953] INFO: [!] Capítulo 187 já existente em 'Eleceed'.
[2025-10-08 13:47:04,953] INFO: [!] Capítulo 188 já existente em 'Eleceed'.
[2025-10-08 13:47:04,953] INFO: [!] Capítulo 189 já existente em 'Eleceed'.
[2025-10-08 13:47:04,953] INFO: [!] Capítulo 190 já existente em 'Eleceed'.
[2025-10-08 13:47:04,953] INFO: [!] Capítulo 191 já existente em 'Eleceed'.
[2025-10-08 13:47:04,953] INFO: [!] Capítulo 192 já existente em 'Eleceed'.
[2025-10-08 13:47:04,953] INFO: [!] Capítulo 193 já existente em 'Eleceed'.
[2025-10-08 13:47:04,953] INFO: [!] Capítulo 194 já existente em 'Eleceed'.
[2025-10-08 13:47:04,953] INFO: [!] Capítulo 195 já existente em 'Eleceed'.
[2025-10-08 13:47:04,954] INFO: [!] Capítulo 196 já existente em 'Eleceed'.
[2025-10-08 13:47:04,954] INFO: [!] Capítulo 197 já existente em 'Eleceed'.
[2025-10-08 13:47:04,954] INFO: [!] Capítulo 198 já existente em 'Eleceed'.
[2025-10-08 13:47:04,954] INFO: [!] Capítulo 199 já existente em 'Eleceed'.
[2025-10-08 13:47:04,954] INFO: [!] Capítulo 200 já existente em 'Eleceed'.
[2025-10-08 13:47:04,954] INFO: [!] Capítulo 201 já existente em 'Eleceed'.
[2025-10-08 13:47:04,954] INFO: [!] Capítulo 202 já existente em 'Eleceed'.
[2025-10-08 13:47:04,954] INFO: [!] Capítulo 203 já existente em 'Eleceed'.
[2025-10-08 13:47:04,954] INFO: [!] Capítulo 204 já existente em 'Eleceed'.
[2025-10-08 13:47:04,954] INFO: [!] Capítulo 205 já existente em 'Eleceed'.
[2025-10-08 13:47:04,954] INFO: [!] Capítulo 206 já existente em 'Eleceed'.
[2025-10-08 13:47:04,954] INFO: [!] Capítulo 207 já existente em 'Eleceed'.
[2025-10-08 13:47:04,954] INFO: [!] Capítulo 208 já existente em 'Eleceed'.
[2025-10-08 13:47:04,954] INFO: [!] Capítulo 209 já existente em 'Eleceed'.
[2025-10-08 13:47:04,954] INFO: [!] Capítulo 210 já existente em 'Eleceed'.
[2025-10-08 13:47:04,954] INFO: [!] Capítulo 300 já existente em 'Eleceed'.
[2025-10-08 13:47:04,954] INFO: [!] Capítulo 301 já existente em 'Eleceed'.
[2025-10-08 13:47:04,954] INFO: [!] Capítulo 302 já existente em 'Eleceed'.
[2025-10-08 13:47:04,954] INFO: [!] Capítulo 303 já existente em 'Eleceed'.
[2025-10-08 13:47:04,954] INFO: [!] Capítulo 304 já existente em 'Eleceed'.
[2025-10-08 13:47:04,955] INFO: [!] Capítulo 305 já existente em 'Eleceed'.
[2025-10-08 13:47:04,955] INFO: [!] Capítulo 306 já existente em 'Eleceed'.
[2025-10-08 13:47:04,955] INFO: [!] Capítulo 307 já existente em 'Eleceed'.
[2025-10-08 13:47:04,955] INFO: [!] Capítulo 308 já existente em 'Eleceed'.
[2025-10-08 13:47:04,955] INFO: [!] Capítulo 309 já existente em 'Eleceed'.
[2025-10-08 13:47:04,955] INFO: [!] Capítulo 310 já existente em 'Eleceed'.
[2025-10-08 13:47:04,955] INFO: [!] Capítulo 311 já existente em 'Eleceed'.
[2025-10-08 13:47:04,955] INFO: [!] Capítulo 313 já existente em 'Eleceed'.
[2025-10-08 13:47:04,955] INFO: [!] Capítulo 314 já existente em 'Eleceed'.
[2025-10-08 13:47:04,955] INFO: [!] Capítulo 315 já existente em 'Eleceed'.
[2025-10-08 13:47:04,955] INFO: [!] Capítulo 316 já existente em 'Eleceed'.
[2025-10-08 13:47:04,955] INFO: [!] Capítulo 317 já existente em 'Eleceed'.
[2025-10-08 13:47:04,955] INFO: [!] Capítulo 318 já existente em 'Eleceed'.
[2025-10-08 13:47:04,955] INFO: [!] Capítulo 319 já existente em 'Eleceed'.
[2025-10-08 13:47:04,955] INFO: [!] Capítulo 320 já existente em 'Eleceed'.
[2025-10-08 13:47:04,955] INFO: [!] Capítulo 321 já existente em 'Eleceed'.
[2025-10-08 13:47:04,955] INFO: [!] Capítulo 322 já existente em 'Eleceed'.
[2025-10-08 13:47:04,955] INFO: [!] Capítulo 323 já existente em 'Eleceed'.
[2025-10-08 13:47:04,955] INFO: [!] Capítulo 324 já existente em 'Eleceed'.
[2025-10-08 13:47:04,955] INFO: [!] Capítulo 325 já existente em 'Eleceed'.
[2025-10-08 13:47:04,955] INFO: [!] Capítulo 326 já existente em 'Eleceed'.
[2025-10-08 13:47:04,956] INFO: [!] Capítulo 327 já existente em 'Eleceed'.
[2025-10-08 13:47:04,956] INFO: [!] Capítulo 328 já existente em 'Eleceed'.
[2025-10-08 13:47:04,956] INFO: [!] Capítulo 329 já existente em 'Eleceed'.
[2025-10-08 13:47:04,956] INFO: [!] Capítulo 330 já existente em 'Eleceed'.
[2025-10-08 13:47:04,956] INFO: [!] Capítulo 331 já existente em 'Eleceed'.
[2025-10-08 13:47:04,956] INFO: [!] Capítulo 332 já existente em 'Eleceed'.
[2025-10-08 13:47:04,956] INFO: [!] Capítulo 333 já existente em 'Eleceed'.
[2025-10-08 13:47:04,956] INFO: [!] Capítulo 334 já existente em 'Eleceed'.
[2025-10-08 13:47:04,956] INFO: [!] Capítulo 335 já existente em 'Eleceed'.
[2025-10-08 13:47:04,956] INFO: [!] Capítulo 336 já existente em 'Eleceed'.
[2025-10-08 13:47:04,956] INFO: [!] Capítulo 337 já existente em 'Eleceed'.
[2025-10-08 13:47:04,956] INFO: [!] Capítulo 338 já existente em 'Eleceed'.
[2025-10-08 13:47:04,956] INFO: [!] Capítulo 339 já existente em 'Eleceed'.
[2025-10-08 13:47:04,956] INFO: [!] Capítulo 340 já existente em 'Eleceed'.
[2025-10-08 13:47:04,956] INFO: [!] Capítulo 341 já existente em 'Eleceed'.
[2025-10-08 13:47:04,956] INFO: [!] Capítulo 342 já existente em 'Eleceed'.
[2025-10-08 13:47:04,956] INFO: [!] Capítulo 343 já existente em 'Eleceed'.
[2025-10-08 13:47:04,956] INFO: [!] Capítulo 344 já existente em 'Eleceed'.
[2025-10-08 13:47:04,956] INFO: [!] Capítulo 345 já existente em 'Eleceed'.
[2025-10-08 13:47:04,956] INFO: [!] Capítulo 346 já existente em 'Eleceed'.
[2025-10-08 13:47:04,957] INFO: [!] Capítulo 347 já existente em 'Eleceed'.
[2025-10-08 13:47:04,957] INFO: [!] Capítulo 348 já existente em 'Eleceed'.
[2025-10-08 13:47:04,957] INFO: [!] Capítulo 349 já existente em 'Eleceed'.
[2025-10-08 13:47:04,957] INFO: [!] Capítulo 350 já existente em 'Eleceed'.
[2025-10-08 13:47:04,957] INFO: [!] Capítulo 351 já existente em 'Eleceed'.
[2025-10-08 13:47:04,957] INFO: [!] Capítulo 352 já existente em 'Eleceed'.
[2025-10-08 13:47:04,957] INFO: [!] Capítulo 353 já existente em 'Eleceed'.
[2025-10-08 13:47:04,957] INFO: [!] Capítulo 354 já existente em 'Eleceed'.
[2025-10-08 13:47:04,957] INFO: [!] Capítulo 355 já existente em 'Eleceed'.
[2025-10-08 13:47:04,957] INFO: [!] Capítulo 356 já existente em 'Eleceed'.
[2025-10-08 13:47:04,957] INFO: [!] Capítulo 357 já existente em 'Eleceed'.
[2025-10-08 13:47:04,957] INFO: [!] Capítulo 358 já existente em 'Eleceed'.
[2025-10-08 13:47:04,957] INFO: [!] Capítulo 359 já existente em 'Eleceed'.
[2025-10-08 13:47:04,957] INFO: [!] Capítulo 360 já existente em 'Eleceed'.
[2025-10-08 13:47:04,957] INFO: [!] Capítulo 361 já existente em 'Eleceed'.
[2025-10-08 13:47:04,957] INFO: [!] Capítulo 362 já existente em 'Eleceed'.
[2025-10-08 13:47:04,957] INFO: [!] Capítulo 363 já existente em 'Eleceed'.
[2025-10-08 13:47:04,957] INFO: [!] Capítulo 364 já existente em 'Eleceed'.
[2025-10-08 13:47:04,957] INFO: [!] Capítulo 365 já existente em 'Eleceed'.
[2025-10-08 13:47:04,957] INFO: [!] Capítulo 366 já existente em 'Eleceed'.
[2025-10-08 13:47:04,958] INFO: [!] Capítulo 367 já existente em 'Eleceed'.
[2025-10-08 13:47:04,958] INFO: [!] Capítulo 368 já existente em 'Eleceed'.
[2025-10-08 13:47:04,958] INFO: [!] Capítulo 369 já existente em 'Eleceed'.
[2025-10-08 13:47:04,958] INFO: [!] Capítulo 370 já existente em 'Eleceed'.
[2025-10-08 13:47:04,958] INFO: [!] Capítulo 371 já existente em 'Eleceed'.
[2025-10-08 13:47:04,974] INFO: [*] Buscando capítulos pela url: https://mangaonline.blog/manga/the-infinite-mage/
[2025-10-08 13:47:05,205] INFO: [*] Capítulos encontrados: 139
[2025-10-08 13:47:05,212] INFO: [*] Total de capítulos extraídos: 139
[2025-10-08 13:47:05,213] INFO: [*] Mangá 'The Infinite Mage' sincronizado com sucesso.
[2025-10-08 13:47:05,240] INFO: [*] Buscando capítulos pela url: https://mangaonline.blog/manga/mo-huang-da-guan-jia-magic-emperor-manga-pt-br/
[2025-10-08 13:47:05,632] INFO: [*] Capítulos encontrados: 742
[2025-10-08 13:47:05,639] WARNING: [!] Capítulo sem número detectado: 'capitulo (565)' — pulando...
[2025-10-08 13:47:05,640] WARNING: [!] Capítulo sem número detectado: 'capitulo (564)' — pulando...
[2025-10-08 13:47:05,640] WARNING: [!] Capítulo sem número detectado: 'capitulo (563)' — pulando...
[2025-10-08 13:47:05,640] WARNING: [!] Capítulo sem número detectado: 'capitulo (562)' — pulando...
[2025-10-08 13:47:05,640] WARNING: [!] Capítulo sem número detectado: 'capitulo (561)' — pulando...
[2025-10-08 13:47:05,640] WARNING: [!] Capítulo sem número detectado: 'capitulo (560)' — pulando...
[2025-10-08 13:47:05,640] WARNING: [!] Capítulo sem número detectado: 'capitulo (559)' — pulando...
[2025-10-08 13:47:05,640] WARNING: [!] Capítulo sem número detectado: 'capitulo (558)' — pulando...
[2025-10-08 13:47:05,641] WARNING: [!] Capítulo sem número detectado: 'capitulo (557)' — pulando...
[2025-10-08 13:47:05,641] WARNING: [!] Capítulo sem número detectado: 'capitulo (556)' — pulando...
[2025-10-08 13:47:05,641] WARNING: [!] Capítulo sem número detectado: 'capitulo (555)' — pulando...
[2025-10-08 13:47:05,641] WARNING: [!] Capítulo sem número detectado: 'capitulo (554)' — pulando...
[2025-10-08 13:47:05,641] WARNING: [!] Capítulo sem número detectado: 'capitulo (553)' — pulando...
[2025-10-08 13:47:05,641] WARNING: [!] Capítulo sem número detectado: 'capitulo (552)' — pulando...
[2025-10-08 13:47:05,641] WARNING: [!] Capítulo sem número detectado: 'capitulo (551)' — pulando...
[2025-10-08 13:47:05,641] WARNING: [!] Capítulo sem número detectado: 'capitulo (550)' — pulando...
[2025-10-08 13:47:05,641] WARNING: [!] Capítulo sem número detectado: 'capitulo (549)' — pulando...
[2025-10-08 13:47:05,642] WARNING: [!] Capítulo sem número detectado: 'capitulo (548)' — pulando...
[2025-10-08 13:47:05,642] WARNING: [!] Capítulo sem número detectado: 'capitulo (547)' — pulando...
[2025-10-08 13:47:05,642] WARNING: [!] Capítulo sem número detectado: 'capitulo (546)' — pulando...
[2025-10-08 13:47:05,642] WARNING: [!] Capítulo sem número detectado: 'capitulo (545)' — pulando...
[2025-10-08 13:47:05,642] WARNING: [!] Capítulo sem número detectado: 'capitulo (544)' — pulando...
[2025-10-08 13:47:05,642] WARNING: [!] Capítulo sem número detectado: 'capitulo (543)' — pulando...
[2025-10-08 13:47:05,642] WARNING: [!] Capítulo sem número detectado: 'capitulo (542)' — pulando...
[2025-10-08 13:47:05,642] WARNING: [!] Capítulo sem número detectado: 'capitulo (541)' — pulando...
[2025-10-08 13:47:05,642] WARNING: [!] Capítulo sem número detectado: 'capitulo (540)' — pulando...
[2025-10-08 13:47:05,642] WARNING: [!] Capítulo sem número detectado: 'capitulo (539)' — pulando...
[2025-10-08 13:47:05,643] WARNING: [!] Capítulo sem número detectado: 'capitulo (538)' — pulando...
[2025-10-08 13:47:05,643] WARNING: [!] Capítulo sem número detectado: 'capitulo (537)' — pulando...
[2025-10-08 13:47:05,643] WARNING: [!] Capítulo sem número detectado: 'capitulo (536)' — pulando...
[2025-10-08 13:47:05,643] WARNING: [!] Capítulo sem número detectado: 'capitulo (535)' — pulando...
[2025-10-08 13:47:05,643] WARNING: [!] Capítulo sem número detectado: 'capitulo (534)' — pulando...
[2025-10-08 13:47:05,643] WARNING: [!] Capítulo sem número detectado: 'capitulo (533)' — pulando...
[2025-10-08 13:47:05,643] WARNING: [!] Capítulo sem número detectado: 'capitulo (532)' — pulando...
[2025-10-08 13:47:05,643] WARNING: [!] Capítulo sem número detectado: 'capitulo (531)' — pulando...
[2025-10-08 13:47:05,643] WARNING: [!] Capítulo sem número detectado: 'capitulo (530)' — pulando...
[2025-10-08 13:47:05,643] WARNING: [!] Capítulo sem número detectado: 'capitulo (529)' — pulando...
[2025-10-08 13:47:05,644] WARNING: [!] Capítulo sem número detectado: 'capitulo (528)' — pulando...
[2025-10-08 13:47:05,644] WARNING: [!] Capítulo sem número detectado: 'capitulo (527)' — pulando...
[2025-10-08 13:47:05,644] WARNING: [!] Capítulo sem número detectado: 'capitulo (526)' — pulando...
[2025-10-08 13:47:05,644] WARNING: [!] Capítulo sem número detectado: 'capitulo (525)' — pulando...
[2025-10-08 13:47:05,644] WARNING: [!] Capítulo sem número detectado: 'capitulo (524)' — pulando...
[2025-10-08 13:47:05,644] WARNING: [!] Capítulo sem número detectado: 'capitulo (523)' — pulando...
[2025-10-08 13:47:05,644] WARNING: [!] Capítulo sem número detectado: 'capitulo (522)' — pulando...
[2025-10-08 13:47:05,644] WARNING: [!] Capítulo sem número detectado: 'capitulo (521)' — pulando...
[2025-10-08 13:47:05,645] WARNING: [!] Capítulo sem número detectado: 'capitulo (520)' — pulando...
[2025-10-08 13:47:05,645] WARNING: [!] Capítulo sem número detectado: 'capitulo (519)' — pulando...
[2025-10-08 13:47:05,645] WARNING: [!] Capítulo sem número detectado: 'capitulo (518)' — pulando...
[2025-10-08 13:47:05,645] WARNING: [!] Capítulo sem número detectado: 'capitulo (517)' — pulando...
[2025-10-08 13:47:05,645] WARNING: [!] Capítulo sem número detectado: 'capitulo (516)' — pulando...
[2025-10-08 13:47:05,645] WARNING: [!] Capítulo sem número detectado: 'capitulo (515)' — pulando...
[2025-10-08 13:47:05,645] WARNING: [!] Capítulo sem número detectado: 'capitulo (514)' — pulando...
[2025-10-08 13:47:05,645] WARNING: [!] Capítulo sem número detectado: 'capitulo (513)' — pulando...
[2025-10-08 13:47:05,645] WARNING: [!] Capítulo sem número detectado: 'capitulo (512)' — pulando...
[2025-10-08 13:47:05,646] WARNING: [!] Capítulo sem número detectado: 'capitulo (511)' — pulando...
[2025-10-08 13:47:05,646] WARNING: [!] Capítulo sem número detectado: 'capitulo (510)' — pulando...
[2025-10-08 13:47:05,646] WARNING: [!] Capítulo sem número detectado: 'capitulo (509)' — pulando...
[2025-10-08 13:47:05,646] WARNING: [!] Capítulo sem número detectado: 'capitulo (508)' — pulando...
[2025-10-08 13:47:05,646] WARNING: [!] Capítulo sem número detectado: 'capitulo (507)' — pulando...
[2025-10-08 13:47:05,646] WARNING: [!] Capítulo sem número detectado: 'capitulo (506)' — pulando...
[2025-10-08 13:47:05,646] WARNING: [!] Capítulo sem número detectado: 'capitulo (505)' — pulando...
[2025-10-08 13:47:05,646] WARNING: [!] Capítulo sem número detectado: 'capitulo (504)' — pulando...
[2025-10-08 13:47:05,646] WARNING: [!] Capítulo sem número detectado: 'capitulo (503)' — pulando...
[2025-10-08 13:47:05,647] WARNING: [!] Capítulo sem número detectado: 'capitulo (502)' — pulando...
[2025-10-08 13:47:05,647] WARNING: [!] Capítulo sem número detectado: 'capitulo (501)' — pulando...
[2025-10-08 13:47:05,647] WARNING: [!] Capítulo sem número detectado: 'capitulo (500)' — pulando...
[2025-10-08 13:47:05,647] WARNING: [!] Capítulo sem número detectado: 'capitulo (499)' — pulando...
[2025-10-08 13:47:05,647] WARNING: [!] Capítulo sem número detectado: 'capitulo (498)' — pulando...
[2025-10-08 13:47:05,647] WARNING: [!] Capítulo sem número detectado: 'capitulo (497)' — pulando...
[2025-10-08 13:47:05,647] WARNING: [!] Capítulo sem número detectado: 'capitulo (496)' — pulando...
[2025-10-08 13:47:05,647] WARNING: [!] Capítulo sem número detectado: 'capitulo (495)' — pulando...
[2025-10-08 13:47:05,647] WARNING: [!] Capítulo sem número detectado: 'capitulo (494)' — pulando...
[2025-10-08 13:47:05,647] WARNING: [!] Capítulo sem número detectado: 'capitulo (493)' — pulando...
[2025-10-08 13:47:05,648] WARNING: [!] Capítulo sem número detectado: 'capitulo (492)' — pulando...
[2025-10-08 13:47:05,648] WARNING: [!] Capítulo sem número detectado: 'capitulo (491)' — pulando...
[2025-10-08 13:47:05,648] WARNING: [!] Capítulo sem número detectado: 'capitulo (490)' — pulando...
[2025-10-08 13:47:05,648] WARNING: [!] Capítulo sem número detectado: 'capitulo (489)' — pulando...
[2025-10-08 13:47:05,648] WARNING: [!] Capítulo sem número detectado: 'capitulo (488)' — pulando...
[2025-10-08 13:47:05,648] WARNING: [!] Capítulo sem número detectado: 'capitulo (487)' — pulando...
[2025-10-08 13:47:05,648] WARNING: [!] Capítulo sem número detectado: 'capitulo (486)' — pulando...
[2025-10-08 13:47:05,648] WARNING: [!] Capítulo sem número detectado: 'capitulo (485)' — pulando...
[2025-10-08 13:47:05,648] WARNING: [!] Capítulo sem número detectado: 'capitulo (484)' — pulando...
[2025-10-08 13:47:05,649] WARNING: [!] Capítulo sem número detectado: 'capitulo (483)' — pulando...
[2025-10-08 13:47:05,649] WARNING: [!] Capítulo sem número detectado: 'capitulo (482)' — pulando...
[2025-10-08 13:47:05,649] WARNING: [!] Capítulo sem número detectado: 'capitulo (481)' — pulando...
[2025-10-08 13:47:05,649] WARNING: [!] Capítulo sem número detectado: 'capitulo (480)' — pulando...
[2025-10-08 13:47:05,649] WARNING: [!] Capítulo sem número detectado: 'capitulo (479)' — pulando...
[2025-10-08 13:47:05,649] WARNING: [!] Capítulo sem número detectado: 'capitulo (478)' — pulando...
[2025-10-08 13:47:05,649] WARNING: [!] Capítulo sem número detectado: 'capitulo (477)' — pulando...
[2025-10-08 13:47:05,649] WARNING: [!] Capítulo sem número detectado: 'capitulo (476)' — pulando...
[2025-10-08 13:47:05,649] WARNING: [!] Capítulo sem número detectado: 'capitulo (475)' — pulando...
[2025-10-08 13:47:05,649] WARNING: [!] Capítulo sem número detectado: 'capitulo (474)' — pulando...
[2025-10-08 13:47:05,650] WARNING: [!] Capítulo sem número detectado: 'capitulo (473)' — pulando...
[2025-10-08 13:47:05,650] WARNING: [!] Capítulo sem número detectado: 'capitulo (472)' — pulando...
[2025-10-08 13:47:05,650] WARNING: [!] Capítulo sem número detectado: 'capitulo (471)' — pulando...
[2025-10-08 13:47:05,650] WARNING: [!] Capítulo sem número detectado: 'capitulo (470)' — pulando...
[2025-10-08 13:47:05,650] WARNING: [!] Capítulo sem número detectado: 'capitulo (469)' — pulando...
[2025-10-08 13:47:05,650] WARNING: [!] Capítulo sem número detectado: 'capitulo (468)' — pulando...
[2025-10-08 13:47:05,650] WARNING: [!] Capítulo sem número detectado: 'capitulo (467)' — pulando...
[2025-10-08 13:47:05,650] WARNING: [!] Capítulo sem número detectado: 'capitulo (466)' — pulando...
[2025-10-08 13:47:05,651] WARNING: [!] Capítulo sem número detectado: 'capitulo (465)' — pulando...
[2025-10-08 13:47:05,651] WARNING: [!] Capítulo sem número detectado: 'capitulo (464)' — pulando...
[2025-10-08 13:47:05,651] WARNING: [!] Capítulo sem número detectado: 'capitulo (463)' — pulando...
[2025-10-08 13:47:05,651] WARNING: [!] Capítulo sem número detectado: 'capitulo (462)' — pulando...
[2025-10-08 13:47:05,651] WARNING: [!] Capítulo sem número detectado: 'capitulo (461)' — pulando...
[2025-10-08 13:47:05,651] WARNING: [!] Capítulo sem número detectado: 'capitulo (460)' — pulando...
[2025-10-08 13:47:05,651] WARNING: [!] Capítulo sem número detectado: 'capitulo (459)' — pulando...
[2025-10-08 13:47:05,651] WARNING: [!] Capítulo sem número detectado: 'capitulo (458)' — pulando...
[2025-10-08 13:47:05,651] WARNING: [!] Capítulo sem número detectado: 'capitulo (457)' — pulando...
[2025-10-08 13:47:05,651] WARNING: [!] Capítulo sem número detectado: 'capitulo (456)' — pulando...
[2025-10-08 13:47:05,652] WARNING: [!] Capítulo sem número detectado: 'capitulo (455)' — pulando...
[2025-10-08 13:47:05,652] WARNING: [!] Capítulo sem número detectado: 'capitulo (454)' — pulando...
[2025-10-08 13:47:05,652] WARNING: [!] Capítulo sem número detectado: 'capitulo (453)' — pulando...
[2025-10-08 13:47:05,652] WARNING: [!] Capítulo sem número detectado: 'capitulo (452)' — pulando...
[2025-10-08 13:47:05,652] WARNING: [!] Capítulo sem número detectado: 'capitulo (451)' — pulando...
[2025-10-08 13:47:05,652] WARNING: [!] Capítulo sem número detectado: 'capitulo (450)' — pulando...
[2025-10-08 13:47:05,652] WARNING: [!] Capítulo sem número detectado: 'capitulo (449)' — pulando...
[2025-10-08 13:47:05,652] WARNING: [!] Capítulo sem número detectado: 'capitulo (448)' — pulando...
[2025-10-08 13:47:05,652] WARNING: [!] Capítulo sem número detectado: 'capitulo (447)' — pulando...
[2025-10-08 13:47:05,653] WARNING: [!] Capítulo sem número detectado: 'capitulo (446)' — pulando...
[2025-10-08 13:47:05,653] WARNING: [!] Capítulo sem número detectado: 'capitulo (445)' — pulando...
[2025-10-08 13:47:05,653] WARNING: [!] Capítulo sem número detectado: 'capitulo (444)' — pulando...
[2025-10-08 13:47:05,653] WARNING: [!] Capítulo sem número detectado: 'capitulo (443)' — pulando...
[2025-10-08 13:47:05,653] WARNING: [!] Capítulo sem número detectado: 'capitulo (442)' — pulando...
[2025-10-08 13:47:05,653] WARNING: [!] Capítulo sem número detectado: 'capitulo (441)' — pulando...
[2025-10-08 13:47:05,653] WARNING: [!] Capítulo sem número detectado: 'capitulo (440)' — pulando...
[2025-10-08 13:47:05,653] WARNING: [!] Capítulo sem número detectado: 'capitulo (439)' — pulando...
[2025-10-08 13:47:05,653] WARNING: [!] Capítulo sem número detectado: 'capitulo (438)' — pulando...
[2025-10-08 13:47:05,653] WARNING: [!] Capítulo sem número detectado: 'capitulo (437)' — pulando...
[2025-10-08 13:47:05,654] WARNING: [!] Capítulo sem número detectado: 'capitulo (436)' — pulando...
[2025-10-08 13:47:05,654] WARNING: [!] Capítulo sem número detectado: 'capitulo (435)' — pulando...
[2025-10-08 13:47:05,654] WARNING: [!] Capítulo sem número detectado: 'capitulo (434)' — pulando...
[2025-10-08 13:47:05,654] WARNING: [!] Capítulo sem número detectado: 'capitulo (433)' — pulando...
[2025-10-08 13:47:05,654] WARNING: [!] Capítulo sem número detectado: 'capitulo (432)' — pulando...
[2025-10-08 13:47:05,654] WARNING: [!] Capítulo sem número detectado: 'capitulo (431)' — pulando...
[2025-10-08 13:47:05,654] WARNING: [!] Capítulo sem número detectado: 'capitulo (430)' — pulando...
[2025-10-08 13:47:05,654] WARNING: [!] Capítulo sem número detectado: 'capitulo (429)' — pulando...
[2025-10-08 13:47:05,654] WARNING: [!] Capítulo sem número detectado: 'capitulo (428)' — pulando...
[2025-10-08 13:47:05,654] WARNING: [!] Capítulo sem número detectado: 'capitulo (427)' — pulando...
[2025-10-08 13:47:05,655] WARNING: [!] Capítulo sem número detectado: 'capitulo (426)' — pulando...
[2025-10-08 13:47:05,655] WARNING: [!] Capítulo sem número detectado: 'capitulo (425)' — pulando...
[2025-10-08 13:47:05,655] WARNING: [!] Capítulo sem número detectado: 'capitulo (424)' — pulando...
[2025-10-08 13:47:05,655] WARNING: [!] Capítulo sem número detectado: 'capitulo (423)' — pulando...
[2025-10-08 13:47:05,655] WARNING: [!] Capítulo sem número detectado: 'capitulo (422)' — pulando...
[2025-10-08 13:47:05,655] WARNING: [!] Capítulo sem número detectado: 'capitulo (421)' — pulando...
[2025-10-08 13:47:05,655] WARNING: [!] Capítulo sem número detectado: 'capitulo (420)' — pulando...
[2025-10-08 13:47:05,655] WARNING: [!] Capítulo sem número detectado: 'capitulo (419)' — pulando...
[2025-10-08 13:47:05,655] WARNING: [!] Capítulo sem número detectado: 'capitulo (418)' — pulando...
[2025-10-08 13:47:05,656] WARNING: [!] Capítulo sem número detectado: 'capitulo (417)' — pulando...
[2025-10-08 13:47:05,656] WARNING: [!] Capítulo sem número detectado: 'capitulo (416)' — pulando...
[2025-10-08 13:47:05,656] WARNING: [!] Capítulo sem número detectado: 'capitulo (415)' — pulando...
[2025-10-08 13:47:05,656] WARNING: [!] Capítulo sem número detectado: 'capitulo (414)' — pulando...
[2025-10-08 13:47:05,656] WARNING: [!] Capítulo sem número detectado: 'capitulo (413)' — pulando...
[2025-10-08 13:47:05,656] WARNING: [!] Capítulo sem número detectado: 'capitulo (412)' — pulando...
[2025-10-08 13:47:05,656] WARNING: [!] Capítulo sem número detectado: 'capitulo (411)' — pulando...
[2025-10-08 13:47:05,656] WARNING: [!] Capítulo sem número detectado: 'capitulo (410)' — pulando...
[2025-10-08 13:47:05,656] WARNING: [!] Capítulo sem número detectado: 'capitulo (409)' — pulando...
[2025-10-08 13:47:05,657] WARNING: [!] Capítulo sem número detectado: 'capitulo (408)' — pulando...
[2025-10-08 13:47:05,657] WARNING: [!] Capítulo sem número detectado: 'capitulo (407)' — pulando...
[2025-10-08 13:47:05,657] WARNING: [!] Capítulo sem número detectado: 'capitulo (406)' — pulando...
[2025-10-08 13:47:05,657] WARNING: [!] Capítulo sem número detectado: 'capitulo (405)' — pulando...
[2025-10-08 13:47:05,657] WARNING: [!] Capítulo sem número detectado: 'capitulo (404)' — pulando...
[2025-10-08 13:47:05,657] WARNING: [!] Capítulo sem número detectado: 'capitulo (403)' — pulando...
[2025-10-08 13:47:05,657] WARNING: [!] Capítulo sem número detectado: 'capitulo (402)' — pulando...
[2025-10-08 13:47:05,657] WARNING: [!] Capítulo sem número detectado: 'capitulo (401)' — pulando...
[2025-10-08 13:47:05,657] WARNING: [!] Capítulo sem número detectado: 'capitulo (400)' — pulando...
[2025-10-08 13:47:05,657] WARNING: [!] Capítulo sem número detectado: 'capitulo (399)' — pulando...
[2025-10-08 13:47:05,658] WARNING: [!] Capítulo sem número detectado: 'capitulo (398)' — pulando...
[2025-10-08 13:47:05,658] WARNING: [!] Capítulo sem número detectado: 'capitulo (397)' — pulando...
[2025-10-08 13:47:05,658] WARNING: [!] Capítulo sem número detectado: 'capitulo (396)' — pulando...
[2025-10-08 13:47:05,658] WARNING: [!] Capítulo sem número detectado: 'capitulo (395)' — pulando...
[2025-10-08 13:47:05,658] WARNING: [!] Capítulo sem número detectado: 'capitulo (394)' — pulando...
[2025-10-08 13:47:05,658] WARNING: [!] Capítulo sem número detectado: 'capitulo (393)' — pulando...
[2025-10-08 13:47:05,658] WARNING: [!] Capítulo sem número detectado: 'capitulo (392)' — pulando...
[2025-10-08 13:47:05,658] WARNING: [!] Capítulo sem número detectado: 'capitulo (391)' — pulando...
[2025-10-08 13:47:05,658] WARNING: [!] Capítulo sem número detectado: 'capitulo (390)' — pulando...
[2025-10-08 13:47:05,659] WARNING: [!] Capítulo sem número detectado: 'capitulo (389)' — pulando...
[2025-10-08 13:47:05,659] WARNING: [!] Capítulo sem número detectado: 'capitulo (388)' — pulando...
[2025-10-08 13:47:05,659] WARNING: [!] Capítulo sem número detectado: 'capitulo (387)' — pulando...
[2025-10-08 13:47:05,659] WARNING: [!] Capítulo sem número detectado: 'capitulo (386)' — pulando...
[2025-10-08 13:47:05,659] WARNING: [!] Capítulo sem número detectado: 'capitulo (385)' — pulando...
[2025-10-08 13:47:05,659] WARNING: [!] Capítulo sem número detectado: 'capitulo (384)' — pulando...
[2025-10-08 13:47:05,659] WARNING: [!] Capítulo sem número detectado: 'capitulo (383)' — pulando...
[2025-10-08 13:47:05,659] WARNING: [!] Capítulo sem número detectado: 'capitulo (382)' — pulando...
[2025-10-08 13:47:05,659] WARNING: [!] Capítulo sem número detectado: 'capitulo (381)' — pulando...
[2025-10-08 13:47:05,659] WARNING: [!] Capítulo sem número detectado: 'capitulo (380)' — pulando...
[2025-10-08 13:47:05,660] WARNING: [!] Capítulo sem número detectado: 'capitulo (379)' — pulando...
[2025-10-08 13:47:05,660] WARNING: [!] Capítulo sem número detectado: 'capitulo (378)' — pulando...
[2025-10-08 13:47:05,660] WARNING: [!] Capítulo sem número detectado: 'capitulo (377)' — pulando...
[2025-10-08 13:47:05,660] WARNING: [!] Capítulo sem número detectado: 'capitulo (376)' — pulando...
[2025-10-08 13:47:05,660] WARNING: [!] Capítulo sem número detectado: 'capitulo (375)' — pulando...
[2025-10-08 13:47:05,660] WARNING: [!] Capítulo sem número detectado: 'capitulo (374)' — pulando...
[2025-10-08 13:47:05,660] WARNING: [!] Capítulo sem número detectado: 'capitulo (373)' — pulando...
[2025-10-08 13:47:05,660] WARNING: [!] Capítulo sem número detectado: 'capitulo (372)' — pulando...
[2025-10-08 13:47:05,660] WARNING: [!] Capítulo sem número detectado: 'capitulo (371)' — pulando...
[2025-10-08 13:47:05,660] WARNING: [!] Capítulo sem número detectado: 'capitulo (370)' — pulando...
[2025-10-08 13:47:05,661] WARNING: [!] Capítulo sem número detectado: 'capitulo (369)' — pulando...
[2025-10-08 13:47:05,661] WARNING: [!] Capítulo sem número detectado: 'capitulo (368)' — pulando...
[2025-10-08 13:47:05,661] WARNING: [!] Capítulo sem número detectado: 'capitulo (367)' — pulando...
[2025-10-08 13:47:05,661] WARNING: [!] Capítulo sem número detectado: 'capitulo (366)' — pulando...
[2025-10-08 13:47:05,661] WARNING: [!] Capítulo sem número detectado: 'capitulo (365)' — pulando...
[2025-10-08 13:47:05,661] WARNING: [!] Capítulo sem número detectado: 'capitulo (364)' — pulando...
[2025-10-08 13:47:05,661] WARNING: [!] Capítulo sem número detectado: 'capitulo (363)' — pulando...
[2025-10-08 13:47:05,661] WARNING: [!] Capítulo sem número detectado: 'capitulo (362)' — pulando...
[2025-10-08 13:47:05,661] WARNING: [!] Capítulo sem número detectado: 'capitulo (361)' — pulando...
[2025-10-08 13:47:05,661] WARNING: [!] Capítulo sem número detectado: 'capitulo (360)' — pulando...
[2025-10-08 13:47:05,662] WARNING: [!] Capítulo sem número detectado: 'capitulo (359)' — pulando...
[2025-10-08 13:47:05,662] WARNING: [!] Capítulo sem número detectado: 'capitulo (358)' — pulando...
[2025-10-08 13:47:05,662] WARNING: [!] Capítulo sem número detectado: 'capitulo (357)' — pulando...
[2025-10-08 13:47:05,662] WARNING: [!] Capítulo sem número detectado: 'capitulo (356)' — pulando...
[2025-10-08 13:47:05,662] WARNING: [!] Capítulo sem número detectado: 'capitulo (355)' — pulando...
[2025-10-08 13:47:05,662] WARNING: [!] Capítulo sem número detectado: 'capitulo (354)' — pulando...
[2025-10-08 13:47:05,662] WARNING: [!] Capítulo sem número detectado: 'capitulo (353)' — pulando...
[2025-10-08 13:47:05,662] WARNING: [!] Capítulo sem número detectado: 'capitulo (352)' — pulando...
[2025-10-08 13:47:05,662] WARNING: [!] Capítulo sem número detectado: 'capitulo (351)' — pulando...
[2025-10-08 13:47:05,663] WARNING: [!] Capítulo sem número detectado: 'capitulo (350)' — pulando...
[2025-10-08 13:47:05,663] WARNING: [!] Capítulo sem número detectado: 'capitulo (349)' — pulando...
[2025-10-08 13:47:05,663] WARNING: [!] Capítulo sem número detectado: 'capitulo (348)' — pulando...
[2025-10-08 13:47:05,663] WARNING: [!] Capítulo sem número detectado: 'capitulo (347)' — pulando...
[2025-10-08 13:47:05,663] WARNING: [!] Capítulo sem número detectado: 'capitulo (346)' — pulando...
[2025-10-08 13:47:05,663] WARNING: [!] Capítulo sem número detectado: 'capitulo (345)' — pulando...
[2025-10-08 13:47:05,663] WARNING: [!] Capítulo sem número detectado: 'capitulo (344)' — pulando...
[2025-10-08 13:47:05,663] WARNING: [!] Capítulo sem número detectado: 'capitulo (343)' — pulando...
[2025-10-08 13:47:05,663] WARNING: [!] Capítulo sem número detectado: 'capitulo (342)' — pulando...
[2025-10-08 13:47:05,663] WARNING: [!] Capítulo sem número detectado: 'capitulo (341)' — pulando...
[2025-10-08 13:47:05,664] WARNING: [!] Capítulo sem número detectado: 'capitulo (340)' — pulando...
[2025-10-08 13:47:05,664] WARNING: [!] Capítulo sem número detectado: 'capitulo (339)' — pulando...
[2025-10-08 13:47:05,664] WARNING: [!] Capítulo sem número detectado: 'capitulo (338)' — pulando...
[2025-10-08 13:47:05,664] WARNING: [!] Capítulo sem número detectado: 'capitulo (337)' — pulando...
[2025-10-08 13:47:05,664] WARNING: [!] Capítulo sem número detectado: 'capitulo (336)' — pulando...
[2025-10-08 13:47:05,664] WARNING: [!] Capítulo sem número detectado: 'capitulo (314)' — pulando...
[2025-10-08 13:47:05,664] WARNING: [!] Capítulo sem número detectado: 'capitulo (313)' — pulando...
[2025-10-08 13:47:05,664] WARNING: [!] Capítulo sem número detectado: 'capitulo (312)' — pulando...
[2025-10-08 13:47:05,664] WARNING: [!] Capítulo sem número detectado: 'capitulo (311)' — pulando...
[2025-10-08 13:47:05,664] WARNING: [!] Capítulo sem número detectado: 'capitulo (310)' — pulando...
[2025-10-08 13:47:05,665] WARNING: [!] Capítulo sem número detectado: 'capitulo (309)' — pulando...
[2025-10-08 13:47:05,665] WARNING: [!] Capítulo sem número detectado: 'capitulo (308)' — pulando...
[2025-10-08 13:47:05,665] WARNING: [!] Capítulo sem número detectado: 'capitulo (307)' — pulando...
[2025-10-08 13:47:05,665] WARNING: [!] Capítulo sem número detectado: 'capitulo (306)' — pulando...
[2025-10-08 13:47:05,665] WARNING: [!] Capítulo sem número detectado: 'capitulo (305)' — pulando...
[2025-10-08 13:47:05,665] WARNING: [!] Capítulo sem número detectado: 'capitulo (304)' — pulando...
[2025-10-08 13:47:05,665] WARNING: [!] Capítulo sem número detectado: 'capitulo (303)' — pulando...
[2025-10-08 13:47:05,665] WARNING: [!] Capítulo sem número detectado: 'capitulo (302)' — pulando...
[2025-10-08 13:47:05,665] WARNING: [!] Capítulo sem número detectado: 'capitulo (301)' — pulando...
[2025-10-08 13:47:05,665] WARNING: [!] Capítulo sem número detectado: 'capitulo (300)' — pulando...
[2025-10-08 13:47:05,666] WARNING: [!] Capítulo sem número detectado: 'capitulo (299)' — pulando...
[2025-10-08 13:47:05,666] WARNING: [!] Capítulo sem número detectado: 'capitulo (298)' — pulando...
[2025-10-08 13:47:05,666] WARNING: [!] Capítulo sem número detectado: 'capitulo (297)' — pulando...
[2025-10-08 13:47:05,666] WARNING: [!] Capítulo sem número detectado: 'capitulo (296)' — pulando...
[2025-10-08 13:47:05,666] WARNING: [!] Capítulo sem número detectado: 'capitulo (295)' — pulando...
[2025-10-08 13:47:05,666] WARNING: [!] Capítulo sem número detectado: 'capitulo (294)' — pulando...
[2025-10-08 13:47:05,666] WARNING: [!] Capítulo sem número detectado: 'capitulo (293)' — pulando...
[2025-10-08 13:47:05,666] WARNING: [!] Capítulo sem número detectado: 'capitulo (292)' — pulando...
[2025-10-08 13:47:05,666] WARNING: [!] Capítulo sem número detectado: 'capitulo (291)' — pulando...
[2025-10-08 13:47:05,666] WARNING: [!] Capítulo sem número detectado: 'capitulo (290)' — pulando...
[2025-10-08 13:47:05,667] WARNING: [!] Capítulo sem número detectado: 'capitulo (289)' — pulando...
[2025-10-08 13:47:05,667] WARNING: [!] Capítulo sem número detectado: 'capitulo (288)' — pulando...
[2025-10-08 13:47:05,667] WARNING: [!] Capítulo sem número detectado: 'capitulo (287)' — pulando...
[2025-10-08 13:47:05,667] WARNING: [!] Capítulo sem número detectado: 'capitulo (286)' — pulando...
[2025-10-08 13:47:05,667] WARNING: [!] Capítulo sem número detectado: 'capitulo (285)' — pulando...
[2025-10-08 13:47:05,667] WARNING: [!] Capítulo sem número detectado: 'capitulo (284)' — pulando...
[2025-10-08 13:47:05,667] WARNING: [!] Capítulo sem número detectado: 'capitulo (283)' — pulando...
[2025-10-08 13:47:05,667] WARNING: [!] Capítulo sem número detectado: 'capitulo (282)' — pulando...
[2025-10-08 13:47:05,667] WARNING: [!] Capítulo sem número detectado: 'capitulo (281)' — pulando...
[2025-10-08 13:47:05,668] WARNING: [!] Capítulo sem número detectado: 'capitulo (280)' — pulando...
[2025-10-08 13:47:05,668] WARNING: [!] Capítulo sem número detectado: 'capitulo (279)' — pulando...
[2025-10-08 13:47:05,668] WARNING: [!] Capítulo sem número detectado: 'capitulo (278)' — pulando...
[2025-10-08 13:47:05,668] WARNING: [!] Capítulo sem número detectado: 'capitulo (277)' — pulando...
[2025-10-08 13:47:05,668] WARNING: [!] Capítulo sem número detectado: 'capitulo (276)' — pulando...
[2025-10-08 13:47:05,668] WARNING: [!] Capítulo sem número detectado: 'capitulo (275)' — pulando...
[2025-10-08 13:47:05,668] WARNING: [!] Capítulo sem número detectado: 'capitulo (274)' — pulando...
[2025-10-08 13:47:05,668] WARNING: [!] Capítulo sem número detectado: 'capitulo (273)' — pulando...
[2025-10-08 13:47:05,668] WARNING: [!] Capítulo sem número detectado: 'capitulo (272)' — pulando...
[2025-10-08 13:47:05,668] WARNING: [!] Capítulo sem número detectado: 'capitulo (271)' — pulando...
[2025-10-08 13:47:05,669] WARNING: [!] Capítulo sem número detectado: 'capitulo (270)' — pulando...
[2025-10-08 13:47:05,669] WARNING: [!] Capítulo sem número detectado: 'capitulo (269)' — pulando...
[2025-10-08 13:47:05,669] WARNING: [!] Capítulo sem número detectado: 'capitulo (268)' — pulando...
[2025-10-08 13:47:05,669] WARNING: [!] Capítulo sem número detectado: 'capitulo (267)' — pulando...
[2025-10-08 13:47:05,669] WARNING: [!] Capítulo sem número detectado: 'capitulo (266)' — pulando...
[2025-10-08 13:47:05,669] WARNING: [!] Capítulo sem número detectado: 'capitulo (265)' — pulando...
[2025-10-08 13:47:05,669] WARNING: [!] Capítulo sem número detectado: 'capitulo (264)' — pulando...
[2025-10-08 13:47:05,669] WARNING: [!] Capítulo sem número detectado: 'capitulo (263)' — pulando...
[2025-10-08 13:47:05,669] WARNING: [!] Capítulo sem número detectado: 'capitulo (262)' — pulando...
[2025-10-08 13:47:05,670] WARNING: [!] Capítulo sem número detectado: 'capitulo (261)' — pulando...
[2025-10-08 13:47:05,670] WARNING: [!] Capítulo sem número detectado: 'capitulo (260)' — pulando...
[2025-10-08 13:47:05,670] WARNING: [!] Capítulo sem número detectado: 'capitulo (259)' — pulando...
[2025-10-08 13:47:05,670] WARNING: [!] Capítulo sem número detectado: 'capitulo (258)' — pulando...
[2025-10-08 13:47:05,670] WARNING: [!] Capítulo sem número detectado: 'capitulo (257)' — pulando...
[2025-10-08 13:47:05,670] WARNING: [!] Capítulo sem número detectado: 'capitulo (256)' — pulando...
[2025-10-08 13:47:05,670] WARNING: [!] Capítulo sem número detectado: 'capitulo (255)' — pulando...
[2025-10-08 13:47:05,670] WARNING: [!] Capítulo sem número detectado: 'capitulo (254)' — pulando...
[2025-10-08 13:47:05,670] WARNING: [!] Capítulo sem número detectado: 'capitulo (253)' — pulando...
[2025-10-08 13:47:05,670] WARNING: [!] Capítulo sem número detectado: 'capitulo (252)' — pulando...
[2025-10-08 13:47:05,671] WARNING: [!] Capítulo sem número detectado: 'capitulo (251)' — pulando...
[2025-10-08 13:47:05,671] WARNING: [!] Capítulo sem número detectado: 'capitulo (250)' — pulando...
[2025-10-08 13:47:05,671] WARNING: [!] Capítulo sem número detectado: 'capitulo (249)' — pulando...
[2025-10-08 13:47:05,671] WARNING: [!] Capítulo sem número detectado: 'capitulo (248)' — pulando...
[2025-10-08 13:47:05,671] WARNING: [!] Capítulo sem número detectado: 'capitulo (247)' — pulando...
[2025-10-08 13:47:05,671] WARNING: [!] Capítulo sem número detectado: 'capitulo (246)' — pulando...
[2025-10-08 13:47:05,671] WARNING: [!] Capítulo sem número detectado: 'capitulo (245)' — pulando...
[2025-10-08 13:47:05,671] WARNING: [!] Capítulo sem número detectado: 'capitulo (244)' — pulando...
[2025-10-08 13:47:05,671] WARNING: [!] Capítulo sem número detectado: 'capitulo (243)' — pulando...
[2025-10-08 13:47:05,672] WARNING: [!] Capítulo sem número detectado: 'capitulo (242)' — pulando...
[2025-10-08 13:47:05,672] WARNING: [!] Capítulo sem número detectado: 'capitulo (241)' — pulando...
[2025-10-08 13:47:05,672] WARNING: [!] Capítulo sem número detectado: 'capitulo (240)' — pulando...
[2025-10-08 13:47:05,672] WARNING: [!] Capítulo sem número detectado: 'capitulo (239)' — pulando...
[2025-10-08 13:47:05,672] WARNING: [!] Capítulo sem número detectado: 'capitulo (238)' — pulando...
[2025-10-08 13:47:05,672] WARNING: [!] Capítulo sem número detectado: 'capitulo (237)' — pulando...
[2025-10-08 13:47:05,672] WARNING: [!] Capítulo sem número detectado: 'capitulo (236)' — pulando...
[2025-10-08 13:47:05,672] WARNING: [!] Capítulo sem número detectado: 'capitulo (235)' — pulando...
[2025-10-08 13:47:05,672] WARNING: [!] Capítulo sem número detectado: 'capitulo (234)' — pulando...
[2025-10-08 13:47:05,673] WARNING: [!] Capítulo sem número detectado: 'capitulo (233)' — pulando...
[2025-10-08 13:47:05,673] WARNING: [!] Capítulo sem número detectado: 'capitulo (232)' — pulando...
[2025-10-08 13:47:05,673] WARNING: [!] Capítulo sem número detectado: 'capitulo (231)' — pulando...
[2025-10-08 13:47:05,673] WARNING: [!] Capítulo sem número detectado: 'capitulo (230)' — pulando...
[2025-10-08 13:47:05,673] WARNING: [!] Capítulo sem número detectado: 'capitulo (229)' — pulando...
[2025-10-08 13:47:05,673] WARNING: [!] Capítulo sem número detectado: 'capitulo (228)' — pulando...
[2025-10-08 13:47:05,673] WARNING: [!] Capítulo sem número detectado: 'capitulo (227)' — pulando...
[2025-10-08 13:47:05,673] WARNING: [!] Capítulo sem número detectado: 'capitulo (226)' — pulando...
[2025-10-08 13:47:05,673] WARNING: [!] Capítulo sem número detectado: 'capitulo (225)' — pulando...
[2025-10-08 13:47:05,674] WARNING: [!] Capítulo sem número detectado: 'capitulo (224)' — pulando...
[2025-10-08 13:47:05,674] WARNING: [!] Capítulo sem número detectado: 'capitulo (223)' — pulando...
[2025-10-08 13:47:05,674] WARNING: [!] Capítulo sem número detectado: 'capitulo (222)' — pulando...
[2025-10-08 13:47:05,674] WARNING: [!] Capítulo sem número detectado: 'capitulo (221)' — pulando...
[2025-10-08 13:47:05,674] WARNING: [!] Capítulo sem número detectado: 'capitulo (220)' — pulando...
[2025-10-08 13:47:05,674] WARNING: [!] Capítulo sem número detectado: 'capitulo (219)' — pulando...
[2025-10-08 13:47:05,674] WARNING: [!] Capítulo sem número detectado: 'capitulo (218)' — pulando...
[2025-10-08 13:47:05,674] WARNING: [!] Capítulo sem número detectado: 'capitulo (217)' — pulando...
[2025-10-08 13:47:05,674] WARNING: [!] Capítulo sem número detectado: 'capitulo (216)' — pulando...
[2025-10-08 13:47:05,675] WARNING: [!] Capítulo sem número detectado: 'capitulo (215)' — pulando...
[2025-10-08 13:47:05,675] WARNING: [!] Capítulo sem número detectado: 'capitulo (214)' — pulando...
[2025-10-08 13:47:05,675] WARNING: [!] Capítulo sem número detectado: 'capitulo (213)' — pulando...
[2025-10-08 13:47:05,675] WARNING: [!] Capítulo sem número detectado: 'capitulo (212)' — pulando...
[2025-10-08 13:47:05,675] WARNING: [!] Capítulo sem número detectado: 'capitulo (211)' — pulando...
[2025-10-08 13:47:05,675] WARNING: [!] Capítulo sem número detectado: 'capitulo (210)' — pulando...
[2025-10-08 13:47:05,675] WARNING: [!] Capítulo sem número detectado: 'capitulo (209)' — pulando...
[2025-10-08 13:47:05,675] WARNING: [!] Capítulo sem número detectado: 'capitulo (208)' — pulando...
[2025-10-08 13:47:05,675] WARNING: [!] Capítulo sem número detectado: 'capitulo (207)' — pulando...
[2025-10-08 13:47:05,675] WARNING: [!] Capítulo sem número detectado: 'capitulo (206)' — pulando...
[2025-10-08 13:47:05,676] WARNING: [!] Capítulo sem número detectado: 'capitulo (205)' — pulando...
[2025-10-08 13:47:05,676] WARNING: [!] Capítulo sem número detectado: 'capitulo (204)' — pulando...
[2025-10-08 13:47:05,676] WARNING: [!] Capítulo sem número detectado: 'capitulo (203)' — pulando...
[2025-10-08 13:47:05,676] WARNING: [!] Capítulo sem número detectado: 'capitulo (202)' — pulando...
[2025-10-08 13:47:05,676] WARNING: [!] Capítulo sem número detectado: 'capitulo (201)' — pulando...
[2025-10-08 13:47:05,676] WARNING: [!] Capítulo sem número detectado: 'capitulo (200)' — pulando...
[2025-10-08 13:47:05,676] WARNING: [!] Capítulo sem número detectado: 'capitulo (199)' — pulando...
[2025-10-08 13:47:05,676] WARNING: [!] Capítulo sem número detectado: 'capitulo (198)' — pulando...
[2025-10-08 13:47:05,676] WARNING: [!] Capítulo sem número detectado: 'capitulo (197)' — pulando...
[2025-10-08 13:47:05,676] WARNING: [!] Capítulo sem número detectado: 'capitulo (196)' — pulando...
[2025-10-08 13:47:05,677] WARNING: [!] Capítulo sem número detectado: 'capitulo (195)' — pulando...
[2025-10-08 13:47:05,677] WARNING: [!] Capítulo sem número detectado: 'capitulo (194)' — pulando...
[2025-10-08 13:47:05,677] WARNING: [!] Capítulo sem número detectado: 'capitulo (193)' — pulando...
[2025-10-08 13:47:05,677] WARNING: [!] Capítulo sem número detectado: 'capitulo (192)' — pulando...
[2025-10-08 13:47:05,677] WARNING: [!] Capítulo sem número detectado: 'capitulo (191)' — pulando...
[2025-10-08 13:47:05,677] WARNING: [!] Capítulo sem número detectado: 'capitulo (190)' — pulando...
[2025-10-08 13:47:05,677] WARNING: [!] Capítulo sem número detectado: 'capitulo (189)' — pulando...
[2025-10-08 13:47:05,677] WARNING: [!] Capítulo sem número detectado: 'capitulo (188)' — pulando...
[2025-10-08 13:47:05,677] WARNING: [!] Capítulo sem número detectado: 'capitulo (187)' — pulando...
[2025-10-08 13:47:05,677] WARNING: [!] Capítulo sem número detectado: 'capitulo (186)' — pulando...
[2025-10-08 13:47:05,678] WARNING: [!] Capítulo sem número detectado: 'capitulo (185)' — pulando...
[2025-10-08 13:47:05,678] WARNING: [!] Capítulo sem número detectado: 'capitulo (184)' — pulando...
[2025-10-08 13:47:05,678] WARNING: [!] Capítulo sem número detectado: 'capitulo (183)' — pulando...
[2025-10-08 13:47:05,678] WARNING: [!] Capítulo sem número detectado: 'capitulo (182)' — pulando...
[2025-10-08 13:47:05,678] WARNING: [!] Capítulo sem número detectado: 'capitulo (181)' — pulando...
[2025-10-08 13:47:05,678] WARNING: [!] Capítulo sem número detectado: 'capitulo (180)' — pulando...
[2025-10-08 13:47:05,678] WARNING: [!] Capítulo sem número detectado: 'capitulo (179)' — pulando...
[2025-10-08 13:47:05,678] WARNING: [!] Capítulo sem número detectado: 'capitulo (178)' — pulando...
[2025-10-08 13:47:05,678] WARNING: [!] Capítulo sem número detectado: 'capitulo (177)' — pulando...
[2025-10-08 13:47:05,678] WARNING: [!] Capítulo sem número detectado: 'capitulo (176)' — pulando...
[2025-10-08 13:47:05,679] WARNING: [!] Capítulo sem número detectado: 'capitulo (175)' — pulando...
[2025-10-08 13:47:05,679] WARNING: [!] Capítulo sem número detectado: 'capitulo (174)' — pulando...
[2025-10-08 13:47:05,679] WARNING: [!] Capítulo sem número detectado: 'capitulo (173)' — pulando...
[2025-10-08 13:47:05,679] WARNING: [!] Capítulo sem número detectado: 'capitulo (172)' — pulando...
[2025-10-08 13:47:05,679] WARNING: [!] Capítulo sem número detectado: 'capitulo (171)' — pulando...
[2025-10-08 13:47:05,679] WARNING: [!] Capítulo sem número detectado: 'capitulo (170)' — pulando...
[2025-10-08 13:47:05,679] WARNING: [!] Capítulo sem número detectado: 'capitulo (169)' — pulando...
[2025-10-08 13:47:05,679] WARNING: [!] Capítulo sem número detectado: 'capitulo (168)' — pulando...
[2025-10-08 13:47:05,679] WARNING: [!] Capítulo sem número detectado: 'capitulo (167)' — pulando...
[2025-10-08 13:47:05,680] WARNING: [!] Capítulo sem número detectado: 'capitulo (166)' — pulando...
[2025-10-08 13:47:05,680] WARNING: [!] Capítulo sem número detectado: 'capitulo (165)' — pulando...
[2025-10-08 13:47:05,680] WARNING: [!] Capítulo sem número detectado: 'capitulo (164)' — pulando...
[2025-10-08 13:47:05,680] WARNING: [!] Capítulo sem número detectado: 'capitulo (163)' — pulando...
[2025-10-08 13:47:05,680] WARNING: [!] Capítulo sem número detectado: 'capitulo (162)' — pulando...
[2025-10-08 13:47:05,680] WARNING: [!] Capítulo sem número detectado: 'capitulo (161)' — pulando...
[2025-10-08 13:47:05,680] WARNING: [!] Capítulo sem número detectado: 'capitulo (160)' — pulando...
[2025-10-08 13:47:05,680] WARNING: [!] Capítulo sem número detectado: 'capitulo (159)' — pulando...
[2025-10-08 13:47:05,680] WARNING: [!] Capítulo sem número detectado: 'capitulo (158)' — pulando...
[2025-10-08 13:47:05,680] WARNING: [!] Capítulo sem número detectado: 'capitulo (157)' — pulando...
[2025-10-08 13:47:05,681] WARNING: [!] Capítulo sem número detectado: 'capitulo (156)' — pulando...
[2025-10-08 13:47:05,681] WARNING: [!] Capítulo sem número detectado: 'capitulo (155)' — pulando...
[2025-10-08 13:47:05,681] WARNING: [!] Capítulo sem número detectado: 'capitulo (154)' — pulando...
[2025-10-08 13:47:05,681] WARNING: [!] Capítulo sem número detectado: 'capitulo (153)' — pulando...
[2025-10-08 13:47:05,681] WARNING: [!] Capítulo sem número detectado: 'capitulo (152)' — pulando...
[2025-10-08 13:47:05,681] WARNING: [!] Capítulo sem número detectado: 'capitulo (151)' — pulando...
[2025-10-08 13:47:05,681] WARNING: [!] Capítulo sem número detectado: 'capitulo (150)' — pulando...
[2025-10-08 13:47:05,681] WARNING: [!] Capítulo sem número detectado: 'capitulo (149)' — pulando...
[2025-10-08 13:47:05,681] WARNING: [!] Capítulo sem número detectado: 'capitulo (148)' — pulando...
[2025-10-08 13:47:05,681] WARNING: [!] Capítulo sem número detectado: 'capitulo (147)' — pulando...
[2025-10-08 13:47:05,682] WARNING: [!] Capítulo sem número detectado: 'capitulo (146)' — pulando...
[2025-10-08 13:47:05,682] WARNING: [!] Capítulo sem número detectado: 'capitulo (145)' — pulando...
[2025-10-08 13:47:05,682] WARNING: [!] Capítulo sem número detectado: 'capitulo (144)' — pulando...
[2025-10-08 13:47:05,682] WARNING: [!] Capítulo sem número detectado: 'capitulo (143)' — pulando...
[2025-10-08 13:47:05,682] WARNING: [!] Capítulo sem número detectado: 'capitulo (142)' — pulando...
[2025-10-08 13:47:05,682] WARNING: [!] Capítulo sem número detectado: 'capitulo (141)' — pulando...
[2025-10-08 13:47:05,682] WARNING: [!] Capítulo sem número detectado: 'capitulo (140)' — pulando...
[2025-10-08 13:47:05,682] WARNING: [!] Capítulo sem número detectado: 'capitulo (139)' — pulando...
[2025-10-08 13:47:05,682] WARNING: [!] Capítulo sem número detectado: 'capitulo (138)' — pulando...
[2025-10-08 13:47:05,682] WARNING: [!] Capítulo sem número detectado: 'capitulo (137)' — pulando...
[2025-10-08 13:47:05,683] WARNING: [!] Capítulo sem número detectado: 'capitulo (136)' — pulando...
[2025-10-08 13:47:05,683] WARNING: [!] Capítulo sem número detectado: 'capitulo (135)' — pulando...
[2025-10-08 13:47:05,683] WARNING: [!] Capítulo sem número detectado: 'capitulo (134)' — pulando...
[2025-10-08 13:47:05,683] WARNING: [!] Capítulo sem número detectado: 'capitulo (133)' — pulando...
[2025-10-08 13:47:05,683] WARNING: [!] Capítulo sem número detectado: 'capitulo (132)' — pulando...
[2025-10-08 13:47:05,683] WARNING: [!] Capítulo sem número detectado: 'capitulo (131)' — pulando...
[2025-10-08 13:47:05,683] WARNING: [!] Capítulo sem número detectado: 'capitulo (130)' — pulando...
[2025-10-08 13:47:05,683] WARNING: [!] Capítulo sem número detectado: 'capitulo (129)' — pulando...
[2025-10-08 13:47:05,683] WARNING: [!] Capítulo sem número detectado: 'capitulo (128)' — pulando...
[2025-10-08 13:47:05,684] WARNING: [!] Capítulo sem número detectado: 'capitulo (127)' — pulando...
[2025-10-08 13:47:05,684] WARNING: [!] Capítulo sem número detectado: 'capitulo (126)' — pulando...
[2025-10-08 13:47:05,684] WARNING: [!] Capítulo sem número detectado: 'capitulo (125)' — pulando...
[2025-10-08 13:47:05,684] WARNING: [!] Capítulo sem número detectado: 'capitulo (124)' — pulando...
[2025-10-08 13:47:05,684] WARNING: [!] Capítulo sem número detectado: 'capitulo (123)' — pulando...
[2025-10-08 13:47:05,684] WARNING: [!] Capítulo sem número detectado: 'capitulo (122)' — pulando...
[2025-10-08 13:47:05,684] WARNING: [!] Capítulo sem número detectado: 'capitulo (121)' — pulando...
[2025-10-08 13:47:05,684] WARNING: [!] Capítulo sem número detectado: 'capitulo (120)' — pulando...
[2025-10-08 13:47:05,684] WARNING: [!] Capítulo sem número detectado: 'capitulo (119)' — pulando...
[2025-10-08 13:47:05,685] WARNING: [!] Capítulo sem número detectado: 'capitulo (118)' — pulando...
[2025-10-08 13:47:05,685] WARNING: [!] Capítulo sem número detectado: 'capitulo (117)' — pulando...
[2025-10-08 13:47:05,685] WARNING: [!] Capítulo sem número detectado: 'capitulo (116)' — pulando...
[2025-10-08 13:47:05,685] WARNING: [!] Capítulo sem número detectado: 'capitulo (115)' — pulando...
[2025-10-08 13:47:05,685] WARNING: [!] Capítulo sem número detectado: 'capitulo (114)' — pulando...
[2025-10-08 13:47:05,685] WARNING: [!] Capítulo sem número detectado: 'capitulo (113)' — pulando...
[2025-10-08 13:47:05,685] WARNING: [!] Capítulo sem número detectado: 'capitulo (112)' — pulando...
[2025-10-08 13:47:05,685] WARNING: [!] Capítulo sem número detectado: 'capitulo (111)' — pulando...
[2025-10-08 13:47:05,685] WARNING: [!] Capítulo sem número detectado: 'capitulo (110)' — pulando...
[2025-10-08 13:47:05,686] WARNING: [!] Capítulo sem número detectado: 'capitulo (109)' — pulando...
[2025-10-08 13:47:05,686] WARNING: [!] Capítulo sem número detectado: 'capitulo (108)' — pulando...
[2025-10-08 13:47:05,686] WARNING: [!] Capítulo sem número detectado: 'capitulo (107)' — pulando...
[2025-10-08 13:47:05,686] WARNING: [!] Capítulo sem número detectado: 'capitulo (106)' — pulando...
[2025-10-08 13:47:05,686] WARNING: [!] Capítulo sem número detectado: 'capitulo (105)' — pulando...
[2025-10-08 13:47:05,686] WARNING: [!] Capítulo sem número detectado: 'capitulo (104)' — pulando...
[2025-10-08 13:47:05,686] WARNING: [!] Capítulo sem número detectado: 'capitulo (103)' — pulando...
[2025-10-08 13:47:05,686] WARNING: [!] Capítulo sem número detectado: 'capitulo (102)' — pulando...
[2025-10-08 13:47:05,686] WARNING: [!] Capítulo sem número detectado: 'capitulo (101)' — pulando...
[2025-10-08 13:47:05,686] WARNING: [!] Capítulo sem número detectado: 'capitulo (100)' — pulando...
[2025-10-08 13:47:05,687] WARNING: [!] Capítulo sem número detectado: 'capitulo (99)' — pulando...
[2025-10-08 13:47:05,687] WARNING: [!] Capítulo sem número detectado: 'capitulo (98)' — pulando...
[2025-10-08 13:47:05,687] WARNING: [!] Capítulo sem número detectado: 'capitulo (97)' — pulando...
[2025-10-08 13:47:05,687] WARNING: [!] Capítulo sem número detectado: 'capitulo (96)' — pulando...
[2025-10-08 13:47:05,687] WARNING: [!] Capítulo sem número detectado: 'capitulo (95)' — pulando...
[2025-10-08 13:47:05,687] WARNING: [!] Capítulo sem número detectado: 'capitulo (94)' — pulando...
[2025-10-08 13:47:05,687] WARNING: [!] Capítulo sem número detectado: 'capitulo (93)' — pulando...
[2025-10-08 13:47:05,687] WARNING: [!] Capítulo sem número detectado: 'capitulo (92)' — pulando...
[2025-10-08 13:47:05,687] WARNING: [!] Capítulo sem número detectado: 'capitulo (91)' — pulando...
[2025-10-08 13:47:05,687] WARNING: [!] Capítulo sem número detectado: 'capitulo (90)' — pulando...
[2025-10-08 13:47:05,688] WARNING: [!] Capítulo sem número detectado: 'capitulo (89)' — pulando...
[2025-10-08 13:47:05,688] WARNING: [!] Capítulo sem número detectado: 'capitulo (88)' — pulando...
[2025-10-08 13:47:05,688] WARNING: [!] Capítulo sem número detectado: 'capitulo (87)' — pulando...
[2025-10-08 13:47:05,688] WARNING: [!] Capítulo sem número detectado: 'capitulo (86)' — pulando...
[2025-10-08 13:47:05,688] WARNING: [!] Capítulo sem número detectado: 'capitulo (85)' — pulando...
[2025-10-08 13:47:05,688] WARNING: [!] Capítulo sem número detectado: 'capitulo (84)' — pulando...
[2025-10-08 13:47:05,688] WARNING: [!] Capítulo sem número detectado: 'capitulo (83)' — pulando...
[2025-10-08 13:47:05,688] WARNING: [!] Capítulo sem número detectado: 'capitulo (82)' — pulando...
[2025-10-08 13:47:05,688] WARNING: [!] Capítulo sem número detectado: 'capitulo (81)' — pulando...
[2025-10-08 13:47:05,688] WARNING: [!] Capítulo sem número detectado: 'capitulo (80)' — pulando...
[2025-10-08 13:47:05,689] WARNING: [!] Capítulo sem número detectado: 'capitulo (79)' — pulando...
[2025-10-08 13:47:05,689] WARNING: [!] Capítulo sem número detectado: 'capitulo (78)' — pulando...
[2025-10-08 13:47:05,689] WARNING: [!] Capítulo sem número detectado: 'capitulo (77)' — pulando...
[2025-10-08 13:47:05,689] WARNING: [!] Capítulo sem número detectado: 'capitulo (76)' — pulando...
[2025-10-08 13:47:05,689] WARNING: [!] Capítulo sem número detectado: 'capitulo (75)' — pulando...
[2025-10-08 13:47:05,689] WARNING: [!] Capítulo sem número detectado: 'capitulo (74)' — pulando...
[2025-10-08 13:47:05,689] WARNING: [!] Capítulo sem número detectado: 'capitulo (73)' — pulando...
[2025-10-08 13:47:05,689] WARNING: [!] Capítulo sem número detectado: 'capitulo (72)' — pulando...
[2025-10-08 13:47:05,689] WARNING: [!] Capítulo sem número detectado: 'capitulo (71)' — pulando...
[2025-10-08 13:47:05,689] WARNING: [!] Capítulo sem número detectado: 'capitulo (70)' — pulando...
[2025-10-08 13:47:05,690] WARNING: [!] Capítulo sem número detectado: 'capitulo (69)' — pulando...
[2025-10-08 13:47:05,690] WARNING: [!] Capítulo sem número detectado: 'capitulo (68)' — pulando...
[2025-10-08 13:47:05,690] WARNING: [!] Capítulo sem número detectado: 'capitulo (67)' — pulando...
[2025-10-08 13:47:05,690] WARNING: [!] Capítulo sem número detectado: 'capitulo (66)' — pulando...
[2025-10-08 13:47:05,690] WARNING: [!] Capítulo sem número detectado: 'capitulo (65)' — pulando...
[2025-10-08 13:47:05,690] WARNING: [!] Capítulo sem número detectado: 'capitulo (64)' — pulando...
[2025-10-08 13:47:05,690] WARNING: [!] Capítulo sem número detectado: 'capitulo (63)' — pulando...
[2025-10-08 13:47:05,690] WARNING: [!] Capítulo sem número detectado: 'capitulo (62)' — pulando...
[2025-10-08 13:47:05,690] WARNING: [!] Capítulo sem número detectado: 'capitulo (61)' — pulando...
[2025-10-08 13:47:05,690] WARNING: [!] Capítulo sem número detectado: 'capitulo (60)' — pulando...
[2025-10-08 13:47:05,691] WARNING: [!] Capítulo sem número detectado: 'capitulo (59)' — pulando...
[2025-10-08 13:47:05,691] WARNING: [!] Capítulo sem número detectado: 'capitulo (58)' — pulando...
[2025-10-08 13:47:05,691] WARNING: [!] Capítulo sem número detectado: 'capitulo (57)' — pulando...
[2025-10-08 13:47:05,691] WARNING: [!] Capítulo sem número detectado: 'capitulo (56)' — pulando...
[2025-10-08 13:47:05,691] WARNING: [!] Capítulo sem número detectado: 'capitulo (55)' — pulando...
[2025-10-08 13:47:05,691] WARNING: [!] Capítulo sem número detectado: 'capitulo (54)' — pulando...
[2025-10-08 13:47:05,691] WARNING: [!] Capítulo sem número detectado: 'capitulo (53)' — pulando...
[2025-10-08 13:47:05,691] WARNING: [!] Capítulo sem número detectado: 'capitulo (52)' — pulando...
[2025-10-08 13:47:05,691] WARNING: [!] Capítulo sem número detectado: 'capitulo (51)' — pulando...
[2025-10-08 13:47:05,692] WARNING: [!] Capítulo sem número detectado: 'capitulo (50)' — pulando...
[2025-10-08 13:47:05,692] WARNING: [!] Capítulo sem número detectado: 'capitulo (49)' — pulando...
[2025-10-08 13:47:05,692] WARNING: [!] Capítulo sem número detectado: 'capitulo (48)' — pulando...
[2025-10-08 13:47:05,692] WARNING: [!] Capítulo sem número detectado: 'capitulo (47)' — pulando...
[2025-10-08 13:47:05,692] WARNING: [!] Capítulo sem número detectado: 'capitulo (46)' — pulando...
[2025-10-08 13:47:05,692] WARNING: [!] Capítulo sem número detectado: 'capitulo (45)' — pulando...
[2025-10-08 13:47:05,692] WARNING: [!] Capítulo sem número detectado: 'capitulo (44)' — pulando...
[2025-10-08 13:47:05,692] WARNING: [!] Capítulo sem número detectado: 'capitulo (43)' — pulando...
[2025-10-08 13:47:05,692] WARNING: [!] Capítulo sem número detectado: 'capitulo (42)' — pulando...
[2025-10-08 13:47:05,692] WARNING: [!] Capítulo sem número detectado: 'capitulo (41)' — pulando...
[2025-10-08 13:47:05,693] WARNING: [!] Capítulo sem número detectado: 'capitulo (40)' — pulando...
[2025-10-08 13:47:05,693] WARNING: [!] Capítulo sem número detectado: 'capitulo (39)' — pulando...
[2025-10-08 13:47:05,693] WARNING: [!] Capítulo sem número detectado: 'capitulo (38)' — pulando...
[2025-10-08 13:47:05,693] WARNING: [!] Capítulo sem número detectado: 'capitulo (37)' — pulando...
[2025-10-08 13:47:05,693] WARNING: [!] Capítulo sem número detectado: 'capitulo (36)' — pulando...
[2025-10-08 13:47:05,693] WARNING: [!] Capítulo sem número detectado: 'capitulo (35)' — pulando...
[2025-10-08 13:47:05,693] WARNING: [!] Capítulo sem número detectado: 'capitulo (34)' — pulando...
[2025-10-08 13:47:05,693] WARNING: [!] Capítulo sem número detectado: 'capitulo (33)' — pulando...
[2025-10-08 13:47:05,693] WARNING: [!] Capítulo sem número detectado: 'capitulo (32)' — pulando...
[2025-10-08 13:47:05,694] WARNING: [!] Capítulo sem número detectado: 'capitulo (31)' — pulando...
[2025-10-08 13:47:05,694] WARNING: [!] Capítulo sem número detectado: 'capitulo (30)' — pulando...
[2025-10-08 13:47:05,694] WARNING: [!] Capítulo sem número detectado: 'capitulo (29)' — pulando...
[2025-10-08 13:47:05,694] WARNING: [!] Capítulo sem número detectado: 'capitulo (28)' — pulando...
[2025-10-08 13:47:05,694] WARNING: [!] Capítulo sem número detectado: 'capitulo (27)' — pulando...
[2025-10-08 13:47:05,694] WARNING: [!] Capítulo sem número detectado: 'capitulo (26)' — pulando...
[2025-10-08 13:47:05,694] WARNING: [!] Capítulo sem número detectado: 'capitulo (25)' — pulando...
[2025-10-08 13:47:05,694] WARNING: [!] Capítulo sem número detectado: 'capitulo (24)' — pulando...
[2025-10-08 13:47:05,694] WARNING: [!] Capítulo sem número detectado: 'capitulo (23)' — pulando...
[2025-10-08 13:47:05,694] WARNING: [!] Capítulo sem número detectado: 'capitulo (22)' — pulando...
[2025-10-08 13:47:05,695] WARNING: [!] Capítulo sem número detectado: 'capitulo (21)' — pulando...
[2025-10-08 13:47:05,695] WARNING: [!] Capítulo sem número detectado: 'capitulo (20)' — pulando...
[2025-10-08 13:47:05,695] WARNING: [!] Capítulo sem número detectado: 'capitulo (19)' — pulando...
[2025-10-08 13:47:05,695] WARNING: [!] Capítulo sem número detectado: 'capitulo (18)' — pulando...
[2025-10-08 13:47:05,695] WARNING: [!] Capítulo sem número detectado: 'capitulo (17)' — pulando...
[2025-10-08 13:47:05,695] WARNING: [!] Capítulo sem número detectado: 'capitulo (16)' — pulando...
[2025-10-08 13:47:05,695] WARNING: [!] Capítulo sem número detectado: 'capitulo (15)' — pulando...
[2025-10-08 13:47:05,695] WARNING: [!] Capítulo sem número detectado: 'capitulo (14)' — pulando...
[2025-10-08 13:47:05,695] WARNING: [!] Capítulo sem número detectado: 'capitulo (13)' — pulando...
[2025-10-08 13:47:05,695] WARNING: [!] Capítulo sem número detectado: 'capitulo (12)' — pulando...
[2025-10-08 13:47:05,696] WARNING: [!] Capítulo sem número detectado: 'capitulo (11)' — pulando...
[2025-10-08 13:47:05,696] WARNING: [!] Capítulo sem número detectado: 'capitulo (10)' — pulando...
[2025-10-08 13:47:05,696] WARNING: [!] Capítulo sem número detectado: 'capitulo (9)' — pulando...
[2025-10-08 13:47:05,696] WARNING: [!] Capítulo sem número detectado: 'capitulo (8)' — pulando...
[2025-10-08 13:47:05,696] WARNING: [!] Capítulo sem número detectado: 'capitulo (7)' — pulando...
[2025-10-08 13:47:05,696] WARNING: [!] Capítulo sem número detectado: 'capitulo (6)' — pulando...
[2025-10-08 13:47:05,696] WARNING: [!] Capítulo sem número detectado: 'capitulo (5)' — pulando...
[2025-10-08 13:47:05,696] WARNING: [!] Capítulo sem número detectado: 'capitulo (4)' — pulando...
[2025-10-08 13:47:05,696] WARNING: [!] Capítulo sem número detectado: 'capitulo (3)' — pulando...
[2025-10-08 13:47:05,697] WARNING: [!] Capítulo sem número detectado: 'capitulo (2)' — pulando...
[2025-10-08 13:47:05,697] WARNING: [!] Capítulo sem número detectado: 'capitulo (1)' — pulando...
[2025-10-08 13:47:05,699] INFO: [*] Total de capítulos extraídos: 198
[2025-10-08 13:47:05,699] INFO: [*] Mangá 'Magic Emperor' sincronizado com sucesso.
[2025-10-08 13:47:05,766] INFO: [*] Buscando capítulos pela url: https://mangaonline.blog/manga/the-regressed-mercenarys-machinations/
[2025-10-08 13:47:05,849] INFO: [*] Capítulos encontrados: 59
[2025-10-08 13:47:05,852] INFO: [*] Total de capítulos extraídos: 59
[2025-10-08 13:47:05,852] INFO: [*] Mangá 'The Regressed Mercenary’s Machinations' sincronizado com sucesso.
[2025-10-08 13:47:05,870] INFO: [*] Buscando capítulos pela url: https://mangaonline.blog/manga/the-reborn-young-lord-is-an-assassin/
[2025-10-08 13:47:07,857] INFO: [*] Capítulos encontrados: 94
[2025-10-08 13:47:07,861] INFO: [*] Total de capítulos extraídos: 94
[2025-10-08 13:47:07,862] INFO: [!] Capítulo 1 já existente em 'The Reborn Young Lord Is an Assassin'.
[2025-10-08 13:47:07,862] INFO: [!] Capítulo 2 já existente em 'The Reborn Young Lord Is an Assassin'.
[2025-10-08 13:47:07,862] INFO: [!] Capítulo 3 já existente em 'The Reborn Young Lord Is an Assassin'.
[2025-10-08 13:47:07,862] INFO: [!] Capítulo 4 já existente em 'The Reborn Young Lord Is an Assassin'.
[2025-10-08 13:47:07,862] INFO: [!] Capítulo 5 já existente em 'The Reborn Young Lord Is an Assassin'.
[2025-10-08 13:47:07,862] INFO: [!] Capítulo 6 já existente em 'The Reborn Young Lord Is an Assassin'.
[2025-10-08 13:47:07,862] INFO: [!] Capítulo 7 já existente em 'The Reborn Young Lord Is an Assassin'.
[2025-10-08 13:47:07,862] INFO: [!] Capítulo 8 já existente em 'The Reborn Young Lord Is an Assassin'.
[2025-10-08 13:47:07,862] INFO: [!] Capítulo 9 já existente em 'The Reborn Young Lord Is an Assassin'.
[2025-10-08 13:47:07,862] INFO: [!] Capítulo 10 já existente em 'The Reborn Young Lord Is an Assassin'.
[2025-10-08 13:47:07,862] INFO: [!] Capítulo 11 já existente em 'The Reborn Young Lord Is an Assassin'.
[2025-10-08 13:47:07,862] INFO: [!] Capítulo 12 já existente em 'The Reborn Young Lord Is an Assassin'.
[2025-10-08 13:47:07,862] INFO: [!] Capítulo 13 já existente em 'The Reborn Young Lord Is an Assassin'.
[2025-10-08 13:47:07,862] INFO: [!] Capítulo 14 já existente em 'The Reborn Young Lord Is an Assassin'.
[2025-10-08 13:47:07,862] INFO: [!] Capítulo 15 já existente em 'The Reborn Young Lord Is an Assassin'.
[2025-10-08 13:47:07,863] INFO: [!] Capítulo 16 já existente em 'The Reborn Young Lord Is an Assassin'.
[2025-10-08 13:47:07,863] INFO: [!] Capítulo 17 já existente em 'The Reborn Young Lord Is an Assassin'.
[2025-10-08 13:47:07,863] INFO: [!] Capítulo 18 já existente em 'The Reborn Young Lord Is an Assassin'.
[2025-10-08 13:47:07,863] INFO: [!] Capítulo 19 já existente em 'The Reborn Young Lord Is an Assassin'.
[2025-10-08 13:47:07,863] INFO: [!] Capítulo 20 já existente em 'The Reborn Young Lord Is an Assassin'.
[2025-10-08 13:47:07,863] INFO: [!] Capítulo 21 já existente em 'The Reborn Young Lord Is an Assassin'.
[2025-10-08 13:47:07,863] INFO: [!] Capítulo 22 já existente em 'The Reborn Young Lord Is an Assassin'.
[2025-10-08 13:47:07,863] INFO: [!] Capítulo 23 já existente em 'The Reborn Young Lord Is an Assassin'.
[2025-10-08 13:47:07,863] INFO: [!] Capítulo 24 já existente em 'The Reborn Young Lord Is an Assassin'.
[2025-10-08 13:47:07,863] INFO: [!] Capítulo 25 já existente em 'The Reborn Young Lord Is an Assassin'.
[2025-10-08 13:47:07,863] INFO: [!] Capítulo 26 já existente em 'The Reborn Young Lord Is an Assassin'.
[2025-10-08 13:47:07,863] INFO: [!] Capítulo 27 já existente em 'The Reborn Young Lord Is an Assassin'.
[2025-10-08 13:47:07,863] INFO: [!] Capítulo 28 já existente em 'The Reborn Young Lord Is an Assassin'.
[2025-10-08 13:47:07,863] INFO: [!] Capítulo 29 já existente em 'The Reborn Young Lord Is an Assassin'.
[2025-10-08 13:47:07,863] INFO: [!] Capítulo 30 já existente em 'The Reborn Young Lord Is an Assassin'.
[2025-10-08 13:47:07,863] INFO: [!] Capítulo 31 já existente em 'The Reborn Young Lord Is an Assassin'.
[2025-10-08 13:47:07,863] INFO: [!] Capítulo 32 já existente em 'The Reborn Young Lord Is an Assassin'.
[2025-10-08 13:47:07,863] INFO: [!] Capítulo 33 já existente em 'The Reborn Young Lord Is an Assassin'.
[2025-10-08 13:47:07,864] INFO: [!] Capítulo 34 já existente em 'The Reborn Young Lord Is an Assassin'.
[2025-10-08 13:47:07,864] INFO: [!] Capítulo 35 já existente em 'The Reborn Young Lord Is an Assassin'.
[2025-10-08 13:47:07,864] INFO: [!] Capítulo 36 já existente em 'The Reborn Young Lord Is an Assassin'.
[2025-10-08 13:47:07,864] INFO: [!] Capítulo 37 já existente em 'The Reborn Young Lord Is an Assassin'.
[2025-10-08 13:47:07,864] INFO: [!] Capítulo 38 já existente em 'The Reborn Young Lord Is an Assassin'.
[2025-10-08 13:47:07,864] INFO: [!] Capítulo 39 já existente em 'The Reborn Young Lord Is an Assassin'.
[2025-10-08 13:47:07,864] INFO: [!] Capítulo 40 já existente em 'The Reborn Young Lord Is an Assassin'.
[2025-10-08 13:47:07,864] INFO: [!] Capítulo 41 já existente em 'The Reborn Young Lord Is an Assassin'.
[2025-10-08 13:47:07,864] INFO: [!] Capítulo 42 já existente em 'The Reborn Young Lord Is an Assassin'.
[2025-10-08 13:47:07,864] INFO: [!] Capítulo 43 já existente em 'The Reborn Young Lord Is an Assassin'.
[2025-10-08 13:47:07,864] INFO: [!] Capítulo 44 já existente em 'The Reborn Young Lord Is an Assassin'.
[2025-10-08 13:47:07,864] INFO: [!] Capítulo 45 já existente em 'The Reborn Young Lord Is an Assassin'.
[2025-10-08 13:47:07,864] INFO: [!] Capítulo 46 já existente em 'The Reborn Young Lord Is an Assassin'.
[2025-10-08 13:47:07,864] INFO: [!] Capítulo 47 já existente em 'The Reborn Young Lord Is an Assassin'.
[2025-10-08 13:47:07,864] INFO: [!] Capítulo 48 já existente em 'The Reborn Young Lord Is an Assassin'.
[2025-10-08 13:47:07,864] INFO: [!] Capítulo 49 já existente em 'The Reborn Young Lord Is an Assassin'.
[2025-10-08 13:47:07,864] INFO: [!] Capítulo 50 já existente em 'The Reborn Young Lord Is an Assassin'.
[2025-10-08 13:47:07,864] INFO: [!] Capítulo 51 já existente em 'The Reborn Young Lord Is an Assassin'.
[2025-10-08 13:47:07,864] INFO: [!] Capítulo 52 já existente em 'The Reborn Young Lord Is an Assassin'.
[2025-10-08 13:47:07,864] INFO: [!] Capítulo 53 já existente em 'The Reborn Young Lord Is an Assassin'.
[2025-10-08 13:47:07,865] INFO: [!] Capítulo 54 já existente em 'The Reborn Young Lord Is an Assassin'.
[2025-10-08 13:47:07,865] INFO: [!] Capítulo 55 já existente em 'The Reborn Young Lord Is an Assassin'.
[2025-10-08 13:47:07,865] INFO: [!] Capítulo 56 já existente em 'The Reborn Young Lord Is an Assassin'.
[2025-10-08 13:47:07,865] INFO: [!] Capítulo 57 já existente em 'The Reborn Young Lord Is an Assassin'.
[2025-10-08 13:47:07,865] INFO: [!] Capítulo 58 já existente em 'The Reborn Young Lord Is an Assassin'.
[2025-10-08 13:47:07,865] INFO: [!] Capítulo 59 já existente em 'The Reborn Young Lord Is an Assassin'.
[2025-10-08 13:47:07,865] INFO: [!] Capítulo 60 já existente em 'The Reborn Young Lord Is an Assassin'.
[2025-10-08 13:47:07,865] INFO: [!] Capítulo 61 já existente em 'The Reborn Young Lord Is an Assassin'.
[2025-10-08 13:47:07,865] INFO: [!] Capítulo 62 já existente em 'The Reborn Young Lord Is an Assassin'.
[2025-10-08 13:47:07,865] INFO: [!] Capítulo 63 já existente em 'The Reborn Young Lord Is an Assassin'.
[2025-10-08 13:47:07,865] INFO: [!] Capítulo 64 já existente em 'The Reborn Young Lord Is an Assassin'.
[2025-10-08 13:47:07,865] INFO: [!] Capítulo 65 já existente em 'The Reborn Young Lord Is an Assassin'.
[2025-10-08 13:47:07,865] INFO: [!] Capítulo 66 já existente em 'The Reborn Young Lord Is an Assassin'.
[2025-10-08 13:47:07,865] INFO: [!] Capítulo 67 já existente em 'The Reborn Young Lord Is an Assassin'.
[2025-10-08 13:47:07,865] INFO: [!] Capítulo 69 já existente em 'The Reborn Young Lord Is an Assassin'.
[2025-10-08 13:47:07,865] INFO: [!] Capítulo 70 já existente em 'The Reborn Young Lord Is an Assassin'.
[2025-10-08 13:47:07,865] INFO: [!] Capítulo 71 já existente em 'The Reborn Young Lord Is an Assassin'.
[2025-10-08 13:47:07,865] INFO: [!] Capítulo 72 já existente em 'The Reborn Young Lord Is an Assassin'.
[2025-10-08 13:47:07,865] INFO: [!] Capítulo 73 já existente em 'The Reborn Young Lord Is an Assassin'.
[2025-10-08 13:47:07,865] INFO: [!] Capítulo 74 já existente em 'The Reborn Young Lord Is an Assassin'.
[2025-10-08 13:47:07,866] INFO: [!] Capítulo 75 já existente em 'The Reborn Young Lord Is an Assassin'.
[2025-10-08 13:47:07,866] INFO: [!] Capítulo 76 já existente em 'The Reborn Young Lord Is an Assassin'.
[2025-10-08 13:47:07,866] INFO: [!] Capítulo 77 já existente em 'The Reborn Young Lord Is an Assassin'.
[2025-10-08 13:47:07,866] INFO: [!] Capítulo 78 já existente em 'The Reborn Young Lord Is an Assassin'.
[2025-10-08 13:47:07,866] INFO: [!] Capítulo 79 já existente em 'The Reborn Young Lord Is an Assassin'.
[2025-10-08 13:47:07,866] INFO: [!] Capítulo 80 já existente em 'The Reborn Young Lord Is an Assassin'.
[2025-10-08 13:47:07,866] INFO: [!] Capítulo 81 já existente em 'The Reborn Young Lord Is an Assassin'.
[2025-10-08 13:47:07,866] INFO: [!] Capítulo 82 já existente em 'The Reborn Young Lord Is an Assassin'.
[2025-10-08 13:47:07,866] INFO: [!] Capítulo 83 já existente em 'The Reborn Young Lord Is an Assassin'.
[2025-10-08 13:47:07,866] INFO: [!] Capítulo 84 já existente em 'The Reborn Young Lord Is an Assassin'.
[2025-10-08 13:47:07,866] INFO: [!] Capítulo 85 já existente em 'The Reborn Young Lord Is an Assassin'.
[2025-10-08 13:47:07,866] INFO: [!] Capítulo 86 já existente em 'The Reborn Young Lord Is an Assassin'.
[2025-10-08 13:47:07,866] INFO: [!] Capítulo 87 já existente em 'The Reborn Young Lord Is an Assassin'.
[2025-10-08 13:47:07,866] INFO: [!] Capítulo 88 já existente em 'The Reborn Young Lord Is an Assassin'.
[2025-10-08 13:47:07,866] INFO: [!] Capítulo 89 já existente em 'The Reborn Young Lord Is an Assassin'.
[2025-10-08 13:47:07,866] INFO: [!] Capítulo 90 já existente em 'The Reborn Young Lord Is an Assassin'.
[2025-10-08 13:47:07,866] INFO: [!] Capítulo 91 já existente em 'The Reborn Young Lord Is an Assassin'.
[2025-10-08 13:47:07,866] INFO: [!] Capítulo 92 já existente em 'The Reborn Young Lord Is an Assassin'.
[2025-10-08 13:47:07,866] INFO: [!] Capítulo 93 já existente em 'The Reborn Young Lord Is an Assassin'.
[2025-10-08 13:47:07,866] INFO: [!] Capítulo 94 já existente em 'The Reborn Young Lord Is an Assassin'.
[2025-10-08 13:47:07,867] INFO: [!] Capítulo 95 já existente em 'The Reborn Young Lord Is an Assassin'.
[2025-10-08 13:47:07,887] INFO: [*] Buscando capítulos pela url: https://mangaonline.blog/manga/dandadan-manga-pt-br/
[2025-10-08 13:47:08,096] INFO: [*] Capítulos encontrados: 212
[2025-10-08 13:47:08,107] INFO: [*] Total de capítulos extraídos: 212
[2025-10-08 13:47:08,107] INFO: [*] Mangá 'Dandadan' sincronizado com sucesso.
[2025-10-08 13:47:08,125] INFO: [*] Buscando capítulos pela url: https://mangaonline.blog/manga/i-obtained-a-mythic-item/
[2025-10-08 13:47:10,242] INFO: [*] Capítulos encontrados: 148
[2025-10-08 13:47:10,249] INFO: [*] Total de capítulos extraídos: 148
[2025-10-08 13:47:10,250] INFO: [!] Capítulo 1 já existente em 'I Obtained a Mythic Item'.
[2025-10-08 13:47:10,250] INFO: [!] Capítulo 2 já existente em 'I Obtained a Mythic Item'.
[2025-10-08 13:47:10,250] INFO: [!] Capítulo 3 já existente em 'I Obtained a Mythic Item'.
[2025-10-08 13:47:10,250] INFO: [!] Capítulo 4 já existente em 'I Obtained a Mythic Item'.
[2025-10-08 13:47:10,250] INFO: [!] Capítulo 5 já existente em 'I Obtained a Mythic Item'.
[2025-10-08 13:47:10,250] INFO: [!] Capítulo 6 já existente em 'I Obtained a Mythic Item'.
[2025-10-08 13:47:10,250] INFO: [!] Capítulo 7 já existente em 'I Obtained a Mythic Item'.
[2025-10-08 13:47:10,250] INFO: [!] Capítulo 8 já existente em 'I Obtained a Mythic Item'.
[2025-10-08 13:47:10,250] INFO: [!] Capítulo 9 já existente em 'I Obtained a Mythic Item'.
[2025-10-08 13:47:10,250] INFO: [!] Capítulo 10 já existente em 'I Obtained a Mythic Item'.
[2025-10-08 13:47:10,250] INFO: [!] Capítulo 11 já existente em 'I Obtained a Mythic Item'.
[2025-10-08 13:47:10,250] INFO: [!] Capítulo 12 já existente em 'I Obtained a Mythic Item'.
[2025-10-08 13:47:10,250] INFO: [!] Capítulo 13 já existente em 'I Obtained a Mythic Item'.
[2025-10-08 13:47:10,250] INFO: [!] Capítulo 14 já existente em 'I Obtained a Mythic Item'.
[2025-10-08 13:47:10,250] INFO: [!] Capítulo 15 já existente em 'I Obtained a Mythic Item'.
[2025-10-08 13:47:10,250] INFO: [!] Capítulo 16 já existente em 'I Obtained a Mythic Item'.
[2025-10-08 13:47:10,250] INFO: [!] Capítulo 17 já existente em 'I Obtained a Mythic Item'.
[2025-10-08 13:47:10,251] INFO: [!] Capítulo 18 já existente em 'I Obtained a Mythic Item'.
[2025-10-08 13:47:10,251] INFO: [!] Capítulo 19 já existente em 'I Obtained a Mythic Item'.
[2025-10-08 13:47:10,251] INFO: [!] Capítulo 20 já existente em 'I Obtained a Mythic Item'.
[2025-10-08 13:47:10,251] INFO: [!] Capítulo 21 já existente em 'I Obtained a Mythic Item'.
[2025-10-08 13:47:10,251] INFO: [!] Capítulo 22 já existente em 'I Obtained a Mythic Item'.
[2025-10-08 13:47:10,251] INFO: [!] Capítulo 23 já existente em 'I Obtained a Mythic Item'.
[2025-10-08 13:47:10,251] INFO: [!] Capítulo 24 já existente em 'I Obtained a Mythic Item'.
[2025-10-08 13:47:10,251] INFO: [!] Capítulo 25 já existente em 'I Obtained a Mythic Item'.
[2025-10-08 13:47:10,251] INFO: [!] Capítulo 26 já existente em 'I Obtained a Mythic Item'.
[2025-10-08 13:47:10,251] INFO: [!] Capítulo 27 já existente em 'I Obtained a Mythic Item'.
[2025-10-08 13:47:10,251] INFO: [!] Capítulo 28 já existente em 'I Obtained a Mythic Item'.
[2025-10-08 13:47:10,251] INFO: [!] Capítulo 29 já existente em 'I Obtained a Mythic Item'.
[2025-10-08 13:47:10,251] INFO: [!] Capítulo 30 já existente em 'I Obtained a Mythic Item'.
[2025-10-08 13:47:10,251] INFO: [!] Capítulo 31 já existente em 'I Obtained a Mythic Item'.
[2025-10-08 13:47:10,251] INFO: [!] Capítulo 32 já existente em 'I Obtained a Mythic Item'.
[2025-10-08 13:47:10,251] INFO: [!] Capítulo 33 já existente em 'I Obtained a Mythic Item'.
[2025-10-08 13:47:10,251] INFO: [!] Capítulo 34 já existente em 'I Obtained a Mythic Item'.
[2025-10-08 13:47:10,251] INFO: [!] Capítulo 35 já existente em 'I Obtained a Mythic Item'.
[2025-10-08 13:47:10,251] INFO: [!] Capítulo 36 já existente em 'I Obtained a Mythic Item'.
[2025-10-08 13:47:10,251] INFO: [!] Capítulo 37 já existente em 'I Obtained a Mythic Item'.
[2025-10-08 13:47:10,252] INFO: [!] Capítulo 38 já existente em 'I Obtained a Mythic Item'.
[2025-10-08 13:47:10,252] INFO: [!] Capítulo 39 já existente em 'I Obtained a Mythic Item'.
[2025-10-08 13:47:10,252] INFO: [!] Capítulo 40 já existente em 'I Obtained a Mythic Item'.
[2025-10-08 13:47:10,252] INFO: [!] Capítulo 41 já existente em 'I Obtained a Mythic Item'.
[2025-10-08 13:47:10,252] INFO: [!] Capítulo 42 já existente em 'I Obtained a Mythic Item'.
[2025-10-08 13:47:10,252] INFO: [!] Capítulo 43 já existente em 'I Obtained a Mythic Item'.
[2025-10-08 13:47:10,252] INFO: [!] Capítulo 44 já existente em 'I Obtained a Mythic Item'.
[2025-10-08 13:47:10,252] INFO: [!] Capítulo 45 já existente em 'I Obtained a Mythic Item'.
[2025-10-08 13:47:10,252] INFO: [!] Capítulo 46 já existente em 'I Obtained a Mythic Item'.
[2025-10-08 13:47:10,252] INFO: [!] Capítulo 47 já existente em 'I Obtained a Mythic Item'.
[2025-10-08 13:47:10,252] INFO: [!] Capítulo 48 já existente em 'I Obtained a Mythic Item'.
[2025-10-08 13:47:10,252] INFO: [!] Capítulo 49 já existente em 'I Obtained a Mythic Item'.
[2025-10-08 13:47:10,252] INFO: [!] Capítulo 50 já existente em 'I Obtained a Mythic Item'.
[2025-10-08 13:47:10,252] INFO: [!] Capítulo 51 já existente em 'I Obtained a Mythic Item'.
[2025-10-08 13:47:10,252] INFO: [!] Capítulo 52 já existente em 'I Obtained a Mythic Item'.
[2025-10-08 13:47:10,252] INFO: [!] Capítulo 53 já existente em 'I Obtained a Mythic Item'.
[2025-10-08 13:47:10,252] INFO: [!] Capítulo 54 já existente em 'I Obtained a Mythic Item'.
[2025-10-08 13:47:10,252] INFO: [!] Capítulo 55 já existente em 'I Obtained a Mythic Item'.
[2025-10-08 13:47:10,252] INFO: [!] Capítulo 56 já existente em 'I Obtained a Mythic Item'.
[2025-10-08 13:47:10,252] INFO: [!] Capítulo 57 já existente em 'I Obtained a Mythic Item'.
[2025-10-08 13:47:10,253] INFO: [!] Capítulo 58 já existente em 'I Obtained a Mythic Item'.
[2025-10-08 13:47:10,253] INFO: [!] Capítulo 59 já existente em 'I Obtained a Mythic Item'.
[2025-10-08 13:47:10,253] INFO: [!] Capítulo 60 já existente em 'I Obtained a Mythic Item'.
[2025-10-08 13:47:10,253] INFO: [!] Capítulo 61 já existente em 'I Obtained a Mythic Item'.
[2025-10-08 13:47:10,253] INFO: [!] Capítulo 62 já existente em 'I Obtained a Mythic Item'.
[2025-10-08 13:47:10,253] INFO: [!] Capítulo 63 já existente em 'I Obtained a Mythic Item'.
[2025-10-08 13:47:10,253] INFO: [!] Capítulo 64 já existente em 'I Obtained a Mythic Item'.
[2025-10-08 13:47:10,253] INFO: [!] Capítulo 65 já existente em 'I Obtained a Mythic Item'.
[2025-10-08 13:47:10,253] INFO: [!] Capítulo 66 já existente em 'I Obtained a Mythic Item'.
[2025-10-08 13:47:10,253] INFO: [!] Capítulo 67 já existente em 'I Obtained a Mythic Item'.
[2025-10-08 13:47:10,253] INFO: [!] Capítulo 68 já existente em 'I Obtained a Mythic Item'.
[2025-10-08 13:47:10,253] INFO: [!] Capítulo 69 já existente em 'I Obtained a Mythic Item'.
[2025-10-08 13:47:10,253] INFO: [!] Capítulo 70 já existente em 'I Obtained a Mythic Item'.
[2025-10-08 13:47:10,253] INFO: [!] Capítulo 71 já existente em 'I Obtained a Mythic Item'.
[2025-10-08 13:47:10,253] INFO: [!] Capítulo 72 já existente em 'I Obtained a Mythic Item'.
[2025-10-08 13:47:10,253] INFO: [!] Capítulo 73 já existente em 'I Obtained a Mythic Item'.
[2025-10-08 13:47:10,253] INFO: [!] Capítulo 74 já existente em 'I Obtained a Mythic Item'.
[2025-10-08 13:47:10,253] INFO: [!] Capítulo 75 já existente em 'I Obtained a Mythic Item'.
[2025-10-08 13:47:10,253] INFO: [!] Capítulo 76 já existente em 'I Obtained a Mythic Item'.
[2025-10-08 13:47:10,253] INFO: [!] Capítulo 77 já existente em 'I Obtained a Mythic Item'.
[2025-10-08 13:47:10,253] INFO: [!] Capítulo 78 já existente em 'I Obtained a Mythic Item'.
[2025-10-08 13:47:10,254] INFO: [!] Capítulo 79 já existente em 'I Obtained a Mythic Item'.
[2025-10-08 13:47:10,254] INFO: [!] Capítulo 80 já existente em 'I Obtained a Mythic Item'.
[2025-10-08 13:47:10,254] INFO: [!] Capítulo 81 já existente em 'I Obtained a Mythic Item'.
[2025-10-08 13:47:10,254] INFO: [!] Capítulo 82 já existente em 'I Obtained a Mythic Item'.
[2025-10-08 13:47:10,254] INFO: [!] Capítulo 83 já existente em 'I Obtained a Mythic Item'.
[2025-10-08 13:47:10,254] INFO: [!] Capítulo 84 já existente em 'I Obtained a Mythic Item'.
[2025-10-08 13:47:10,254] INFO: [!] Capítulo 85 já existente em 'I Obtained a Mythic Item'.
[2025-10-08 13:47:10,254] INFO: [!] Capítulo 86 já existente em 'I Obtained a Mythic Item'.
[2025-10-08 13:47:10,254] INFO: [!] Capítulo 87 já existente em 'I Obtained a Mythic Item'.
[2025-10-08 13:47:10,254] INFO: [!] Capítulo 88 já existente em 'I Obtained a Mythic Item'.
[2025-10-08 13:47:10,254] INFO: [!] Capítulo 89 já existente em 'I Obtained a Mythic Item'.
[2025-10-08 13:47:10,254] INFO: [!] Capítulo 90 já existente em 'I Obtained a Mythic Item'.
[2025-10-08 13:47:10,254] INFO: [!] Capítulo 91 já existente em 'I Obtained a Mythic Item'.
[2025-10-08 13:47:10,254] INFO: [!] Capítulo 92 já existente em 'I Obtained a Mythic Item'.
[2025-10-08 13:47:10,254] INFO: [!] Capítulo 93 já existente em 'I Obtained a Mythic Item'.
[2025-10-08 13:47:10,254] INFO: [!] Capítulo 94 já existente em 'I Obtained a Mythic Item'.
[2025-10-08 13:47:10,254] INFO: [!] Capítulo 95 já existente em 'I Obtained a Mythic Item'.
[2025-10-08 13:47:10,254] INFO: [!] Capítulo 96 já existente em 'I Obtained a Mythic Item'.
[2025-10-08 13:47:10,254] INFO: [!] Capítulo 97 já existente em 'I Obtained a Mythic Item'.
[2025-10-08 13:47:10,254] INFO: [!] Capítulo 98 já existente em 'I Obtained a Mythic Item'.
[2025-10-08 13:47:10,255] INFO: [!] Capítulo 99 já existente em 'I Obtained a Mythic Item'.
[2025-10-08 13:47:10,255] INFO: [!] Capítulo 100 já existente em 'I Obtained a Mythic Item'.
[2025-10-08 13:47:10,255] INFO: [!] Capítulo 101 já existente em 'I Obtained a Mythic Item'.
[2025-10-08 13:47:10,255] INFO: [!] Capítulo 102 já existente em 'I Obtained a Mythic Item'.
[2025-10-08 13:47:10,255] INFO: [!] Capítulo 103 já existente em 'I Obtained a Mythic Item'.
[2025-10-08 13:47:10,255] INFO: [!] Capítulo 104 já existente em 'I Obtained a Mythic Item'.
[2025-10-08 13:47:10,255] INFO: [!] Capítulo 105 já existente em 'I Obtained a Mythic Item'.
[2025-10-08 13:47:10,255] INFO: [!] Capítulo 106 já existente em 'I Obtained a Mythic Item'.
[2025-10-08 13:47:10,255] INFO: [!] Capítulo 107 já existente em 'I Obtained a Mythic Item'.
[2025-10-08 13:47:10,255] INFO: [!] Capítulo 107.5 já existente em 'I Obtained a Mythic Item'.
[2025-10-08 13:47:10,255] INFO: [!] Capítulo 108 já existente em 'I Obtained a Mythic Item'.
[2025-10-08 13:47:10,255] INFO: [!] Capítulo 109 já existente em 'I Obtained a Mythic Item'.
[2025-10-08 13:47:10,255] INFO: [!] Capítulo 110 já existente em 'I Obtained a Mythic Item'.
[2025-10-08 13:47:10,255] INFO: [!] Capítulo 111 já existente em 'I Obtained a Mythic Item'.
[2025-10-08 13:47:10,255] INFO: [!] Capítulo 112 já existente em 'I Obtained a Mythic Item'.
[2025-10-08 13:47:10,255] INFO: [!] Capítulo 114 já existente em 'I Obtained a Mythic Item'.
[2025-10-08 13:47:10,255] INFO: [!] Capítulo 115 já existente em 'I Obtained a Mythic Item'.
[2025-10-08 13:47:10,255] INFO: [!] Capítulo 116 já existente em 'I Obtained a Mythic Item'.
[2025-10-08 13:47:10,255] INFO: [!] Capítulo 117 já existente em 'I Obtained a Mythic Item'.
[2025-10-08 13:47:10,255] INFO: [!] Capítulo 118 já existente em 'I Obtained a Mythic Item'.
[2025-10-08 13:47:10,256] INFO: [!] Capítulo 119 já existente em 'I Obtained a Mythic Item'.
[2025-10-08 13:47:10,256] INFO: [!] Capítulo 120 já existente em 'I Obtained a Mythic Item'.
[2025-10-08 13:47:10,256] INFO: [!] Capítulo 122 já existente em 'I Obtained a Mythic Item'.
[2025-10-08 13:47:10,256] INFO: [!] Capítulo 123 já existente em 'I Obtained a Mythic Item'.
[2025-10-08 13:47:10,256] INFO: [!] Capítulo 124 já existente em 'I Obtained a Mythic Item'.
[2025-10-08 13:47:10,256] INFO: [!] Capítulo 125 já existente em 'I Obtained a Mythic Item'.
[2025-10-08 13:47:10,256] INFO: [!] Capítulo 126 já existente em 'I Obtained a Mythic Item'.
[2025-10-08 13:47:10,256] INFO: [!] Capítulo 127 já existente em 'I Obtained a Mythic Item'.
[2025-10-08 13:47:10,256] INFO: [!] Capítulo 128 já existente em 'I Obtained a Mythic Item'.
[2025-10-08 13:47:10,256] INFO: [!] Capítulo 129 já existente em 'I Obtained a Mythic Item'.
[2025-10-08 13:47:10,256] INFO: [!] Capítulo 130 já existente em 'I Obtained a Mythic Item'.
[2025-10-08 13:47:10,256] INFO: [!] Capítulo 131 já existente em 'I Obtained a Mythic Item'.
[2025-10-08 13:47:10,256] INFO: [!] Capítulo 132 já existente em 'I Obtained a Mythic Item'.
[2025-10-08 13:47:10,256] INFO: [!] Capítulo 133 já existente em 'I Obtained a Mythic Item'.
[2025-10-08 13:47:10,256] INFO: [!] Capítulo 134 já existente em 'I Obtained a Mythic Item'.
[2025-10-08 13:47:10,256] INFO: [!] Capítulo 135 já existente em 'I Obtained a Mythic Item'.
[2025-10-08 13:47:10,256] INFO: [!] Capítulo 136 já existente em 'I Obtained a Mythic Item'.
[2025-10-08 13:47:10,256] INFO: [!] Capítulo 137 já existente em 'I Obtained a Mythic Item'.
[2025-10-08 13:47:10,256] INFO: [!] Capítulo 138 já existente em 'I Obtained a Mythic Item'.
[2025-10-08 13:47:10,256] INFO: [!] Capítulo 139 já existente em 'I Obtained a Mythic Item'.
[2025-10-08 13:47:10,257] INFO: [!] Capítulo 140 já existente em 'I Obtained a Mythic Item'.
[2025-10-08 13:47:10,257] INFO: [!] Capítulo 141 já existente em 'I Obtained a Mythic Item'.
[2025-10-08 13:47:10,257] INFO: [!] Capítulo 142 já existente em 'I Obtained a Mythic Item'.
[2025-10-08 13:47:10,257] INFO: [!] Capítulo 143 já existente em 'I Obtained a Mythic Item'.
[2025-10-08 13:47:10,257] INFO: [!] Capítulo 144 já existente em 'I Obtained a Mythic Item'.
[2025-10-08 13:47:10,257] INFO: [!] Capítulo 145 já existente em 'I Obtained a Mythic Item'.
[2025-10-08 13:47:10,257] INFO: [!] Capítulo 146 já existente em 'I Obtained a Mythic Item'.
[2025-10-08 13:47:10,257] INFO: [!] Capítulo 147 já existente em 'I Obtained a Mythic Item'.
[2025-10-08 13:47:10,257] INFO: [!] Capítulo 148 já existente em 'I Obtained a Mythic Item'.
[2025-10-08 13:47:10,257] INFO: [!] Capítulo 149 já existente em 'I Obtained a Mythic Item'.
[2025-10-08 13:47:10,319] INFO: [*] Buscando capítulos pela url: https://mangaonline.blog/manga/childhood-friend-of-zenith/
[2025-10-08 13:47:10,498] INFO: [*] Capítulos encontrados: 75
[2025-10-08 13:47:10,502] INFO: [*] Total de capítulos extraídos: 75
[2025-10-08 13:47:10,502] INFO: [*] Mangá 'Childhood Friend of Zenith' sincronizado com sucesso.
[2025-10-08 13:47:10,524] INFO: [*] Buscando capítulos pela url: https://mangaonline.blog/manga/revenge-of-the-baskerville-bloodhound/
[2025-10-08 13:47:10,699] INFO: [*] Capítulos encontrados: 133
[2025-10-08 13:47:10,706] INFO: [*] Total de capítulos extraídos: 133
[2025-10-08 13:47:10,706] INFO: [*] Mangá 'Revenge of the Baskerville Bloodhound' sincronizado com sucesso.
[2025-10-08 13:47:10,729] INFO: [*] Buscando capítulos pela url: https://mangaonline.blog/manga/jujutsu-kaisen-modulo/
[2025-10-08 13:47:10,788] INFO: [*] Capítulos encontrados: 5
[2025-10-08 13:47:10,788] INFO: [*] Total de capítulos extraídos: 5
[2025-10-08 13:47:10,788] INFO: [*] Mangá 'jujutsu kaisen modulo' sincronizado com sucesso.
[2025-10-08 13:47:10,813] INFO: [*] Buscando capítulos pela url: https://mangaonline.blog/manga/the-swordmasters-son/
[2025-10-08 13:47:10,975] INFO: [*] Capítulos encontrados: 176
[2025-10-08 13:47:10,983] INFO: [*] Total de capítulos extraídos: 176
[2025-10-08 13:47:10,983] INFO: [*] Mangá 'The Swordmaster’s Son' sincronizado com sucesso.
[2025-10-08 13:47:11,009] INFO: [*] Buscando capítulos pela url: https://mangaonline.blog/manga/a-barbarians-adventure-in-a-fantasy-world/
[2025-10-08 13:47:12,704] INFO: [*] Capítulos encontrados: 36
[2025-10-08 13:47:12,707] INFO: [*] Total de capítulos extraídos: 36
[2025-10-08 13:47:12,707] INFO: [*] Mangá 'A Barbarian’s Adventure in a Fantasy World' sincronizado com sucesso.
[2025-10-08 13:47:12,734] INFO: [*] Buscando capítulos pela url: https://mangaonline.blog/manga/logging-10000-years-into-the-future-manga-pt-br/
[2025-10-08 13:47:14,820] INFO: [*] Capítulos encontrados: 261
[2025-10-08 13:47:14,826] WARNING: [!] Capítulo sem número detectado: 'capitulo (134)' — pulando...
[2025-10-08 13:47:14,826] WARNING: [!] Capítulo sem número detectado: 'capitulo (133)' — pulando...
[2025-10-08 13:47:14,826] WARNING: [!] Capítulo sem número detectado: 'capitulo (132)' — pulando...
[2025-10-08 13:47:14,827] WARNING: [!] Capítulo sem número detectado: 'capitulo (131)' — pulando...
[2025-10-08 13:47:14,827] WARNING: [!] Capítulo sem número detectado: 'capitulo (130)' — pulando...
[2025-10-08 13:47:14,827] WARNING: [!] Capítulo sem número detectado: 'capitulo (129)' — pulando...
[2025-10-08 13:47:14,827] WARNING: [!] Capítulo sem número detectado: 'capitulo (128)' — pulando...
[2025-10-08 13:47:14,827] WARNING: [!] Capítulo sem número detectado: 'capitulo (127)' — pulando...
[2025-10-08 13:47:14,827] WARNING: [!] Capítulo sem número detectado: 'capitulo (126)' — pulando...
[2025-10-08 13:47:14,827] WARNING: [!] Capítulo sem número detectado: 'capitulo (125)' — pulando...
[2025-10-08 13:47:14,827] WARNING: [!] Capítulo sem número detectado: 'capitulo (124)' — pulando...
[2025-10-08 13:47:14,828] WARNING: [!] Capítulo sem número detectado: 'capitulo (123)' — pulando...
[2025-10-08 13:47:14,828] WARNING: [!] Capítulo sem número detectado: 'capitulo (122)' — pulando...
[2025-10-08 13:47:14,828] WARNING: [!] Capítulo sem número detectado: 'capitulo (121)' — pulando...
[2025-10-08 13:47:14,828] WARNING: [!] Capítulo sem número detectado: 'capitulo (120)' — pulando...
[2025-10-08 13:47:14,828] WARNING: [!] Capítulo sem número detectado: 'capitulo (119)' — pulando...
[2025-10-08 13:47:14,828] WARNING: [!] Capítulo sem número detectado: 'capitulo (118)' — pulando...
[2025-10-08 13:47:14,828] WARNING: [!] Capítulo sem número detectado: 'capitulo (117)' — pulando...
[2025-10-08 13:47:14,828] WARNING: [!] Capítulo sem número detectado: 'capitulo (116)' — pulando...
[2025-10-08 13:47:14,828] WARNING: [!] Capítulo sem número detectado: 'capitulo (115)' — pulando...
[2025-10-08 13:47:14,829] WARNING: [!] Capítulo sem número detectado: 'capitulo (114)' — pulando...
[2025-10-08 13:47:14,829] WARNING: [!] Capítulo sem número detectado: 'capitulo (113)' — pulando...
[2025-10-08 13:47:14,829] WARNING: [!] Capítulo sem número detectado: 'capitulo (112)' — pulando...
[2025-10-08 13:47:14,829] WARNING: [!] Capítulo sem número detectado: 'capitulo (111)' — pulando...
[2025-10-08 13:47:14,829] WARNING: [!] Capítulo sem número detectado: 'capitulo (110)' — pulando...
[2025-10-08 13:47:14,829] WARNING: [!] Capítulo sem número detectado: 'capitulo (109)' — pulando...
[2025-10-08 13:47:14,829] WARNING: [!] Capítulo sem número detectado: 'capitulo (108)' — pulando...
[2025-10-08 13:47:14,829] WARNING: [!] Capítulo sem número detectado: 'capitulo (107)' — pulando...
[2025-10-08 13:47:14,829] WARNING: [!] Capítulo sem número detectado: 'capitulo (106)' — pulando...
[2025-10-08 13:47:14,830] WARNING: [!] Capítulo sem número detectado: 'capitulo (105)' — pulando...
[2025-10-08 13:47:14,830] WARNING: [!] Capítulo sem número detectado: 'capitulo (104)' — pulando...
[2025-10-08 13:47:14,830] WARNING: [!] Capítulo sem número detectado: 'capitulo (103)' — pulando...
[2025-10-08 13:47:14,830] WARNING: [!] Capítulo sem número detectado: 'capitulo (102)' — pulando...
[2025-10-08 13:47:14,830] WARNING: [!] Capítulo sem número detectado: 'capitulo (101)' — pulando...
[2025-10-08 13:47:14,830] WARNING: [!] Capítulo sem número detectado: 'capitulo (100)' — pulando...
[2025-10-08 13:47:14,830] WARNING: [!] Capítulo sem número detectado: 'capitulo (99)' — pulando...
[2025-10-08 13:47:14,830] WARNING: [!] Capítulo sem número detectado: 'capitulo (98)' — pulando...
[2025-10-08 13:47:14,830] WARNING: [!] Capítulo sem número detectado: 'capitulo (97)' — pulando...
[2025-10-08 13:47:14,831] WARNING: [!] Capítulo sem número detectado: 'capitulo (96)' — pulando...
[2025-10-08 13:47:14,831] WARNING: [!] Capítulo sem número detectado: 'capitulo (95)' — pulando...
[2025-10-08 13:47:14,831] WARNING: [!] Capítulo sem número detectado: 'capitulo (94)' — pulando...
[2025-10-08 13:47:14,831] WARNING: [!] Capítulo sem número detectado: 'capitulo (93)' — pulando...
[2025-10-08 13:47:14,831] WARNING: [!] Capítulo sem número detectado: 'capitulo (92)' — pulando...
[2025-10-08 13:47:14,831] WARNING: [!] Capítulo sem número detectado: 'capitulo (91)' — pulando...
[2025-10-08 13:47:14,831] WARNING: [!] Capítulo sem número detectado: 'capitulo (90)' — pulando...
[2025-10-08 13:47:14,831] WARNING: [!] Capítulo sem número detectado: 'capitulo (89)' — pulando...
[2025-10-08 13:47:14,832] WARNING: [!] Capítulo sem número detectado: 'capitulo (88)' — pulando...
[2025-10-08 13:47:14,832] WARNING: [!] Capítulo sem número detectado: 'capitulo (87)' — pulando...
[2025-10-08 13:47:14,832] WARNING: [!] Capítulo sem número detectado: 'capitulo (86)' — pulando...
[2025-10-08 13:47:14,832] WARNING: [!] Capítulo sem número detectado: 'capitulo (85)' — pulando...
[2025-10-08 13:47:14,832] WARNING: [!] Capítulo sem número detectado: 'capitulo (84)' — pulando...
[2025-10-08 13:47:14,832] WARNING: [!] Capítulo sem número detectado: 'capitulo (83)' — pulando...
[2025-10-08 13:47:14,832] WARNING: [!] Capítulo sem número detectado: 'capitulo (82)' — pulando...
[2025-10-08 13:47:14,832] WARNING: [!] Capítulo sem número detectado: 'capitulo (81)' — pulando...
[2025-10-08 13:47:14,832] WARNING: [!] Capítulo sem número detectado: 'capitulo (80)' — pulando...
[2025-10-08 13:47:14,833] WARNING: [!] Capítulo sem número detectado: 'capitulo (79)' — pulando...
[2025-10-08 13:47:14,833] WARNING: [!] Capítulo sem número detectado: 'capitulo (78)' — pulando...
[2025-10-08 13:47:14,833] WARNING: [!] Capítulo sem número detectado: 'capitulo (77)' — pulando...
[2025-10-08 13:47:14,833] WARNING: [!] Capítulo sem número detectado: 'capitulo (76)' — pulando...
[2025-10-08 13:47:14,833] WARNING: [!] Capítulo sem número detectado: 'capitulo (75)' — pulando...
[2025-10-08 13:47:14,833] WARNING: [!] Capítulo sem número detectado: 'capitulo (74)' — pulando...
[2025-10-08 13:47:14,833] WARNING: [!] Capítulo sem número detectado: 'capitulo (73)' — pulando...
[2025-10-08 13:47:14,833] WARNING: [!] Capítulo sem número detectado: 'capitulo (72)' — pulando...
[2025-10-08 13:47:14,833] WARNING: [!] Capítulo sem número detectado: 'capitulo (71)' — pulando...
[2025-10-08 13:47:14,833] WARNING: [!] Capítulo sem número detectado: 'capitulo (70)' — pulando...
[2025-10-08 13:47:14,834] WARNING: [!] Capítulo sem número detectado: 'capitulo (69)' — pulando...
[2025-10-08 13:47:14,834] WARNING: [!] Capítulo sem número detectado: 'capitulo (68)' — pulando...
[2025-10-08 13:47:14,834] WARNING: [!] Capítulo sem número detectado: 'capitulo (67)' — pulando...
[2025-10-08 13:47:14,834] WARNING: [!] Capítulo sem número detectado: 'capitulo (66)' — pulando...
[2025-10-08 13:47:14,834] WARNING: [!] Capítulo sem número detectado: 'capitulo (65)' — pulando...
[2025-10-08 13:47:14,834] WARNING: [!] Capítulo sem número detectado: 'capitulo (64)' — pulando...
[2025-10-08 13:47:14,834] WARNING: [!] Capítulo sem número detectado: 'capitulo (63)' — pulando...
[2025-10-08 13:47:14,834] WARNING: [!] Capítulo sem número detectado: 'capitulo (62)' — pulando...
[2025-10-08 13:47:14,834] WARNING: [!] Capítulo sem número detectado: 'capitulo (61)' — pulando...
[2025-10-08 13:47:14,835] WARNING: [!] Capítulo sem número detectado: 'capitulo (60)' — pulando...
[2025-10-08 13:47:14,835] WARNING: [!] Capítulo sem número detectado: 'capitulo (59)' — pulando...
[2025-10-08 13:47:14,835] WARNING: [!] Capítulo sem número detectado: 'capitulo (58)' — pulando...
[2025-10-08 13:47:14,835] WARNING: [!] Capítulo sem número detectado: 'capitulo (57)' — pulando...
[2025-10-08 13:47:14,835] WARNING: [!] Capítulo sem número detectado: 'capitulo (56)' — pulando...
[2025-10-08 13:47:14,835] WARNING: [!] Capítulo sem número detectado: 'capitulo (55)' — pulando...
[2025-10-08 13:47:14,835] WARNING: [!] Capítulo sem número detectado: 'capitulo (54)' — pulando...
[2025-10-08 13:47:14,835] WARNING: [!] Capítulo sem número detectado: 'capitulo (53)' — pulando...
[2025-10-08 13:47:14,835] WARNING: [!] Capítulo sem número detectado: 'capitulo (52)' — pulando...
[2025-10-08 13:47:14,836] WARNING: [!] Capítulo sem número detectado: 'capitulo (51)' — pulando...
[2025-10-08 13:47:14,836] WARNING: [!] Capítulo sem número detectado: 'capitulo (50)' — pulando...
[2025-10-08 13:47:14,836] WARNING: [!] Capítulo sem número detectado: 'capitulo (50)' — pulando...
[2025-10-08 13:47:14,836] WARNING: [!] Capítulo sem número detectado: 'capitulo (49)' — pulando...
[2025-10-08 13:47:14,836] WARNING: [!] Capítulo sem número detectado: 'capitulo (48)' — pulando...
[2025-10-08 13:47:14,836] WARNING: [!] Capítulo sem número detectado: 'capitulo (47)' — pulando...
[2025-10-08 13:47:14,836] WARNING: [!] Capítulo sem número detectado: 'capitulo (46)' — pulando...
[2025-10-08 13:47:14,836] WARNING: [!] Capítulo sem número detectado: 'capitulo (45)' — pulando...
[2025-10-08 13:47:14,836] WARNING: [!] Capítulo sem número detectado: 'capitulo (44)' — pulando...
[2025-10-08 13:47:14,837] WARNING: [!] Capítulo sem número detectado: 'capitulo (43)' — pulando...
[2025-10-08 13:47:14,837] WARNING: [!] Capítulo sem número detectado: 'capitulo (42)' — pulando...
[2025-10-08 13:47:14,837] WARNING: [!] Capítulo sem número detectado: 'capitulo (41)' — pulando...
[2025-10-08 13:47:14,837] WARNING: [!] Capítulo sem número detectado: 'capitulo (40)' — pulando...
[2025-10-08 13:47:14,837] WARNING: [!] Capítulo sem número detectado: 'capitulo (39)' — pulando...
[2025-10-08 13:47:14,837] WARNING: [!] Capítulo sem número detectado: 'capitulo (38)' — pulando...
[2025-10-08 13:47:14,837] WARNING: [!] Capítulo sem número detectado: 'capitulo (37)' — pulando...
[2025-10-08 13:47:14,837] WARNING: [!] Capítulo sem número detectado: 'capitulo (36)' — pulando...
[2025-10-08 13:47:14,837] WARNING: [!] Capítulo sem número detectado: 'capitulo (35)' — pulando...
[2025-10-08 13:47:14,837] WARNING: [!] Capítulo sem número detectado: 'capitulo (34)' — pulando...
[2025-10-08 13:47:14,838] WARNING: [!] Capítulo sem número detectado: 'capitulo (33)' — pulando...
[2025-10-08 13:47:14,838] WARNING: [!] Capítulo sem número detectado: 'capitulo (32)' — pulando...
[2025-10-08 13:47:14,838] WARNING: [!] Capítulo sem número detectado: 'capitulo (31)' — pulando...
[2025-10-08 13:47:14,838] WARNING: [!] Capítulo sem número detectado: 'capitulo (30)' — pulando...
[2025-10-08 13:47:14,838] WARNING: [!] Capítulo sem número detectado: 'capitulo (29)' — pulando...
[2025-10-08 13:47:14,838] WARNING: [!] Capítulo sem número detectado: 'capitulo (28)' — pulando...
[2025-10-08 13:47:14,838] WARNING: [!] Capítulo sem número detectado: 'capitulo (27)' — pulando...
[2025-10-08 13:47:14,838] WARNING: [!] Capítulo sem número detectado: 'capitulo (26)' — pulando...
[2025-10-08 13:47:14,838] WARNING: [!] Capítulo sem número detectado: 'capitulo (25)' — pulando...
[2025-10-08 13:47:14,839] WARNING: [!] Capítulo sem número detectado: 'capitulo (24)' — pulando...
[2025-10-08 13:47:14,839] WARNING: [!] Capítulo sem número detectado: 'capitulo (23)' — pulando...
[2025-10-08 13:47:14,839] WARNING: [!] Capítulo sem número detectado: 'capitulo (22)' — pulando...
[2025-10-08 13:47:14,839] WARNING: [!] Capítulo sem número detectado: 'capitulo (21)' — pulando...
[2025-10-08 13:47:14,839] WARNING: [!] Capítulo sem número detectado: 'capitulo (20)' — pulando...
[2025-10-08 13:47:14,839] WARNING: [!] Capítulo sem número detectado: 'capitulo (19)' — pulando...
[2025-10-08 13:47:14,839] WARNING: [!] Capítulo sem número detectado: 'capitulo (18)' — pulando...
[2025-10-08 13:47:14,839] WARNING: [!] Capítulo sem número detectado: 'capitulo (17)' — pulando...
[2025-10-08 13:47:14,839] WARNING: [!] Capítulo sem número detectado: 'capitulo (16)' — pulando...
[2025-10-08 13:47:14,839] WARNING: [!] Capítulo sem número detectado: 'capitulo (15)' — pulando...
[2025-10-08 13:47:14,840] WARNING: [!] Capítulo sem número detectado: 'capitulo (14)' — pulando...
[2025-10-08 13:47:14,840] WARNING: [!] Capítulo sem número detectado: 'capitulo (13)' — pulando...
[2025-10-08 13:47:14,840] WARNING: [!] Capítulo sem número detectado: 'capitulo (12)' — pulando...
[2025-10-08 13:47:14,840] WARNING: [!] Capítulo sem número detectado: 'capitulo (11)' — pulando...
[2025-10-08 13:47:14,840] WARNING: [!] Capítulo sem número detectado: 'capitulo (10)' — pulando...
[2025-10-08 13:47:14,840] WARNING: [!] Capítulo sem número detectado: 'capitulo (9)' — pulando...
[2025-10-08 13:47:14,840] WARNING: [!] Capítulo sem número detectado: 'capitulo (8)' — pulando...
[2025-10-08 13:47:14,840] WARNING: [!] Capítulo sem número detectado: 'capitulo (7)' — pulando...
[2025-10-08 13:47:14,840] WARNING: [!] Capítulo sem número detectado: 'capitulo (6)' — pulando...
[2025-10-08 13:47:14,841] WARNING: [!] Capítulo sem número detectado: 'capitulo (5)' — pulando...
[2025-10-08 13:47:14,841] WARNING: [!] Capítulo sem número detectado: 'capitulo (4)' — pulando...
[2025-10-08 13:47:14,841] WARNING: [!] Capítulo sem número detectado: 'capitulo (3)' — pulando...
[2025-10-08 13:47:14,841] WARNING: [!] Capítulo sem número detectado: 'capitulo (2)' — pulando...
[2025-10-08 13:47:14,841] WARNING: [!] Capítulo sem número detectado: 'capitulo (1)' — pulando...
[2025-10-08 13:47:14,841] INFO: [*] Total de capítulos extraídos: 126
[2025-10-08 13:47:14,841] INFO: [*] Mangá 'Logging 10,000 Years Into The Future' sincronizado com sucesso.
[2025-10-08 13:47:14,920] INFO: [*] Buscando capítulos pela url: https://mangaonline.blog/manga/metcha-shoukan-sareta-ken/
[2025-10-08 13:47:15,017] INFO: [*] Capítulos encontrados: 68
[2025-10-08 13:47:15,020] INFO: [*] Total de capítulos extraídos: 68
[2025-10-08 13:47:15,020] INFO: [*] Mangá 'Metcha Shoukan Sareta Ken' sincronizado com sucesso.
[2025-10-08 13:47:15,041] INFO: [*] Buscando capítulos pela url: https://mangaonline.blog/manga/kaoru-hana-wa-rin-to-saku/
[2025-10-08 13:47:15,165] INFO: [*] Capítulos encontrados: 151
[2025-10-08 13:47:15,172] INFO: [*] Total de capítulos extraídos: 151
[2025-10-08 13:47:15,172] INFO: [*] Mangá 'Kaoru Hana wa Rin to Saku' sincronizado com sucesso.
[2025-10-08 13:47:15,241] INFO: [*] Buscando capítulos pela url: https://mangaonline.blog/manga/eternally-regressing-knight/
[2025-10-08 13:47:15,336] INFO: [*] Capítulos encontrados: 78
[2025-10-08 13:47:15,340] INFO: [*] Total de capítulos extraídos: 78
[2025-10-08 13:47:15,341] INFO: [*] Mangá 'Eternally Regressing Knight' sincronizado com sucesso.
[2025-10-08 13:47:15,358] INFO: [*] Buscando capítulos pela url: https://mangaonline.blog/manga/mushoku-tensei-isekai-ittara-honki-dasu-manga/
[2025-10-08 13:47:16,590] INFO: [*] Capítulos encontrados: 36
[2025-10-08 13:47:16,592] INFO: [*] Total de capítulos extraídos: 36
[2025-10-08 13:47:16,592] INFO: [*] Mangá 'Mushoku Tensei: Isekai Ittara Honki Dasu Manga' sincronizado com sucesso.
[2025-10-08 13:47:16,692] INFO: [*] Buscando capítulos pela url: https://mangaonline.blog/manga/tower-of-god-ureks-ascent/
[2025-10-08 13:47:16,761] INFO: [*] Capítulos encontrados: 29
[2025-10-08 13:47:16,762] INFO: [*] Total de capítulos extraídos: 29
[2025-10-08 13:47:16,762] INFO: [*] Mangá 'Tower of God: Urek’s Ascent' sincronizado com sucesso.
[2025-10-08 13:47:16,775] INFO: [*] Buscando capítulos pela url: https://mangaonline.blog/manga/the-celestial-returned-from-hell/
[2025-10-08 13:47:17,903] INFO: [*] Capítulos encontrados: 10
[2025-10-08 13:47:17,903] INFO: [*] Total de capítulos extraídos: 10
[2025-10-08 13:47:17,904] INFO: [*] Mangá 'The Celestial Returned from Hell' sincronizado com sucesso.
[2025-10-08 13:47:17,919] INFO: [*] Buscando capítulos pela url: https://mangaonline.blog/manga/gachiakuta-manga/
[2025-10-08 13:47:18,129] INFO: [*] Capítulos encontrados: 152
[2025-10-08 13:47:18,136] INFO: [*] Total de capítulos extraídos: 152
[2025-10-08 13:47:18,136] INFO: [*] Mangá 'Gachiakuta Manga' sincronizado com sucesso.
[2025-10-08 13:47:18,397] INFO: [*] Buscando capítulos pela url: https://mangaonline.blog/manga/nano-machine-manhwa/
[2025-10-08 13:47:21,017] INFO: [*] Capítulos encontrados: 271
[2025-10-08 13:47:21,030] INFO: [*] Total de capítulos extraídos: 271
[2025-10-08 13:47:21,030] INFO: [!] Capítulo 1 já existente em 'Nano Machine'.
[2025-10-08 13:47:21,030] INFO: [!] Capítulo 2 já existente em 'Nano Machine'.
[2025-10-08 13:47:21,030] INFO: [!] Capítulo 3 já existente em 'Nano Machine'.
[2025-10-08 13:47:21,030] INFO: [!] Capítulo 4 já existente em 'Nano Machine'.
[2025-10-08 13:47:21,030] INFO: [!] Capítulo 5 já existente em 'Nano Machine'.
[2025-10-08 13:47:21,030] INFO: [!] Capítulo 6 já existente em 'Nano Machine'.
[2025-10-08 13:47:21,030] INFO: [!] Capítulo 7 já existente em 'Nano Machine'.
[2025-10-08 13:47:21,030] INFO: [!] Capítulo 8 já existente em 'Nano Machine'.
[2025-10-08 13:47:21,031] INFO: [!] Capítulo 9 já existente em 'Nano Machine'.
[2025-10-08 13:47:21,031] INFO: [!] Capítulo 10 já existente em 'Nano Machine'.
[2025-10-08 13:47:21,031] INFO: [!] Capítulo 11 já existente em 'Nano Machine'.
[2025-10-08 13:47:21,031] INFO: [!] Capítulo 12 já existente em 'Nano Machine'.
[2025-10-08 13:47:21,031] INFO: [!] Capítulo 13 já existente em 'Nano Machine'.
[2025-10-08 13:47:21,031] INFO: [!] Capítulo 14 já existente em 'Nano Machine'.
[2025-10-08 13:47:21,031] INFO: [!] Capítulo 15 já existente em 'Nano Machine'.
[2025-10-08 13:47:21,031] INFO: [!] Capítulo 16 já existente em 'Nano Machine'.
[2025-10-08 13:47:21,031] INFO: [!] Capítulo 17 já existente em 'Nano Machine'.
[2025-10-08 13:47:21,031] INFO: [!] Capítulo 18 já existente em 'Nano Machine'.
[2025-10-08 13:47:21,031] INFO: [!] Capítulo 19 já existente em 'Nano Machine'.
[2025-10-08 13:47:21,031] INFO: [!] Capítulo 20 já existente em 'Nano Machine'.
[2025-10-08 13:47:21,031] INFO: [!] Capítulo 22 já existente em 'Nano Machine'.
[2025-10-08 13:47:21,031] INFO: [!] Capítulo 23 já existente em 'Nano Machine'.
[2025-10-08 13:47:21,031] INFO: [!] Capítulo 24 já existente em 'Nano Machine'.
[2025-10-08 13:47:21,031] INFO: [!] Capítulo 25 já existente em 'Nano Machine'.
[2025-10-08 13:47:21,031] INFO: [!] Capítulo 26 já existente em 'Nano Machine'.
[2025-10-08 13:47:21,031] INFO: [!] Capítulo 27 já existente em 'Nano Machine'.
[2025-10-08 13:47:21,031] INFO: [!] Capítulo 28 já existente em 'Nano Machine'.
[2025-10-08 13:47:21,031] INFO: [!] Capítulo 29 já existente em 'Nano Machine'.
[2025-10-08 13:47:21,032] INFO: [!] Capítulo 30 já existente em 'Nano Machine'.
[2025-10-08 13:47:21,032] INFO: [!] Capítulo 31 já existente em 'Nano Machine'.
[2025-10-08 13:47:21,032] INFO: [!] Capítulo 32 já existente em 'Nano Machine'.
[2025-10-08 13:47:21,032] INFO: [!] Capítulo 33 já existente em 'Nano Machine'.
[2025-10-08 13:47:21,032] INFO: [!] Capítulo 34 já existente em 'Nano Machine'.
[2025-10-08 13:47:21,032] INFO: [!] Capítulo 35 já existente em 'Nano Machine'.
[2025-10-08 13:47:21,032] INFO: [!] Capítulo 36 já existente em 'Nano Machine'.
[2025-10-08 13:47:21,032] INFO: [!] Capítulo 37 já existente em 'Nano Machine'.
[2025-10-08 13:47:21,032] INFO: [!] Capítulo 38 já existente em 'Nano Machine'.
[2025-10-08 13:47:21,032] INFO: [!] Capítulo 39 já existente em 'Nano Machine'.
[2025-10-08 13:47:21,032] INFO: [!] Capítulo 40 já existente em 'Nano Machine'.
[2025-10-08 13:47:21,032] INFO: [!] Capítulo 41 já existente em 'Nano Machine'.
[2025-10-08 13:47:21,032] INFO: [!] Capítulo 42 já existente em 'Nano Machine'.
[2025-10-08 13:47:21,032] INFO: [!] Capítulo 43 já existente em 'Nano Machine'.
[2025-10-08 13:47:21,032] INFO: [!] Capítulo 44 já existente em 'Nano Machine'.
[2025-10-08 13:47:21,032] INFO: [!] Capítulo 45 já existente em 'Nano Machine'.
[2025-10-08 13:47:21,032] INFO: [!] Capítulo 46 já existente em 'Nano Machine'.
[2025-10-08 13:47:21,032] INFO: [!] Capítulo 47 já existente em 'Nano Machine'.
[2025-10-08 13:47:21,032] INFO: [!] Capítulo 48 já existente em 'Nano Machine'.
[2025-10-08 13:47:21,032] INFO: [!] Capítulo 49 já existente em 'Nano Machine'.
[2025-10-08 13:47:21,033] INFO: [!] Capítulo 50 já existente em 'Nano Machine'.
[2025-10-08 13:47:21,033] INFO: [!] Capítulo 51 já existente em 'Nano Machine'.
[2025-10-08 13:47:21,033] INFO: [!] Capítulo 52 já existente em 'Nano Machine'.
[2025-10-08 13:47:21,033] INFO: [!] Capítulo 53 já existente em 'Nano Machine'.
[2025-10-08 13:47:21,033] INFO: [!] Capítulo 54 já existente em 'Nano Machine'.
[2025-10-08 13:47:21,033] INFO: [!] Capítulo 55 já existente em 'Nano Machine'.
[2025-10-08 13:47:21,033] INFO: [!] Capítulo 56 já existente em 'Nano Machine'.
[2025-10-08 13:47:21,033] INFO: [!] Capítulo 57 já existente em 'Nano Machine'.
[2025-10-08 13:47:21,033] INFO: [!] Capítulo 58 já existente em 'Nano Machine'.
[2025-10-08 13:47:21,033] INFO: [!] Capítulo 59 já existente em 'Nano Machine'.
[2025-10-08 13:47:21,033] INFO: [!] Capítulo 60 já existente em 'Nano Machine'.
[2025-10-08 13:47:21,033] INFO: [!] Capítulo 61 já existente em 'Nano Machine'.
[2025-10-08 13:47:21,033] INFO: [!] Capítulo 62 já existente em 'Nano Machine'.
[2025-10-08 13:47:21,033] INFO: [!] Capítulo 63 já existente em 'Nano Machine'.
[2025-10-08 13:47:21,033] INFO: [!] Capítulo 65 já existente em 'Nano Machine'.
[2025-10-08 13:47:21,033] INFO: [!] Capítulo 66 já existente em 'Nano Machine'.
[2025-10-08 13:47:21,033] INFO: [!] Capítulo 67 já existente em 'Nano Machine'.
[2025-10-08 13:47:21,033] INFO: [!] Capítulo 68 já existente em 'Nano Machine'.
[2025-10-08 13:47:21,033] INFO: [!] Capítulo 69 já existente em 'Nano Machine'.
[2025-10-08 13:47:21,033] INFO: [!] Capítulo 70 já existente em 'Nano Machine'.
[2025-10-08 13:47:21,034] INFO: [!] Capítulo 71 já existente em 'Nano Machine'.
[2025-10-08 13:47:21,034] INFO: [!] Capítulo 72 já existente em 'Nano Machine'.
[2025-10-08 13:47:21,034] INFO: [!] Capítulo 73 já existente em 'Nano Machine'.
[2025-10-08 13:47:21,034] INFO: [!] Capítulo 74 já existente em 'Nano Machine'.
[2025-10-08 13:47:21,034] INFO: [!] Capítulo 75 já existente em 'Nano Machine'.
[2025-10-08 13:47:21,034] INFO: [!] Capítulo 76 já existente em 'Nano Machine'.
[2025-10-08 13:47:21,034] INFO: [!] Capítulo 77 já existente em 'Nano Machine'.
[2025-10-08 13:47:21,034] INFO: [!] Capítulo 80 já existente em 'Nano Machine'.
[2025-10-08 13:47:21,034] INFO: [!] Capítulo 81 já existente em 'Nano Machine'.
[2025-10-08 13:47:21,034] INFO: [!] Capítulo 82 já existente em 'Nano Machine'.
[2025-10-08 13:47:21,034] INFO: [!] Capítulo 83 já existente em 'Nano Machine'.
[2025-10-08 13:47:21,034] INFO: [!] Capítulo 84 já existente em 'Nano Machine'.
[2025-10-08 13:47:21,034] INFO: [!] Capítulo 85 já existente em 'Nano Machine'.
[2025-10-08 13:47:21,034] INFO: [!] Capítulo 86 já existente em 'Nano Machine'.
[2025-10-08 13:47:21,034] INFO: [!] Capítulo 87 já existente em 'Nano Machine'.
[2025-10-08 13:47:21,034] INFO: [!] Capítulo 88 já existente em 'Nano Machine'.
[2025-10-08 13:47:21,035] INFO: [!] Capítulo 89 já existente em 'Nano Machine'.
[2025-10-08 13:47:21,035] INFO: [!] Capítulo 90 já existente em 'Nano Machine'.
[2025-10-08 13:47:21,035] INFO: [!] Capítulo 91 já existente em 'Nano Machine'.
[2025-10-08 13:47:21,035] INFO: [!] Capítulo 92 já existente em 'Nano Machine'.
[2025-10-08 13:47:21,035] INFO: [!] Capítulo 93 já existente em 'Nano Machine'.
[2025-10-08 13:47:21,035] INFO: [!] Capítulo 94 já existente em 'Nano Machine'.
[2025-10-08 13:47:21,035] INFO: [!] Capítulo 95 já existente em 'Nano Machine'.
[2025-10-08 13:47:21,035] INFO: [!] Capítulo 96 já existente em 'Nano Machine'.
[2025-10-08 13:47:21,035] INFO: [!] Capítulo 97 já existente em 'Nano Machine'.
[2025-10-08 13:47:21,035] INFO: [!] Capítulo 98 já existente em 'Nano Machine'.
[2025-10-08 13:47:21,035] INFO: [!] Capítulo 100 já existente em 'Nano Machine'.
[2025-10-08 13:47:21,035] INFO: [!] Capítulo 101 já existente em 'Nano Machine'.
[2025-10-08 13:47:21,035] INFO: [!] Capítulo 102 já existente em 'Nano Machine'.
[2025-10-08 13:47:21,035] INFO: [!] Capítulo 103 já existente em 'Nano Machine'.
[2025-10-08 13:47:21,035] INFO: [!] Capítulo 104 já existente em 'Nano Machine'.
[2025-10-08 13:47:21,035] INFO: [!] Capítulo 105 já existente em 'Nano Machine'.
[2025-10-08 13:47:21,035] INFO: [!] Capítulo 106 já existente em 'Nano Machine'.
[2025-10-08 13:47:21,035] INFO: [!] Capítulo 107 já existente em 'Nano Machine'.
[2025-10-08 13:47:21,035] INFO: [!] Capítulo 108 já existente em 'Nano Machine'.
[2025-10-08 13:47:21,036] INFO: [!] Capítulo 109 já existente em 'Nano Machine'.
[2025-10-08 13:47:21,036] INFO: [!] Capítulo 110 já existente em 'Nano Machine'.
[2025-10-08 13:47:21,036] INFO: [!] Capítulo 111 já existente em 'Nano Machine'.
[2025-10-08 13:47:21,036] INFO: [!] Capítulo 112 já existente em 'Nano Machine'.
[2025-10-08 13:47:21,036] INFO: [!] Capítulo 113 já existente em 'Nano Machine'.
[2025-10-08 13:47:21,036] INFO: [!] Capítulo 114 já existente em 'Nano Machine'.
[2025-10-08 13:47:21,036] INFO: [!] Capítulo 115 já existente em 'Nano Machine'.
[2025-10-08 13:47:21,036] INFO: [!] Capítulo 116 já existente em 'Nano Machine'.
[2025-10-08 13:47:21,036] INFO: [!] Capítulo 117 já existente em 'Nano Machine'.
[2025-10-08 13:47:21,036] INFO: [!] Capítulo 118 já existente em 'Nano Machine'.
[2025-10-08 13:47:21,036] INFO: [!] Capítulo 119 já existente em 'Nano Machine'.
[2025-10-08 13:47:21,036] INFO: [!] Capítulo 120 já existente em 'Nano Machine'.
[2025-10-08 13:47:21,036] INFO: [!] Capítulo 121 já existente em 'Nano Machine'.
[2025-10-08 13:47:21,036] INFO: [!] Capítulo 123 já existente em 'Nano Machine'.
[2025-10-08 13:47:21,036] INFO: [!] Capítulo 124 já existente em 'Nano Machine'.
[2025-10-08 13:47:21,037] INFO: [!] Capítulo 125 já existente em 'Nano Machine'.
[2025-10-08 13:47:21,037] INFO: [!] Capítulo 126 já existente em 'Nano Machine'.
[2025-10-08 13:47:21,037] INFO: [!] Capítulo 127 já existente em 'Nano Machine'.
[2025-10-08 13:47:21,037] INFO: [!] Capítulo 128 já existente em 'Nano Machine'.
[2025-10-08 13:47:21,037] INFO: [!] Capítulo 129 já existente em 'Nano Machine'.
[2025-10-08 13:47:21,037] INFO: [!] Capítulo 130 já existente em 'Nano Machine'.
[2025-10-08 13:47:21,037] INFO: [!] Capítulo 131 já existente em 'Nano Machine'.
[2025-10-08 13:47:21,037] INFO: [!] Capítulo 132 já existente em 'Nano Machine'.
[2025-10-08 13:47:21,037] INFO: [!] Capítulo 133 já existente em 'Nano Machine'.
[2025-10-08 13:47:21,037] INFO: [!] Capítulo 134 já existente em 'Nano Machine'.
[2025-10-08 13:47:21,037] INFO: [!] Capítulo 135 já existente em 'Nano Machine'.
[2025-10-08 13:47:21,037] INFO: [!] Capítulo 136 já existente em 'Nano Machine'.
[2025-10-08 13:47:21,037] INFO: [!] Capítulo 137 já existente em 'Nano Machine'.
[2025-10-08 13:47:21,037] INFO: [!] Capítulo 138 já existente em 'Nano Machine'.
[2025-10-08 13:47:21,037] INFO: [!] Capítulo 139 já existente em 'Nano Machine'.
[2025-10-08 13:47:21,037] INFO: [!] Capítulo 140 já existente em 'Nano Machine'.
[2025-10-08 13:47:21,037] INFO: [!] Capítulo 141 já existente em 'Nano Machine'.
[2025-10-08 13:47:21,037] INFO: [!] Capítulo 142 já existente em 'Nano Machine'.
[2025-10-08 13:47:21,037] INFO: [!] Capítulo 143 já existente em 'Nano Machine'.
[2025-10-08 13:47:21,038] INFO: [!] Capítulo 144 já existente em 'Nano Machine'.
[2025-10-08 13:47:21,038] INFO: [!] Capítulo 145 já existente em 'Nano Machine'.
[2025-10-08 13:47:21,038] INFO: [!] Capítulo 146 já existente em 'Nano Machine'.
[2025-10-08 13:47:21,038] INFO: [!] Capítulo 147 já existente em 'Nano Machine'.
[2025-10-08 13:47:21,038] INFO: [!] Capítulo 148 já existente em 'Nano Machine'.
[2025-10-08 13:47:21,038] INFO: [!] Capítulo 149 já existente em 'Nano Machine'.
[2025-10-08 13:47:21,038] INFO: [!] Capítulo 150 já existente em 'Nano Machine'.
[2025-10-08 13:47:21,038] INFO: [!] Capítulo 151 já existente em 'Nano Machine'.
[2025-10-08 13:47:21,038] INFO: [!] Capítulo 153 já existente em 'Nano Machine'.
[2025-10-08 13:47:21,038] INFO: [!] Capítulo 154 já existente em 'Nano Machine'.
[2025-10-08 13:47:21,038] INFO: [!] Capítulo 155 já existente em 'Nano Machine'.
[2025-10-08 13:47:21,038] INFO: [!] Capítulo 156 já existente em 'Nano Machine'.
[2025-10-08 13:47:21,038] INFO: [!] Capítulo 157 já existente em 'Nano Machine'.
[2025-10-08 13:47:21,038] INFO: [!] Capítulo 158 já existente em 'Nano Machine'.
[2025-10-08 13:47:21,038] INFO: [!] Capítulo 159 já existente em 'Nano Machine'.
[2025-10-08 13:47:21,038] INFO: [!] Capítulo 160 já existente em 'Nano Machine'.
[2025-10-08 13:47:21,038] INFO: [!] Capítulo 161 já existente em 'Nano Machine'.
[2025-10-08 13:47:21,038] INFO: [!] Capítulo 162 já existente em 'Nano Machine'.
[2025-10-08 13:47:21,038] INFO: [!] Capítulo 163 já existente em 'Nano Machine'.
[2025-10-08 13:47:21,039] INFO: [!] Capítulo 164 já existente em 'Nano Machine'.
[2025-10-08 13:47:21,039] INFO: [!] Capítulo 165 já existente em 'Nano Machine'.
[2025-10-08 13:47:21,039] INFO: [!] Capítulo 166 já existente em 'Nano Machine'.
[2025-10-08 13:47:21,039] INFO: [!] Capítulo 167 já existente em 'Nano Machine'.
[2025-10-08 13:47:21,039] INFO: [!] Capítulo 168 já existente em 'Nano Machine'.
[2025-10-08 13:47:21,039] INFO: [!] Capítulo 169 já existente em 'Nano Machine'.
[2025-10-08 13:47:21,039] INFO: [!] Capítulo 170 já existente em 'Nano Machine'.
[2025-10-08 13:47:21,039] INFO: [!] Capítulo 171 já existente em 'Nano Machine'.
[2025-10-08 13:47:21,039] INFO: [!] Capítulo 172 já existente em 'Nano Machine'.
[2025-10-08 13:47:21,039] INFO: [!] Capítulo 173 já existente em 'Nano Machine'.
[2025-10-08 13:47:21,039] INFO: [!] Capítulo 174 já existente em 'Nano Machine'.
[2025-10-08 13:47:21,039] INFO: [!] Capítulo 175 já existente em 'Nano Machine'.
[2025-10-08 13:47:21,039] INFO: [!] Capítulo 176 já existente em 'Nano Machine'.
[2025-10-08 13:47:21,039] INFO: [!] Capítulo 177 já existente em 'Nano Machine'.
[2025-10-08 13:47:21,039] INFO: [!] Capítulo 178 já existente em 'Nano Machine'.
[2025-10-08 13:47:21,039] INFO: [!] Capítulo 179 já existente em 'Nano Machine'.
[2025-10-08 13:47:21,039] INFO: [!] Capítulo 180 já existente em 'Nano Machine'.
[2025-10-08 13:47:21,039] INFO: [!] Capítulo 181 já existente em 'Nano Machine'.
[2025-10-08 13:47:21,039] INFO: [!] Capítulo 182 já existente em 'Nano Machine'.
[2025-10-08 13:47:21,039] INFO: [!] Capítulo 183 já existente em 'Nano Machine'.
[2025-10-08 13:47:21,040] INFO: [!] Capítulo 184 já existente em 'Nano Machine'.
[2025-10-08 13:47:21,040] INFO: [!] Capítulo 185 já existente em 'Nano Machine'.
[2025-10-08 13:47:21,040] INFO: [!] Capítulo 186 já existente em 'Nano Machine'.
[2025-10-08 13:47:21,040] INFO: [!] Capítulo 187 já existente em 'Nano Machine'.
[2025-10-08 13:47:21,040] INFO: [!] Capítulo 188 já existente em 'Nano Machine'.
[2025-10-08 13:47:21,040] INFO: [!] Capítulo 189 já existente em 'Nano Machine'.
[2025-10-08 13:47:21,040] INFO: [!] Capítulo 190 já existente em 'Nano Machine'.
[2025-10-08 13:47:21,040] INFO: [!] Capítulo 191 já existente em 'Nano Machine'.
[2025-10-08 13:47:21,040] INFO: [!] Capítulo 192 já existente em 'Nano Machine'.
[2025-10-08 13:47:21,040] INFO: [!] Capítulo 193 já existente em 'Nano Machine'.
[2025-10-08 13:47:21,040] INFO: [!] Capítulo 194 já existente em 'Nano Machine'.
[2025-10-08 13:47:21,040] INFO: [!] Capítulo 195 já existente em 'Nano Machine'.
[2025-10-08 13:47:21,040] INFO: [!] Capítulo 196 já existente em 'Nano Machine'.
[2025-10-08 13:47:21,040] INFO: [!] Capítulo 197 já existente em 'Nano Machine'.
[2025-10-08 13:47:21,040] INFO: [!] Capítulo 198 já existente em 'Nano Machine'.
[2025-10-08 13:47:21,040] INFO: [!] Capítulo 199 já existente em 'Nano Machine'.
[2025-10-08 13:47:21,040] INFO: [!] Capítulo 200 já existente em 'Nano Machine'.
[2025-10-08 13:47:21,040] INFO: [!] Capítulo 201 já existente em 'Nano Machine'.
[2025-10-08 13:47:21,040] INFO: [!] Capítulo 202 já existente em 'Nano Machine'.
[2025-10-08 13:47:21,040] INFO: [!] Capítulo 203 já existente em 'Nano Machine'.
[2025-10-08 13:47:21,041] INFO: [!] Capítulo 204 já existente em 'Nano Machine'.
[2025-10-08 13:47:21,041] INFO: [!] Capítulo 205 já existente em 'Nano Machine'.
[2025-10-08 13:47:21,041] INFO: [!] Capítulo 206 já existente em 'Nano Machine'.
[2025-10-08 13:47:21,041] INFO: [!] Capítulo 207 já existente em 'Nano Machine'.
[2025-10-08 13:47:21,041] INFO: [!] Capítulo 208 já existente em 'Nano Machine'.
[2025-10-08 13:47:21,041] INFO: [!] Capítulo 209 já existente em 'Nano Machine'.
[2025-10-08 13:47:21,041] INFO: [!] Capítulo 210 já existente em 'Nano Machine'.
[2025-10-08 13:47:21,041] INFO: [!] Capítulo 211 já existente em 'Nano Machine'.
[2025-10-08 13:47:21,041] INFO: [!] Capítulo 212 já existente em 'Nano Machine'.
[2025-10-08 13:47:21,041] INFO: [!] Capítulo 213 já existente em 'Nano Machine'.
[2025-10-08 13:47:21,041] INFO: [!] Capítulo 214 já existente em 'Nano Machine'.
[2025-10-08 13:47:21,041] INFO: [!] Capítulo 215 já existente em 'Nano Machine'.
[2025-10-08 13:47:21,041] INFO: [!] Capítulo 216 já existente em 'Nano Machine'.
[2025-10-08 13:47:21,041] INFO: [!] Capítulo 217 já existente em 'Nano Machine'.
[2025-10-08 13:47:21,041] INFO: [!] Capítulo 218 já existente em 'Nano Machine'.
[2025-10-08 13:47:21,041] INFO: [!] Capítulo 219 já existente em 'Nano Machine'.
[2025-10-08 13:47:21,041] INFO: [!] Capítulo 220 já existente em 'Nano Machine'.
[2025-10-08 13:47:21,041] INFO: [!] Capítulo 221 já existente em 'Nano Machine'.
[2025-10-08 13:47:21,041] INFO: [!] Capítulo 222 já existente em 'Nano Machine'.
[2025-10-08 13:47:21,041] INFO: [!] Capítulo 223 já existente em 'Nano Machine'.
[2025-10-08 13:47:21,042] INFO: [!] Capítulo 224 já existente em 'Nano Machine'.
[2025-10-08 13:47:21,042] INFO: [!] Capítulo 225 já existente em 'Nano Machine'.
[2025-10-08 13:47:21,042] INFO: [!] Capítulo 226 já existente em 'Nano Machine'.
[2025-10-08 13:47:21,042] INFO: [!] Capítulo 227 já existente em 'Nano Machine'.
[2025-10-08 13:47:21,042] INFO: [!] Capítulo 228 já existente em 'Nano Machine'.
[2025-10-08 13:47:21,042] INFO: [!] Capítulo 229 já existente em 'Nano Machine'.
[2025-10-08 13:47:21,042] INFO: [!] Capítulo 230 já existente em 'Nano Machine'.
[2025-10-08 13:47:21,042] INFO: [!] Capítulo 232 já existente em 'Nano Machine'.
[2025-10-08 13:47:21,042] INFO: [!] Capítulo 233 já existente em 'Nano Machine'.
[2025-10-08 13:47:21,042] INFO: [!] Capítulo 234 já existente em 'Nano Machine'.
[2025-10-08 13:47:21,042] INFO: [!] Capítulo 235 já existente em 'Nano Machine'.
[2025-10-08 13:47:21,042] INFO: [!] Capítulo 236 já existente em 'Nano Machine'.
[2025-10-08 13:47:21,042] INFO: [!] Capítulo 237 já existente em 'Nano Machine'.
[2025-10-08 13:47:21,042] INFO: [!] Capítulo 238 já existente em 'Nano Machine'.
[2025-10-08 13:47:21,042] INFO: [!] Capítulo 239 já existente em 'Nano Machine'.
[2025-10-08 13:47:21,042] INFO: [!] Capítulo 240 já existente em 'Nano Machine'.
[2025-10-08 13:47:21,042] INFO: [!] Capítulo 241 já existente em 'Nano Machine'.
[2025-10-08 13:47:21,042] INFO: [!] Capítulo 242 já existente em 'Nano Machine'.
[2025-10-08 13:47:21,042] INFO: [!] Capítulo 243 já existente em 'Nano Machine'.
[2025-10-08 13:47:21,043] INFO: [!] Capítulo 244 já existente em 'Nano Machine'.
[2025-10-08 13:47:21,043] INFO: [!] Capítulo 245 já existente em 'Nano Machine'.
[2025-10-08 13:47:21,043] INFO: [!] Capítulo 246 já existente em 'Nano Machine'.
[2025-10-08 13:47:21,043] INFO: [!] Capítulo 247 já existente em 'Nano Machine'.
[2025-10-08 13:47:21,043] INFO: [!] Capítulo 248 já existente em 'Nano Machine'.
[2025-10-08 13:47:21,043] INFO: [!] Capítulo 249 já existente em 'Nano Machine'.
[2025-10-08 13:47:21,043] INFO: [!] Capítulo 250 já existente em 'Nano Machine'.
[2025-10-08 13:47:21,043] INFO: [!] Capítulo 251 já existente em 'Nano Machine'.
[2025-10-08 13:47:21,043] INFO: [!] Capítulo 252 já existente em 'Nano Machine'.
[2025-10-08 13:47:21,043] INFO: [!] Capítulo 253 já existente em 'Nano Machine'.
[2025-10-08 13:47:21,043] INFO: [!] Capítulo 254 já existente em 'Nano Machine'.
[2025-10-08 13:47:21,043] INFO: [!] Capítulo 255 já existente em 'Nano Machine'.
[2025-10-08 13:47:21,043] INFO: [!] Capítulo 256 já existente em 'Nano Machine'.
[2025-10-08 13:47:21,043] INFO: [!] Capítulo 257 já existente em 'Nano Machine'.
[2025-10-08 13:47:21,043] INFO: [!] Capítulo 259 já existente em 'Nano Machine'.
[2025-10-08 13:47:21,043] INFO: [!] Capítulo 260 já existente em 'Nano Machine'.
[2025-10-08 13:47:21,043] INFO: [!] Capítulo 261 já existente em 'Nano Machine'.
[2025-10-08 13:47:21,043] INFO: [!] Capítulo 262 já existente em 'Nano Machine'.
[2025-10-08 13:47:21,043] INFO: [!] Capítulo 263 já existente em 'Nano Machine'.
[2025-10-08 13:47:21,043] INFO: [!] Capítulo 264 já existente em 'Nano Machine'.
[2025-10-08 13:47:21,044] INFO: [!] Capítulo 265 já existente em 'Nano Machine'.
[2025-10-08 13:47:21,044] INFO: [!] Capítulo 266 já existente em 'Nano Machine'.
[2025-10-08 13:47:21,044] INFO: [!] Capítulo 267 já existente em 'Nano Machine'.
[2025-10-08 13:47:21,044] INFO: [!] Capítulo 268 já existente em 'Nano Machine'.
[2025-10-08 13:47:21,044] INFO: [!] Capítulo 269 já existente em 'Nano Machine'.
[2025-10-08 13:47:21,044] INFO: [!] Capítulo 270 já existente em 'Nano Machine'.
[2025-10-08 13:47:21,044] INFO: [!] Capítulo 271 já existente em 'Nano Machine'.
[2025-10-08 13:47:21,044] INFO: [!] Capítulo 272 já existente em 'Nano Machine'.
[2025-10-08 13:47:21,044] INFO: [!] Capítulo 273 já existente em 'Nano Machine'.
[2025-10-08 13:47:21,044] INFO: [!] Capítulo 274 já existente em 'Nano Machine'.
[2025-10-08 13:47:21,044] INFO: [!] Capítulo 275 já existente em 'Nano Machine'.
[2025-10-08 13:47:21,044] INFO: [!] Capítulo 276 já existente em 'Nano Machine'.
[2025-10-08 13:47:21,044] INFO: [!] Capítulo 277 já existente em 'Nano Machine'.
[2025-10-08 13:47:21,044] INFO: [!] Capítulo 278 já existente em 'Nano Machine'.
[2025-10-08 13:47:21,044] INFO: [!] Capítulo 279 já existente em 'Nano Machine'.
[2025-10-08 13:47:21,044] INFO: [!] Capítulo 280 já existente em 'Nano Machine'.
[2025-10-08 13:47:21,128] INFO: [*] Buscando capítulos pela url: https://mangaonline.blog/manga/0-0000001-demon-lord/
[2025-10-08 13:47:22,947] INFO: [*] Capítulos encontrados: 4
[2025-10-08 13:47:22,948] INFO: [*] Total de capítulos extraídos: 4
[2025-10-08 13:47:22,948] INFO: [*] Mangá '0.0000001% Demon Lord' sincronizado com sucesso.
[2025-10-08 13:47:22,990] INFO: [*] Buscando capítulos pela url: https://mangaonline.blog/manga/reincarnated-as-a-genius-prodigy-of-a-prestigious-family/
[2025-10-08 13:47:24,820] INFO: [*] Capítulos encontrados: 60
[2025-10-08 13:47:24,822] INFO: [*] Total de capítulos extraídos: 60
[2025-10-08 13:47:24,822] INFO: [*] Mangá 'Reincarnated as a Genius Prodigy of a Prestigious Family' sincronizado com sucesso.
[2025-10-08 13:47:24,930] INFO: [*] Buscando capítulos pela url: https://mangaonline.blog/manga/omniscient-readers-viewpoint/
[2025-10-08 13:47:26,780] INFO: [*] Capítulos encontrados: 156
[2025-10-08 13:47:26,784] WARNING: [!] Capítulo sem número detectado: 'capitulo (84)' — pulando...
[2025-10-08 13:47:26,784] WARNING: [!] Capítulo sem número detectado: 'capitulo (83)' — pulando...
[2025-10-08 13:47:26,784] WARNING: [!] Capítulo sem número detectado: 'capitulo (82)' — pulando...
[2025-10-08 13:47:26,784] WARNING: [!] Capítulo sem número detectado: 'capitulo (81)' — pulando...
[2025-10-08 13:47:26,784] WARNING: [!] Capítulo sem número detectado: 'capitulo (80)' — pulando...
[2025-10-08 13:47:26,784] WARNING: [!] Capítulo sem número detectado: 'capitulo (79)' — pulando...
[2025-10-08 13:47:26,785] WARNING: [!] Capítulo sem número detectado: 'capitulo (78)' — pulando...
[2025-10-08 13:47:26,785] WARNING: [!] Capítulo sem número detectado: 'capitulo (77)' — pulando...
[2025-10-08 13:47:26,785] WARNING: [!] Capítulo sem número detectado: 'capitulo (76)' — pulando...
[2025-10-08 13:47:26,785] WARNING: [!] Capítulo sem número detectado: 'capitulo (75)' — pulando...
[2025-10-08 13:47:26,785] WARNING: [!] Capítulo sem número detectado: 'capitulo (74)' — pulando...
[2025-10-08 13:47:26,785] WARNING: [!] Capítulo sem número detectado: 'capitulo (73)' — pulando...
[2025-10-08 13:47:26,785] WARNING: [!] Capítulo sem número detectado: 'capitulo (72)' — pulando...
[2025-10-08 13:47:26,785] WARNING: [!] Capítulo sem número detectado: 'capitulo (71)' — pulando...
[2025-10-08 13:47:26,785] WARNING: [!] Capítulo sem número detectado: 'capitulo (70)' — pulando...
[2025-10-08 13:47:26,786] WARNING: [!] Capítulo sem número detectado: 'capitulo (69)' — pulando...
[2025-10-08 13:47:26,786] WARNING: [!] Capítulo sem número detectado: 'capitulo (68)' — pulando...
[2025-10-08 13:47:26,786] WARNING: [!] Capítulo sem número detectado: 'capitulo (67)' — pulando...
[2025-10-08 13:47:26,786] WARNING: [!] Capítulo sem número detectado: 'capitulo (66)' — pulando...
[2025-10-08 13:47:26,786] WARNING: [!] Capítulo sem número detectado: 'capitulo (65)' — pulando...
[2025-10-08 13:47:26,786] WARNING: [!] Capítulo sem número detectado: 'capitulo (64)' — pulando...
[2025-10-08 13:47:26,786] WARNING: [!] Capítulo sem número detectado: 'capitulo (63)' — pulando...
[2025-10-08 13:47:26,786] WARNING: [!] Capítulo sem número detectado: 'capitulo (62)' — pulando...
[2025-10-08 13:47:26,786] WARNING: [!] Capítulo sem número detectado: 'capitulo (61)' — pulando...
[2025-10-08 13:47:26,786] WARNING: [!] Capítulo sem número detectado: 'capitulo (60)' — pulando...
[2025-10-08 13:47:26,787] WARNING: [!] Capítulo sem número detectado: 'capitulo (59)' — pulando...
[2025-10-08 13:47:26,787] WARNING: [!] Capítulo sem número detectado: 'capitulo (58)' — pulando...
[2025-10-08 13:47:26,787] WARNING: [!] Capítulo sem número detectado: 'capitulo (57)' — pulando...
[2025-10-08 13:47:26,787] WARNING: [!] Capítulo sem número detectado: 'capitulo (56)' — pulando...
[2025-10-08 13:47:26,787] WARNING: [!] Capítulo sem número detectado: 'capitulo (55)' — pulando...
[2025-10-08 13:47:26,787] WARNING: [!] Capítulo sem número detectado: 'capitulo (54)' — pulando...
[2025-10-08 13:47:26,787] WARNING: [!] Capítulo sem número detectado: 'capitulo (53)' — pulando...
[2025-10-08 13:47:26,787] WARNING: [!] Capítulo sem número detectado: 'capitulo (52)' — pulando...
[2025-10-08 13:47:26,788] WARNING: [!] Capítulo sem número detectado: 'capitulo (51)' — pulando...
[2025-10-08 13:47:26,788] WARNING: [!] Capítulo sem número detectado: 'capitulo (50)' — pulando...
[2025-10-08 13:47:26,788] WARNING: [!] Capítulo sem número detectado: 'capitulo (49)' — pulando...
[2025-10-08 13:47:26,788] WARNING: [!] Capítulo sem número detectado: 'capitulo (48)' — pulando...
[2025-10-08 13:47:26,788] WARNING: [!] Capítulo sem número detectado: 'capitulo (47)' — pulando...
[2025-10-08 13:47:26,788] WARNING: [!] Capítulo sem número detectado: 'capitulo (46)' — pulando...
[2025-10-08 13:47:26,788] WARNING: [!] Capítulo sem número detectado: 'capitulo (45)' — pulando...
[2025-10-08 13:47:26,788] WARNING: [!] Capítulo sem número detectado: 'capitulo (44)' — pulando...
[2025-10-08 13:47:26,788] WARNING: [!] Capítulo sem número detectado: 'capitulo (43)' — pulando...
[2025-10-08 13:47:26,788] WARNING: [!] Capítulo sem número detectado: 'capitulo (42)' — pulando...
[2025-10-08 13:47:26,789] WARNING: [!] Capítulo sem número detectado: 'capitulo (41)' — pulando...
[2025-10-08 13:47:26,789] WARNING: [!] Capítulo sem número detectado: 'capitulo (40)' — pulando...
[2025-10-08 13:47:26,789] WARNING: [!] Capítulo sem número detectado: 'capitulo (39)' — pulando...
[2025-10-08 13:47:26,789] WARNING: [!] Capítulo sem número detectado: 'capitulo (38)' — pulando...
[2025-10-08 13:47:26,789] WARNING: [!] Capítulo sem número detectado: 'capitulo (37)' — pulando...
[2025-10-08 13:47:26,789] WARNING: [!] Capítulo sem número detectado: 'capitulo (36)' — pulando...
[2025-10-08 13:47:26,789] WARNING: [!] Capítulo sem número detectado: 'capitulo (35)' — pulando...
[2025-10-08 13:47:26,789] WARNING: [!] Capítulo sem número detectado: 'capitulo (34)' — pulando...
[2025-10-08 13:47:26,789] WARNING: [!] Capítulo sem número detectado: 'capitulo (33)' — pulando...
[2025-10-08 13:47:26,789] WARNING: [!] Capítulo sem número detectado: 'capitulo (32)' — pulando...
[2025-10-08 13:47:26,790] WARNING: [!] Capítulo sem número detectado: 'capitulo (31)' — pulando...
[2025-10-08 13:47:26,790] WARNING: [!] Capítulo sem número detectado: 'capitulo (30)' — pulando...
[2025-10-08 13:47:26,790] WARNING: [!] Capítulo sem número detectado: 'capitulo (29)' — pulando...
[2025-10-08 13:47:26,790] WARNING: [!] Capítulo sem número detectado: 'capitulo (28)' — pulando...
[2025-10-08 13:47:26,790] WARNING: [!] Capítulo sem número detectado: 'capitulo (27)' — pulando...
[2025-10-08 13:47:26,790] WARNING: [!] Capítulo sem número detectado: 'capitulo (26)' — pulando...
[2025-10-08 13:47:26,790] WARNING: [!] Capítulo sem número detectado: 'capitulo (25)' — pulando...
[2025-10-08 13:47:26,790] WARNING: [!] Capítulo sem número detectado: 'capitulo (24)' — pulando...
[2025-10-08 13:47:26,790] WARNING: [!] Capítulo sem número detectado: 'capitulo (23)' — pulando...
[2025-10-08 13:47:26,791] WARNING: [!] Capítulo sem número detectado: 'capitulo (22)' — pulando...
[2025-10-08 13:47:26,791] WARNING: [!] Capítulo sem número detectado: 'capitulo (21)' — pulando...
[2025-10-08 13:47:26,791] WARNING: [!] Capítulo sem número detectado: 'capitulo (20)' — pulando...
[2025-10-08 13:47:26,791] WARNING: [!] Capítulo sem número detectado: 'capitulo (19)' — pulando...
[2025-10-08 13:47:26,791] WARNING: [!] Capítulo sem número detectado: 'capitulo (18)' — pulando...
[2025-10-08 13:47:26,791] WARNING: [!] Capítulo sem número detectado: 'capitulo (17)' — pulando...
[2025-10-08 13:47:26,791] WARNING: [!] Capítulo sem número detectado: 'capitulo (16)' — pulando...
[2025-10-08 13:47:26,791] WARNING: [!] Capítulo sem número detectado: 'capitulo (15)' — pulando...
[2025-10-08 13:47:26,791] WARNING: [!] Capítulo sem número detectado: 'capitulo (14)' — pulando...
[2025-10-08 13:47:26,792] WARNING: [!] Capítulo sem número detectado: 'capitulo (13)' — pulando...
[2025-10-08 13:47:26,792] WARNING: [!] Capítulo sem número detectado: 'capitulo (12)' — pulando...
[2025-10-08 13:47:26,792] WARNING: [!] Capítulo sem número detectado: 'capitulo (11)' — pulando...
[2025-10-08 13:47:26,792] WARNING: [!] Capítulo sem número detectado: 'capitulo (10)' — pulando...
[2025-10-08 13:47:26,792] WARNING: [!] Capítulo sem número detectado: 'capitulo (9)' — pulando...
[2025-10-08 13:47:26,792] WARNING: [!] Capítulo sem número detectado: 'capitulo (8)' — pulando...
[2025-10-08 13:47:26,792] WARNING: [!] Capítulo sem número detectado: 'capitulo (7)' — pulando...
[2025-10-08 13:47:26,792] WARNING: [!] Capítulo sem número detectado: 'capitulo (6)' — pulando...
[2025-10-08 13:47:26,792] WARNING: [!] Capítulo sem número detectado: 'capitulo (5)' — pulando...
[2025-10-08 13:47:26,792] WARNING: [!] Capítulo sem número detectado: 'capitulo (4)' — pulando...
[2025-10-08 13:47:26,793] WARNING: [!] Capítulo sem número detectado: 'capitulo (3)' — pulando...
[2025-10-08 13:47:26,793] WARNING: [!] Capítulo sem número detectado: 'capitulo (2)' — pulando...
[2025-10-08 13:47:26,793] WARNING: [!] Capítulo sem número detectado: 'capitulo' — pulando...
[2025-10-08 13:47:26,793] INFO: [*] Total de capítulos extraídos: 72
[2025-10-08 13:47:26,793] INFO: [*] Mangá 'Omniscient Reader’s Viewpoint' sincronizado com sucesso.
[2025-10-08 13:47:26,827] INFO: [*] Buscando capítulos pela url: https://mangaonline.blog/manga/the-sword-god-of-a-fallen-world/
[2025-10-08 13:47:28,239] INFO: [*] Capítulos encontrados: 34
[2025-10-08 13:47:28,241] INFO: [*] Total de capítulos extraídos: 34
[2025-10-08 13:47:28,241] INFO: [*] Mangá 'The Sword God of a Fallen World' sincronizado com sucesso.
[2025-10-08 13:47:28,265] INFO: [*] Buscando capítulos pela url: https://mangaonline.blog/manga/the-academys-genius-swordsman/
[2025-10-08 13:47:30,430] INFO: [*] Capítulos encontrados: 119
[2025-10-08 13:47:30,435] INFO: [*] Total de capítulos extraídos: 119
[2025-10-08 13:47:30,436] INFO: [*] Mangá 'The Academy’s Genius Swordsman' sincronizado com sucesso.
[2025-10-08 13:47:30,607] INFO: [*] Buscando capítulos pela url: https://mangaonline.blog/manga/one-piece-manga-pt-br/
[2025-10-08 13:47:32,348] INFO: [*] Capítulos encontrados: 164
[2025-10-08 13:47:32,356] INFO: [*] Total de capítulos extraídos: 164
[2025-10-08 13:47:32,356] INFO: [!] Capítulo 1000 já existente em 'One Piece'.
[2025-10-08 13:47:32,356] INFO: [!] Capítulo 1001 já existente em 'One Piece'.
[2025-10-08 13:47:32,357] INFO: [!] Capítulo 1002 já existente em 'One Piece'.
[2025-10-08 13:47:32,357] INFO: [!] Capítulo 1003 já existente em 'One Piece'.
[2025-10-08 13:47:32,357] INFO: [!] Capítulo 1004 já existente em 'One Piece'.
[2025-10-08 13:47:32,357] INFO: [!] Capítulo 1005 já existente em 'One Piece'.
[2025-10-08 13:47:32,357] INFO: [!] Capítulo 1006 já existente em 'One Piece'.
[2025-10-08 13:47:32,357] INFO: [!] Capítulo 1007 já existente em 'One Piece'.
[2025-10-08 13:47:32,357] INFO: [!] Capítulo 1008 já existente em 'One Piece'.
[2025-10-08 13:47:32,357] INFO: [!] Capítulo 1009 já existente em 'One Piece'.
[2025-10-08 13:47:32,357] INFO: [!] Capítulo 1010 já existente em 'One Piece'.
[2025-10-08 13:47:32,357] INFO: [!] Capítulo 1011 já existente em 'One Piece'.
[2025-10-08 13:47:32,357] INFO: [!] Capítulo 1012 já existente em 'One Piece'.
[2025-10-08 13:47:32,357] INFO: [!] Capítulo 1013 já existente em 'One Piece'.
[2025-10-08 13:47:32,357] INFO: [!] Capítulo 1014 já existente em 'One Piece'.
[2025-10-08 13:47:32,357] INFO: [!] Capítulo 1015 já existente em 'One Piece'.
[2025-10-08 13:47:32,357] INFO: [!] Capítulo 1016 já existente em 'One Piece'.
[2025-10-08 13:47:32,357] INFO: [!] Capítulo 1017 já existente em 'One Piece'.
[2025-10-08 13:47:32,357] INFO: [!] Capítulo 1018 já existente em 'One Piece'.
[2025-10-08 13:47:32,357] INFO: [!] Capítulo 1019 já existente em 'One Piece'.
[2025-10-08 13:47:32,358] INFO: [!] Capítulo 1020 já existente em 'One Piece'.
[2025-10-08 13:47:32,358] INFO: [!] Capítulo 1021 já existente em 'One Piece'.
[2025-10-08 13:47:32,358] INFO: [!] Capítulo 1022 já existente em 'One Piece'.
[2025-10-08 13:47:32,358] INFO: [!] Capítulo 1023 já existente em 'One Piece'.
[2025-10-08 13:47:32,358] INFO: [!] Capítulo 1024 já existente em 'One Piece'.
[2025-10-08 13:47:32,358] INFO: [!] Capítulo 1025 já existente em 'One Piece'.
[2025-10-08 13:47:32,358] INFO: [!] Capítulo 1026 já existente em 'One Piece'.
[2025-10-08 13:47:32,358] INFO: [!] Capítulo 1027 já existente em 'One Piece'.
[2025-10-08 13:47:32,358] INFO: [!] Capítulo 1028 já existente em 'One Piece'.
[2025-10-08 13:47:32,358] INFO: [!] Capítulo 1029 já existente em 'One Piece'.
[2025-10-08 13:47:32,358] INFO: [!] Capítulo 1030 já existente em 'One Piece'.
[2025-10-08 13:47:32,358] INFO: [!] Capítulo 1031 já existente em 'One Piece'.
[2025-10-08 13:47:32,358] INFO: [!] Capítulo 1032 já existente em 'One Piece'.
[2025-10-08 13:47:32,358] INFO: [!] Capítulo 1033 já existente em 'One Piece'.
[2025-10-08 13:47:32,358] INFO: [!] Capítulo 1034 já existente em 'One Piece'.
[2025-10-08 13:47:32,358] INFO: [!] Capítulo 1035 já existente em 'One Piece'.
[2025-10-08 13:47:32,358] INFO: [!] Capítulo 1036 já existente em 'One Piece'.
[2025-10-08 13:47:32,358] INFO: [!] Capítulo 1037 já existente em 'One Piece'.
[2025-10-08 13:47:32,358] INFO: [!] Capítulo 1038 já existente em 'One Piece'.
[2025-10-08 13:47:32,359] INFO: [!] Capítulo 1039 já existente em 'One Piece'.
[2025-10-08 13:47:32,359] INFO: [!] Capítulo 1040 já existente em 'One Piece'.
[2025-10-08 13:47:32,359] INFO: [!] Capítulo 1041 já existente em 'One Piece'.
[2025-10-08 13:47:32,359] INFO: [!] Capítulo 1042 já existente em 'One Piece'.
[2025-10-08 13:47:32,359] INFO: [!] Capítulo 1043 já existente em 'One Piece'.
[2025-10-08 13:47:32,359] INFO: [!] Capítulo 1044 já existente em 'One Piece'.
[2025-10-08 13:47:32,359] INFO: [!] Capítulo 1045 já existente em 'One Piece'.
[2025-10-08 13:47:32,359] INFO: [!] Capítulo 1046 já existente em 'One Piece'.
[2025-10-08 13:47:32,359] INFO: [!] Capítulo 1047 já existente em 'One Piece'.
[2025-10-08 13:47:32,359] INFO: [!] Capítulo 1048 já existente em 'One Piece'.
[2025-10-08 13:47:32,359] INFO: [!] Capítulo 1049 já existente em 'One Piece'.
[2025-10-08 13:47:32,359] INFO: [!] Capítulo 1050 já existente em 'One Piece'.
[2025-10-08 13:47:32,359] INFO: [!] Capítulo 1051 já existente em 'One Piece'.
[2025-10-08 13:47:32,359] INFO: [!] Capítulo 1052 já existente em 'One Piece'.
[2025-10-08 13:47:32,359] INFO: [!] Capítulo 1053 já existente em 'One Piece'.
[2025-10-08 13:47:32,359] INFO: [!] Capítulo 1054 já existente em 'One Piece'.
[2025-10-08 13:47:32,359] INFO: [!] Capítulo 1055 já existente em 'One Piece'.
[2025-10-08 13:47:32,359] INFO: [!] Capítulo 1056 já existente em 'One Piece'.
[2025-10-08 13:47:32,360] INFO: [!] Capítulo 1057 já existente em 'One Piece'.
[2025-10-08 13:47:32,360] INFO: [!] Capítulo 1058 já existente em 'One Piece'.
[2025-10-08 13:47:32,360] INFO: [!] Capítulo 1059 já existente em 'One Piece'.
[2025-10-08 13:47:32,360] INFO: [!] Capítulo 1060 já existente em 'One Piece'.
[2025-10-08 13:47:32,360] INFO: [!] Capítulo 1061 já existente em 'One Piece'.
[2025-10-08 13:47:32,360] INFO: [!] Capítulo 1062 já existente em 'One Piece'.
[2025-10-08 13:47:32,360] INFO: [!] Capítulo 1063 já existente em 'One Piece'.
[2025-10-08 13:47:32,360] INFO: [!] Capítulo 1064 já existente em 'One Piece'.
[2025-10-08 13:47:32,360] INFO: [!] Capítulo 1065 já existente em 'One Piece'.
[2025-10-08 13:47:32,360] INFO: [!] Capítulo 1066 já existente em 'One Piece'.
[2025-10-08 13:47:32,360] INFO: [!] Capítulo 1067 já existente em 'One Piece'.
[2025-10-08 13:47:32,360] INFO: [!] Capítulo 1068 já existente em 'One Piece'.
[2025-10-08 13:47:32,360] INFO: [!] Capítulo 1069 já existente em 'One Piece'.
[2025-10-08 13:47:32,360] INFO: [!] Capítulo 1070 já existente em 'One Piece'.
[2025-10-08 13:47:32,360] INFO: [!] Capítulo 1071 já existente em 'One Piece'.
[2025-10-08 13:47:32,360] INFO: [!] Capítulo 1072 já existente em 'One Piece'.
[2025-10-08 13:47:32,360] INFO: [!] Capítulo 1073 já existente em 'One Piece'.
[2025-10-08 13:47:32,360] INFO: [!] Capítulo 1074 já existente em 'One Piece'.
[2025-10-08 13:47:32,360] INFO: [!] Capítulo 1075 já existente em 'One Piece'.
[2025-10-08 13:47:32,360] INFO: [!] Capítulo 1076 já existente em 'One Piece'.
[2025-10-08 13:47:32,361] INFO: [!] Capítulo 1077 já existente em 'One Piece'.
[2025-10-08 13:47:32,361] INFO: [!] Capítulo 1078 já existente em 'One Piece'.
[2025-10-08 13:47:32,361] INFO: [!] Capítulo 1079 já existente em 'One Piece'.
[2025-10-08 13:47:32,361] INFO: [!] Capítulo 1080 já existente em 'One Piece'.
[2025-10-08 13:47:32,361] INFO: [!] Capítulo 1081 já existente em 'One Piece'.
[2025-10-08 13:47:32,361] INFO: [!] Capítulo 1082 já existente em 'One Piece'.
[2025-10-08 13:47:32,361] INFO: [!] Capítulo 1083 já existente em 'One Piece'.
[2025-10-08 13:47:32,361] INFO: [!] Capítulo 1084 já existente em 'One Piece'.
[2025-10-08 13:47:32,361] INFO: [!] Capítulo 1085 já existente em 'One Piece'.
[2025-10-08 13:47:32,361] INFO: [!] Capítulo 1086 já existente em 'One Piece'.
[2025-10-08 13:47:32,361] INFO: [!] Capítulo 1087 já existente em 'One Piece'.
[2025-10-08 13:47:32,361] INFO: [!] Capítulo 1088 já existente em 'One Piece'.
[2025-10-08 13:47:32,361] INFO: [!] Capítulo 1089 já existente em 'One Piece'.
[2025-10-08 13:47:32,361] INFO: [!] Capítulo 1090 já existente em 'One Piece'.
[2025-10-08 13:47:32,361] INFO: [!] Capítulo 1091 já existente em 'One Piece'.
[2025-10-08 13:47:32,361] INFO: [!] Capítulo 1092 já existente em 'One Piece'.
[2025-10-08 13:47:32,361] INFO: [!] Capítulo 1093 já existente em 'One Piece'.
[2025-10-08 13:47:32,361] INFO: [!] Capítulo 1094 já existente em 'One Piece'.
[2025-10-08 13:47:32,361] INFO: [!] Capítulo 1095 já existente em 'One Piece'.
[2025-10-08 13:47:32,362] INFO: [!] Capítulo 1096 já existente em 'One Piece'.
[2025-10-08 13:47:32,362] INFO: [!] Capítulo 1097 já existente em 'One Piece'.
[2025-10-08 13:47:32,362] INFO: [!] Capítulo 1098 já existente em 'One Piece'.
[2025-10-08 13:47:32,362] INFO: [!] Capítulo 1099 já existente em 'One Piece'.
[2025-10-08 13:47:32,362] INFO: [!] Capítulo 1100 já existente em 'One Piece'.
[2025-10-08 13:47:32,362] INFO: [!] Capítulo 1101 já existente em 'One Piece'.
[2025-10-08 13:47:32,362] INFO: [!] Capítulo 1102 já existente em 'One Piece'.
[2025-10-08 13:47:32,362] INFO: [!] Capítulo 1103 já existente em 'One Piece'.
[2025-10-08 13:47:32,362] INFO: [!] Capítulo 1104 já existente em 'One Piece'.
[2025-10-08 13:47:32,362] INFO: [!] Capítulo 1105 já existente em 'One Piece'.
[2025-10-08 13:47:32,362] INFO: [!] Capítulo 1106 já existente em 'One Piece'.
[2025-10-08 13:47:32,362] INFO: [!] Capítulo 1107 já existente em 'One Piece'.
[2025-10-08 13:47:32,362] INFO: [!] Capítulo 1108 já existente em 'One Piece'.
[2025-10-08 13:47:32,362] INFO: [!] Capítulo 1109 já existente em 'One Piece'.
[2025-10-08 13:47:32,362] INFO: [!] Capítulo 1110 já existente em 'One Piece'.
[2025-10-08 13:47:32,362] INFO: [!] Capítulo 1111 já existente em 'One Piece'.
[2025-10-08 13:47:32,362] INFO: [!] Capítulo 1112 já existente em 'One Piece'.
[2025-10-08 13:47:32,362] INFO: [!] Capítulo 1113 já existente em 'One Piece'.
[2025-10-08 13:47:32,362] INFO: [!] Capítulo 1114 já existente em 'One Piece'.
[2025-10-08 13:47:32,362] INFO: [!] Capítulo 1115 já existente em 'One Piece'.
[2025-10-08 13:47:32,363] INFO: [!] Capítulo 1116 já existente em 'One Piece'.
[2025-10-08 13:47:32,363] INFO: [!] Capítulo 1117 já existente em 'One Piece'.
[2025-10-08 13:47:32,363] INFO: [!] Capítulo 1117 já existente em 'One Piece'.
[2025-10-08 13:47:32,363] INFO: [!] Capítulo 1118 já existente em 'One Piece'.
[2025-10-08 13:47:32,363] INFO: [!] Capítulo 1119 já existente em 'One Piece'.
[2025-10-08 13:47:32,363] INFO: [!] Capítulo 1120 já existente em 'One Piece'.
[2025-10-08 13:47:32,363] INFO: [!] Capítulo 1121 já existente em 'One Piece'.
[2025-10-08 13:47:32,363] INFO: [!] Capítulo 1122 já existente em 'One Piece'.
[2025-10-08 13:47:32,363] INFO: [!] Capítulo 1123 já existente em 'One Piece'.
[2025-10-08 13:47:32,363] INFO: [!] Capítulo 1124 já existente em 'One Piece'.
[2025-10-08 13:47:32,363] INFO: [!] Capítulo 1124 já existente em 'One Piece'.
[2025-10-08 13:47:32,363] INFO: [!] Capítulo 1125 já existente em 'One Piece'.
[2025-10-08 13:47:32,363] INFO: [!] Capítulo 1126 já existente em 'One Piece'.
[2025-10-08 13:47:32,363] INFO: [!] Capítulo 1127 já existente em 'One Piece'.
[2025-10-08 13:47:32,363] INFO: [!] Capítulo 1128 já existente em 'One Piece'.
[2025-10-08 13:47:32,363] INFO: [!] Capítulo 1129 já existente em 'One Piece'.
[2025-10-08 13:47:32,363] INFO: [!] Capítulo 1130 já existente em 'One Piece'.
[2025-10-08 13:47:32,363] INFO: [!] Capítulo 1131 já existente em 'One Piece'.
[2025-10-08 13:47:32,363] INFO: [!] Capítulo 1132 já existente em 'One Piece'.
[2025-10-08 13:47:32,363] INFO: [!] Capítulo 1133 já existente em 'One Piece'.
[2025-10-08 13:47:32,364] INFO: [!] Capítulo 1134 já existente em 'One Piece'.
[2025-10-08 13:47:32,364] INFO: [!] Capítulo 1135 já existente em 'One Piece'.
[2025-10-08 13:47:32,364] INFO: [!] Capítulo 1136 já existente em 'One Piece'.
[2025-10-08 13:47:32,364] INFO: [!] Capítulo 1137 já existente em 'One Piece'.
[2025-10-08 13:47:32,364] INFO: [!] Capítulo 1138 já existente em 'One Piece'.
[2025-10-08 13:47:32,364] INFO: [!] Capítulo 1139 já existente em 'One Piece'.
[2025-10-08 13:47:32,364] INFO: [!] Capítulo 1140 já existente em 'One Piece'.
[2025-10-08 13:47:32,364] INFO: [!] Capítulo 1141 já existente em 'One Piece'.
[2025-10-08 13:47:32,364] INFO: [!] Capítulo 1142 já existente em 'One Piece'.
[2025-10-08 13:47:32,364] INFO: [!] Capítulo 1143 já existente em 'One Piece'.
[2025-10-08 13:47:32,364] INFO: [!] Capítulo 1144 já existente em 'One Piece'.
[2025-10-08 13:47:32,364] INFO: [!] Capítulo 1145 já existente em 'One Piece'.
[2025-10-08 13:47:32,364] INFO: [!] Capítulo 1146 já existente em 'One Piece'.
[2025-10-08 13:47:32,364] INFO: [!] Capítulo 1147 já existente em 'One Piece'.
[2025-10-08 13:47:32,364] INFO: [!] Capítulo 1148 já existente em 'One Piece'.
[2025-10-08 13:47:32,364] INFO: [!] Capítulo 1149 já existente em 'One Piece'.
[2025-10-08 13:47:32,364] INFO: [!] Capítulo 1150 já existente em 'One Piece'.
[2025-10-08 13:47:32,364] INFO: [!] Capítulo 1151 já existente em 'One Piece'.
[2025-10-08 13:47:32,364] INFO: [!] Capítulo 1152 já existente em 'One Piece'.
[2025-10-08 13:47:32,365] INFO: [!] Capítulo 1153 já existente em 'One Piece'.
[2025-10-08 13:47:32,365] INFO: [!] Capítulo 1154 já existente em 'One Piece'.
[2025-10-08 13:47:32,365] INFO: [!] Capítulo 1155 já existente em 'One Piece'.
[2025-10-08 13:47:32,365] INFO: [!] Capítulo 1156 já existente em 'One Piece'.
[2025-10-08 13:47:32,365] INFO: [!] Capítulo 1157 já existente em 'One Piece'.
[2025-10-08 13:47:32,365] INFO: [!] Capítulo 1158 já existente em 'One Piece'.
[2025-10-08 13:47:32,365] INFO: [!] Capítulo 1159 já existente em 'One Piece'.
[2025-10-08 13:47:32,365] INFO: [!] Capítulo 1160 já existente em 'One Piece'.
[2025-10-08 13:47:32,365] INFO: [!] Capítulo 1161 já existente em 'One Piece'.
[2025-10-08 13:47:32,396] INFO: [*] Buscando capítulos pela url: https://mangaonline.blog/manga/tensei-shitara-slime-datta-ken-manga/
[2025-10-08 13:47:32,516] INFO: [*] Capítulos encontrados: 133
[2025-10-08 13:47:32,517] WARNING: [!] Capítulo sem número detectado: 'capitulo (111)' — pulando...
[2025-10-08 13:47:32,517] WARNING: [!] Capítulo sem número detectado: 'capitulo (110)' — pulando...
[2025-10-08 13:47:32,517] WARNING: [!] Capítulo sem número detectado: 'capitulo (109)' — pulando...
[2025-10-08 13:47:32,517] WARNING: [!] Capítulo sem número detectado: 'capitulo (108)' — pulando...
[2025-10-08 13:47:32,517] WARNING: [!] Capítulo sem número detectado: 'capitulo (107)' — pulando...
[2025-10-08 13:47:32,518] WARNING: [!] Capítulo sem número detectado: 'capitulo (106)' — pulando...
[2025-10-08 13:47:32,518] WARNING: [!] Capítulo sem número detectado: 'capitulo (105)' — pulando...
[2025-10-08 13:47:32,518] WARNING: [!] Capítulo sem número detectado: 'capitulo (104)' — pulando...
[2025-10-08 13:47:32,518] WARNING: [!] Capítulo sem número detectado: 'capitulo (103)' — pulando...
[2025-10-08 13:47:32,518] WARNING: [!] Capítulo sem número detectado: 'capitulo (102)' — pulando...
[2025-10-08 13:47:32,518] WARNING: [!] Capítulo sem número detectado: 'capitulo (101)' — pulando...
[2025-10-08 13:47:32,518] WARNING: [!] Capítulo sem número detectado: 'capitulo (100)' — pulando...
[2025-10-08 13:47:32,518] WARNING: [!] Capítulo sem número detectado: 'capitulo (99)' — pulando...
[2025-10-08 13:47:32,519] WARNING: [!] Capítulo sem número detectado: 'capitulo (98)' — pulando...
[2025-10-08 13:47:32,519] WARNING: [!] Capítulo sem número detectado: 'capitulo (97)' — pulando...
[2025-10-08 13:47:32,519] WARNING: [!] Capítulo sem número detectado: 'capitulo (96)' — pulando...
[2025-10-08 13:47:32,519] WARNING: [!] Capítulo sem número detectado: 'capitulo (95)' — pulando...
[2025-10-08 13:47:32,519] WARNING: [!] Capítulo sem número detectado: 'capitulo (94)' — pulando...
[2025-10-08 13:47:32,519] WARNING: [!] Capítulo sem número detectado: 'capitulo (93)' — pulando...
[2025-10-08 13:47:32,519] WARNING: [!] Capítulo sem número detectado: 'capitulo (92)' — pulando...
[2025-10-08 13:47:32,519] WARNING: [!] Capítulo sem número detectado: 'capitulo (91)' — pulando...
[2025-10-08 13:47:32,519] WARNING: [!] Capítulo sem número detectado: 'capitulo (90)' — pulando...
[2025-10-08 13:47:32,520] WARNING: [!] Capítulo sem número detectado: 'capitulo (89)' — pulando...
[2025-10-08 13:47:32,520] WARNING: [!] Capítulo sem número detectado: 'capitulo (88)' — pulando...
[2025-10-08 13:47:32,520] WARNING: [!] Capítulo sem número detectado: 'capitulo (87)' — pulando...
[2025-10-08 13:47:32,520] WARNING: [!] Capítulo sem número detectado: 'capitulo (86)' — pulando...
[2025-10-08 13:47:32,520] WARNING: [!] Capítulo sem número detectado: 'capitulo (85)' — pulando...
[2025-10-08 13:47:32,520] WARNING: [!] Capítulo sem número detectado: 'capitulo (84)' — pulando...
[2025-10-08 13:47:32,520] WARNING: [!] Capítulo sem número detectado: 'capitulo (82)' — pulando...
[2025-10-08 13:47:32,520] WARNING: [!] Capítulo sem número detectado: 'capitulo (81)' — pulando...
[2025-10-08 13:47:32,521] WARNING: [!] Capítulo sem número detectado: 'capitulo (80)' — pulando...
[2025-10-08 13:47:32,521] WARNING: [!] Capítulo sem número detectado: 'capitulo (79)' — pulando...
[2025-10-08 13:47:32,521] WARNING: [!] Capítulo sem número detectado: 'capitulo (78)' — pulando...
[2025-10-08 13:47:32,521] WARNING: [!] Capítulo sem número detectado: 'capitulo (77)' — pulando...
[2025-10-08 13:47:32,521] WARNING: [!] Capítulo sem número detectado: 'capitulo (76)' — pulando...
[2025-10-08 13:47:32,521] WARNING: [!] Capítulo sem número detectado: 'capitulo (75)' — pulando...
[2025-10-08 13:47:32,521] WARNING: [!] Capítulo sem número detectado: 'capitulo (74)' — pulando...
[2025-10-08 13:47:32,521] WARNING: [!] Capítulo sem número detectado: 'capitulo (73)' — pulando...
[2025-10-08 13:47:32,521] WARNING: [!] Capítulo sem número detectado: 'capitulo (72)' — pulando...
[2025-10-08 13:47:32,521] WARNING: [!] Capítulo sem número detectado: 'capitulo (71)' — pulando...
[2025-10-08 13:47:32,522] WARNING: [!] Capítulo sem número detectado: 'capitulo (70)' — pulando...
[2025-10-08 13:47:32,522] WARNING: [!] Capítulo sem número detectado: 'capitulo (69)' — pulando...
[2025-10-08 13:47:32,522] WARNING: [!] Capítulo sem número detectado: 'capitulo (68)' — pulando...
[2025-10-08 13:47:32,522] WARNING: [!] Capítulo sem número detectado: 'capitulo (67)' — pulando...
[2025-10-08 13:47:32,522] WARNING: [!] Capítulo sem número detectado: 'capitulo (66)' — pulando...
[2025-10-08 13:47:32,522] WARNING: [!] Capítulo sem número detectado: 'capitulo (65)' — pulando...
[2025-10-08 13:47:32,522] WARNING: [!] Capítulo sem número detectado: 'capitulo (64)' — pulando...
[2025-10-08 13:47:32,522] WARNING: [!] Capítulo sem número detectado: 'capitulo (63)' — pulando...
[2025-10-08 13:47:32,522] WARNING: [!] Capítulo sem número detectado: 'capitulo (62)' — pulando...
[2025-10-08 13:47:32,522] WARNING: [!] Capítulo sem número detectado: 'capitulo (61)' — pulando...
[2025-10-08 13:47:32,523] WARNING: [!] Capítulo sem número detectado: 'capitulo (60)' — pulando...
[2025-10-08 13:47:32,523] WARNING: [!] Capítulo sem número detectado: 'capitulo (59)' — pulando...
[2025-10-08 13:47:32,523] WARNING: [!] Capítulo sem número detectado: 'capitulo (58)' — pulando...
[2025-10-08 13:47:32,523] WARNING: [!] Capítulo sem número detectado: 'capitulo (57)' — pulando...
[2025-10-08 13:47:32,523] WARNING: [!] Capítulo sem número detectado: 'capitulo (56)' — pulando...
[2025-10-08 13:47:32,523] WARNING: [!] Capítulo sem número detectado: 'capitulo (55)' — pulando...
[2025-10-08 13:47:32,523] WARNING: [!] Capítulo sem número detectado: 'capitulo (54)' — pulando...
[2025-10-08 13:47:32,523] WARNING: [!] Capítulo sem número detectado: 'capitulo (53)' — pulando...
[2025-10-08 13:47:32,523] WARNING: [!] Capítulo sem número detectado: 'capitulo (52)' — pulando...
[2025-10-08 13:47:32,524] WARNING: [!] Capítulo sem número detectado: 'capitulo (51)' — pulando...
[2025-10-08 13:47:32,524] WARNING: [!] Capítulo sem número detectado: 'capitulo (50)' — pulando...
[2025-10-08 13:47:32,524] WARNING: [!] Capítulo sem número detectado: 'capitulo (49)' — pulando...
[2025-10-08 13:47:32,524] WARNING: [!] Capítulo sem número detectado: 'capitulo (48)' — pulando...
[2025-10-08 13:47:32,524] WARNING: [!] Capítulo sem número detectado: 'capitulo (47)' — pulando...
[2025-10-08 13:47:32,524] WARNING: [!] Capítulo sem número detectado: 'capitulo (46)' — pulando...
[2025-10-08 13:47:32,524] WARNING: [!] Capítulo sem número detectado: 'capitulo (45)' — pulando...
[2025-10-08 13:47:32,524] WARNING: [!] Capítulo sem número detectado: 'capitulo (44)' — pulando...
[2025-10-08 13:47:32,524] WARNING: [!] Capítulo sem número detectado: 'capitulo (43)' — pulando...
[2025-10-08 13:47:32,525] WARNING: [!] Capítulo sem número detectado: 'capitulo (42)' — pulando...
[2025-10-08 13:47:32,525] WARNING: [!] Capítulo sem número detectado: 'capitulo (41)' — pulando...
[2025-10-08 13:47:32,525] WARNING: [!] Capítulo sem número detectado: 'capitulo (40)' — pulando...
[2025-10-08 13:47:32,525] WARNING: [!] Capítulo sem número detectado: 'capitulo (39)' — pulando...
[2025-10-08 13:47:32,525] WARNING: [!] Capítulo sem número detectado: 'capitulo (38)' — pulando...
[2025-10-08 13:47:32,525] WARNING: [!] Capítulo sem número detectado: 'capitulo (37)' — pulando...
[2025-10-08 13:47:32,525] WARNING: [!] Capítulo sem número detectado: 'capitulo (36)' — pulando...
[2025-10-08 13:47:32,525] WARNING: [!] Capítulo sem número detectado: 'capitulo (35)' — pulando...
[2025-10-08 13:47:32,525] WARNING: [!] Capítulo sem número detectado: 'capitulo (34)' — pulando...
[2025-10-08 13:47:32,525] WARNING: [!] Capítulo sem número detectado: 'capitulo (33)' — pulando...
[2025-10-08 13:47:32,526] WARNING: [!] Capítulo sem número detectado: 'capitulo (32)' — pulando...
[2025-10-08 13:47:32,526] WARNING: [!] Capítulo sem número detectado: 'capitulo (31)' — pulando...
[2025-10-08 13:47:32,526] WARNING: [!] Capítulo sem número detectado: 'capitulo (30)' — pulando...
[2025-10-08 13:47:32,526] WARNING: [!] Capítulo sem número detectado: 'capitulo (29)' — pulando...
[2025-10-08 13:47:32,526] WARNING: [!] Capítulo sem número detectado: 'capitulo (28)' — pulando...
[2025-10-08 13:47:32,526] WARNING: [!] Capítulo sem número detectado: 'capitulo (27)' — pulando...
[2025-10-08 13:47:32,526] WARNING: [!] Capítulo sem número detectado: 'capitulo (26)' — pulando...
[2025-10-08 13:47:32,526] WARNING: [!] Capítulo sem número detectado: 'capitulo (25)' — pulando...
[2025-10-08 13:47:32,526] WARNING: [!] Capítulo sem número detectado: 'capitulo (24)' — pulando...
[2025-10-08 13:47:32,527] WARNING: [!] Capítulo sem número detectado: 'capitulo (23)' — pulando...
[2025-10-08 13:47:32,527] WARNING: [!] Capítulo sem número detectado: 'capitulo (22)' — pulando...
[2025-10-08 13:47:32,527] WARNING: [!] Capítulo sem número detectado: 'capitulo (21)' — pulando...
[2025-10-08 13:47:32,527] WARNING: [!] Capítulo sem número detectado: 'capitulo (20)' — pulando...
[2025-10-08 13:47:32,527] WARNING: [!] Capítulo sem número detectado: 'capitulo (19)' — pulando...
[2025-10-08 13:47:32,527] WARNING: [!] Capítulo sem número detectado: 'capitulo (18)' — pulando...
[2025-10-08 13:47:32,527] WARNING: [!] Capítulo sem número detectado: 'capitulo (17)' — pulando...
[2025-10-08 13:47:32,527] WARNING: [!] Capítulo sem número detectado: 'capitulo (16)' — pulando...
[2025-10-08 13:47:32,527] WARNING: [!] Capítulo sem número detectado: 'capitulo (15)' — pulando...
[2025-10-08 13:47:32,528] WARNING: [!] Capítulo sem número detectado: 'capitulo (14)' — pulando...
[2025-10-08 13:47:32,528] WARNING: [!] Capítulo sem número detectado: 'capitulo (13)' — pulando...
[2025-10-08 13:47:32,528] WARNING: [!] Capítulo sem número detectado: 'capitulo (12)' — pulando...
[2025-10-08 13:47:32,528] WARNING: [!] Capítulo sem número detectado: 'capitulo (11)' — pulando...
[2025-10-08 13:47:32,528] WARNING: [!] Capítulo sem número detectado: 'capitulo (10)' — pulando...
[2025-10-08 13:47:32,528] WARNING: [!] Capítulo sem número detectado: 'capitulo (9)' — pulando...
[2025-10-08 13:47:32,528] WARNING: [!] Capítulo sem número detectado: 'capitulo (8)' — pulando...
[2025-10-08 13:47:32,529] WARNING: [!] Capítulo sem número detectado: 'capitulo (7)' — pulando...
[2025-10-08 13:47:32,529] WARNING: [!] Capítulo sem número detectado: 'capitulo (6)' — pulando...
[2025-10-08 13:47:32,529] WARNING: [!] Capítulo sem número detectado: 'capitulo (5)' — pulando...
[2025-10-08 13:47:32,529] WARNING: [!] Capítulo sem número detectado: 'capitulo (4)' — pulando...
[2025-10-08 13:47:32,529] WARNING: [!] Capítulo sem número detectado: 'capitulo (3)' — pulando...
[2025-10-08 13:47:32,529] WARNING: [!] Capítulo sem número detectado: 'capitulo (2)' — pulando...
[2025-10-08 13:47:32,529] WARNING: [!] Capítulo sem número detectado: 'capitulo  (1)' — pulando...
[2025-10-08 13:47:32,530] INFO: [*] Total de capítulos extraídos: 23
[2025-10-08 13:47:32,530] INFO: [*] Mangá 'Tensei Shitara Slime Datta Ken Manga' sincronizado com sucesso.
[2025-10-08 13:47:32,553] INFO: [*] Buscando capítulos pela url: https://mangaonline.blog/manga/the-ancient-sovereign-of-eternity/
[2025-10-08 13:47:35,814] INFO: [*] Capítulos encontrados: 341
[2025-10-08 13:47:35,830] INFO: [*] Total de capítulos extraídos: 341
[2025-10-08 13:47:35,830] INFO: [!] Capítulo 1 já existente em 'The Ancient Sovereign of Eternity'.
[2025-10-08 13:47:35,831] INFO: [!] Capítulo 2 já existente em 'The Ancient Sovereign of Eternity'.
[2025-10-08 13:47:35,831] INFO: [!] Capítulo 3 já existente em 'The Ancient Sovereign of Eternity'.
[2025-10-08 13:47:35,831] INFO: [!] Capítulo 4 já existente em 'The Ancient Sovereign of Eternity'.
[2025-10-08 13:47:35,831] INFO: [!] Capítulo 5 já existente em 'The Ancient Sovereign of Eternity'.
[2025-10-08 13:47:35,831] INFO: [!] Capítulo 6 já existente em 'The Ancient Sovereign of Eternity'.
[2025-10-08 13:47:35,831] INFO: [!] Capítulo 7 já existente em 'The Ancient Sovereign of Eternity'.
[2025-10-08 13:47:35,831] INFO: [!] Capítulo 8 já existente em 'The Ancient Sovereign of Eternity'.
[2025-10-08 13:47:35,831] INFO: [!] Capítulo 9 já existente em 'The Ancient Sovereign of Eternity'.
[2025-10-08 13:47:35,831] INFO: [!] Capítulo 10 já existente em 'The Ancient Sovereign of Eternity'.
[2025-10-08 13:47:35,831] INFO: [!] Capítulo 11 já existente em 'The Ancient Sovereign of Eternity'.
[2025-10-08 13:47:35,831] INFO: [!] Capítulo 12 já existente em 'The Ancient Sovereign of Eternity'.
[2025-10-08 13:47:35,831] INFO: [!] Capítulo 13 já existente em 'The Ancient Sovereign of Eternity'.
[2025-10-08 13:47:35,831] INFO: [!] Capítulo 14 já existente em 'The Ancient Sovereign of Eternity'.
[2025-10-08 13:47:35,831] INFO: [!] Capítulo 15 já existente em 'The Ancient Sovereign of Eternity'.
[2025-10-08 13:47:35,831] INFO: [!] Capítulo 16 já existente em 'The Ancient Sovereign of Eternity'.
[2025-10-08 13:47:35,831] INFO: [!] Capítulo 17 já existente em 'The Ancient Sovereign of Eternity'.
[2025-10-08 13:47:35,831] INFO: [!] Capítulo 18 já existente em 'The Ancient Sovereign of Eternity'.
[2025-10-08 13:47:35,832] INFO: [!] Capítulo 19 já existente em 'The Ancient Sovereign of Eternity'.
[2025-10-08 13:47:35,832] INFO: [!] Capítulo 20 já existente em 'The Ancient Sovereign of Eternity'.
[2025-10-08 13:47:35,832] INFO: [!] Capítulo 21 já existente em 'The Ancient Sovereign of Eternity'.
[2025-10-08 13:47:35,832] INFO: [!] Capítulo 22 já existente em 'The Ancient Sovereign of Eternity'.
[2025-10-08 13:47:35,832] INFO: [!] Capítulo 23 já existente em 'The Ancient Sovereign of Eternity'.
[2025-10-08 13:47:35,832] INFO: [!] Capítulo 24 já existente em 'The Ancient Sovereign of Eternity'.
[2025-10-08 13:47:35,832] INFO: [!] Capítulo 25 já existente em 'The Ancient Sovereign of Eternity'.
[2025-10-08 13:47:35,832] INFO: [!] Capítulo 26 já existente em 'The Ancient Sovereign of Eternity'.
[2025-10-08 13:47:35,832] INFO: [!] Capítulo 27 já existente em 'The Ancient Sovereign of Eternity'.
[2025-10-08 13:47:35,832] INFO: [!] Capítulo 28 já existente em 'The Ancient Sovereign of Eternity'.
[2025-10-08 13:47:35,832] INFO: [!] Capítulo 29 já existente em 'The Ancient Sovereign of Eternity'.
[2025-10-08 13:47:35,832] INFO: [!] Capítulo 30 já existente em 'The Ancient Sovereign of Eternity'.
[2025-10-08 13:47:35,832] INFO: [!] Capítulo 31 já existente em 'The Ancient Sovereign of Eternity'.
[2025-10-08 13:47:35,832] INFO: [!] Capítulo 32 já existente em 'The Ancient Sovereign of Eternity'.
[2025-10-08 13:47:35,832] INFO: [!] Capítulo 33 já existente em 'The Ancient Sovereign of Eternity'.
[2025-10-08 13:47:35,832] INFO: [!] Capítulo 34 já existente em 'The Ancient Sovereign of Eternity'.
[2025-10-08 13:47:35,832] INFO: [!] Capítulo 35 já existente em 'The Ancient Sovereign of Eternity'.
[2025-10-08 13:47:35,832] INFO: [!] Capítulo 36 já existente em 'The Ancient Sovereign of Eternity'.
[2025-10-08 13:47:35,832] INFO: [!] Capítulo 37 já existente em 'The Ancient Sovereign of Eternity'.
[2025-10-08 13:47:35,832] INFO: [!] Capítulo 38 já existente em 'The Ancient Sovereign of Eternity'.
[2025-10-08 13:47:35,833] INFO: [!] Capítulo 39 já existente em 'The Ancient Sovereign of Eternity'.
[2025-10-08 13:47:35,833] INFO: [!] Capítulo 40 já existente em 'The Ancient Sovereign of Eternity'.
[2025-10-08 13:47:35,833] INFO: [!] Capítulo 41 já existente em 'The Ancient Sovereign of Eternity'.
[2025-10-08 13:47:35,833] INFO: [!] Capítulo 42 já existente em 'The Ancient Sovereign of Eternity'.
[2025-10-08 13:47:35,833] INFO: [!] Capítulo 43 já existente em 'The Ancient Sovereign of Eternity'.
[2025-10-08 13:47:35,833] INFO: [!] Capítulo 44 já existente em 'The Ancient Sovereign of Eternity'.
[2025-10-08 13:47:35,833] INFO: [!] Capítulo 45 já existente em 'The Ancient Sovereign of Eternity'.
[2025-10-08 13:47:35,833] INFO: [!] Capítulo 46 já existente em 'The Ancient Sovereign of Eternity'.
[2025-10-08 13:47:35,833] INFO: [!] Capítulo 47 já existente em 'The Ancient Sovereign of Eternity'.
[2025-10-08 13:47:35,833] INFO: [!] Capítulo 48 já existente em 'The Ancient Sovereign of Eternity'.
[2025-10-08 13:47:35,833] INFO: [!] Capítulo 49 já existente em 'The Ancient Sovereign of Eternity'.
[2025-10-08 13:47:35,833] INFO: [!] Capítulo 50 já existente em 'The Ancient Sovereign of Eternity'.
[2025-10-08 13:47:35,833] INFO: [!] Capítulo 51 já existente em 'The Ancient Sovereign of Eternity'.
[2025-10-08 13:47:35,833] INFO: [!] Capítulo 52 já existente em 'The Ancient Sovereign of Eternity'.
[2025-10-08 13:47:35,833] INFO: [!] Capítulo 53 já existente em 'The Ancient Sovereign of Eternity'.
[2025-10-08 13:47:35,833] INFO: [!] Capítulo 54 já existente em 'The Ancient Sovereign of Eternity'.
[2025-10-08 13:47:35,833] INFO: [!] Capítulo 55 já existente em 'The Ancient Sovereign of Eternity'.
[2025-10-08 13:47:35,833] INFO: [!] Capítulo 56 já existente em 'The Ancient Sovereign of Eternity'.
[2025-10-08 13:47:35,833] INFO: [!] Capítulo 57 já existente em 'The Ancient Sovereign of Eternity'.
[2025-10-08 13:47:35,833] INFO: [!] Capítulo 58 já existente em 'The Ancient Sovereign of Eternity'.
[2025-10-08 13:47:35,834] INFO: [!] Capítulo 59 já existente em 'The Ancient Sovereign of Eternity'.
[2025-10-08 13:47:35,834] INFO: [!] Capítulo 60 já existente em 'The Ancient Sovereign of Eternity'.
[2025-10-08 13:47:35,834] INFO: [!] Capítulo 61 já existente em 'The Ancient Sovereign of Eternity'.
[2025-10-08 13:47:35,834] INFO: [!] Capítulo 62 já existente em 'The Ancient Sovereign of Eternity'.
[2025-10-08 13:47:35,834] INFO: [!] Capítulo 63 já existente em 'The Ancient Sovereign of Eternity'.
[2025-10-08 13:47:35,834] INFO: [!] Capítulo 64 já existente em 'The Ancient Sovereign of Eternity'.
[2025-10-08 13:47:35,834] INFO: [!] Capítulo 65 já existente em 'The Ancient Sovereign of Eternity'.
[2025-10-08 13:47:35,834] INFO: [!] Capítulo 66 já existente em 'The Ancient Sovereign of Eternity'.
[2025-10-08 13:47:35,834] INFO: [!] Capítulo 68 já existente em 'The Ancient Sovereign of Eternity'.
[2025-10-08 13:47:35,834] INFO: [!] Capítulo 69 já existente em 'The Ancient Sovereign of Eternity'.
[2025-10-08 13:47:35,834] INFO: [!] Capítulo 69 já existente em 'The Ancient Sovereign of Eternity'.
[2025-10-08 13:47:35,834] INFO: [!] Capítulo 70 já existente em 'The Ancient Sovereign of Eternity'.
[2025-10-08 13:47:35,834] INFO: [!] Capítulo 71 já existente em 'The Ancient Sovereign of Eternity'.
[2025-10-08 13:47:35,834] INFO: [!] Capítulo 72 já existente em 'The Ancient Sovereign of Eternity'.
[2025-10-08 13:47:35,834] INFO: [!] Capítulo 73 já existente em 'The Ancient Sovereign of Eternity'.
[2025-10-08 13:47:35,834] INFO: [!] Capítulo 74 já existente em 'The Ancient Sovereign of Eternity'.
[2025-10-08 13:47:35,834] INFO: [!] Capítulo 75 já existente em 'The Ancient Sovereign of Eternity'.
[2025-10-08 13:47:35,834] INFO: [!] Capítulo 76 já existente em 'The Ancient Sovereign of Eternity'.
[2025-10-08 13:47:35,834] INFO: [!] Capítulo 77 já existente em 'The Ancient Sovereign of Eternity'.
[2025-10-08 13:47:35,834] INFO: [!] Capítulo 78 já existente em 'The Ancient Sovereign of Eternity'.
[2025-10-08 13:47:35,835] INFO: [!] Capítulo 79 já existente em 'The Ancient Sovereign of Eternity'.
[2025-10-08 13:47:35,835] INFO: [!] Capítulo 80 já existente em 'The Ancient Sovereign of Eternity'.
[2025-10-08 13:47:35,835] INFO: [!] Capítulo 81 já existente em 'The Ancient Sovereign of Eternity'.
[2025-10-08 13:47:35,835] INFO: [!] Capítulo 82 já existente em 'The Ancient Sovereign of Eternity'.
[2025-10-08 13:47:35,835] INFO: [!] Capítulo 83 já existente em 'The Ancient Sovereign of Eternity'.
[2025-10-08 13:47:35,835] INFO: [!] Capítulo 84 já existente em 'The Ancient Sovereign of Eternity'.
[2025-10-08 13:47:35,835] INFO: [!] Capítulo 85 já existente em 'The Ancient Sovereign of Eternity'.
[2025-10-08 13:47:35,835] INFO: [!] Capítulo 86 já existente em 'The Ancient Sovereign of Eternity'.
[2025-10-08 13:47:35,835] INFO: [!] Capítulo 87 já existente em 'The Ancient Sovereign of Eternity'.
[2025-10-08 13:47:35,835] INFO: [!] Capítulo 88 já existente em 'The Ancient Sovereign of Eternity'.
[2025-10-08 13:47:35,835] INFO: [!] Capítulo 89 já existente em 'The Ancient Sovereign of Eternity'.
[2025-10-08 13:47:35,835] INFO: [!] Capítulo 90 já existente em 'The Ancient Sovereign of Eternity'.
[2025-10-08 13:47:35,835] INFO: [!] Capítulo 91 já existente em 'The Ancient Sovereign of Eternity'.
[2025-10-08 13:47:35,835] INFO: [!] Capítulo 92 já existente em 'The Ancient Sovereign of Eternity'.
[2025-10-08 13:47:35,835] INFO: [!] Capítulo 93 já existente em 'The Ancient Sovereign of Eternity'.
[2025-10-08 13:47:35,835] INFO: [!] Capítulo 94 já existente em 'The Ancient Sovereign of Eternity'.
[2025-10-08 13:47:35,835] INFO: [!] Capítulo 95 já existente em 'The Ancient Sovereign of Eternity'.
[2025-10-08 13:47:35,835] INFO: [!] Capítulo 96 já existente em 'The Ancient Sovereign of Eternity'.
[2025-10-08 13:47:35,836] INFO: [!] Capítulo 97 já existente em 'The Ancient Sovereign of Eternity'.
[2025-10-08 13:47:35,836] INFO: [!] Capítulo 98 já existente em 'The Ancient Sovereign of Eternity'.
[2025-10-08 13:47:35,836] INFO: [!] Capítulo 99 já existente em 'The Ancient Sovereign of Eternity'.
[2025-10-08 13:47:35,836] INFO: [!] Capítulo 100 já existente em 'The Ancient Sovereign of Eternity'.
[2025-10-08 13:47:35,836] INFO: [!] Capítulo 101 já existente em 'The Ancient Sovereign of Eternity'.
[2025-10-08 13:47:35,836] INFO: [!] Capítulo 102 já existente em 'The Ancient Sovereign of Eternity'.
[2025-10-08 13:47:35,836] INFO: [!] Capítulo 103 já existente em 'The Ancient Sovereign of Eternity'.
[2025-10-08 13:47:35,836] INFO: [!] Capítulo 104 já existente em 'The Ancient Sovereign of Eternity'.
[2025-10-08 13:47:35,836] INFO: [!] Capítulo 105 já existente em 'The Ancient Sovereign of Eternity'.
[2025-10-08 13:47:35,836] INFO: [!] Capítulo 106 já existente em 'The Ancient Sovereign of Eternity'.
[2025-10-08 13:47:35,836] INFO: [!] Capítulo 107 já existente em 'The Ancient Sovereign of Eternity'.
[2025-10-08 13:47:35,836] INFO: [!] Capítulo 108 já existente em 'The Ancient Sovereign of Eternity'.
[2025-10-08 13:47:35,836] INFO: [!] Capítulo 109 já existente em 'The Ancient Sovereign of Eternity'.
[2025-10-08 13:47:35,836] INFO: [!] Capítulo 110 já existente em 'The Ancient Sovereign of Eternity'.
[2025-10-08 13:47:35,836] INFO: [!] Capítulo 111 já existente em 'The Ancient Sovereign of Eternity'.
[2025-10-08 13:47:35,836] INFO: [!] Capítulo 112 já existente em 'The Ancient Sovereign of Eternity'.
[2025-10-08 13:47:35,836] INFO: [!] Capítulo 113 já existente em 'The Ancient Sovereign of Eternity'.
[2025-10-08 13:47:35,836] INFO: [!] Capítulo 114 já existente em 'The Ancient Sovereign of Eternity'.
[2025-10-08 13:47:35,836] INFO: [!] Capítulo 115 já existente em 'The Ancient Sovereign of Eternity'.
[2025-10-08 13:47:35,837] INFO: [!] Capítulo 116 já existente em 'The Ancient Sovereign of Eternity'.
[2025-10-08 13:47:35,837] INFO: [!] Capítulo 117 já existente em 'The Ancient Sovereign of Eternity'.
[2025-10-08 13:47:35,837] INFO: [!] Capítulo 118 já existente em 'The Ancient Sovereign of Eternity'.
[2025-10-08 13:47:35,837] INFO: [!] Capítulo 119 já existente em 'The Ancient Sovereign of Eternity'.
[2025-10-08 13:47:35,837] INFO: [!] Capítulo 120 já existente em 'The Ancient Sovereign of Eternity'.
[2025-10-08 13:47:35,837] INFO: [!] Capítulo 121 já existente em 'The Ancient Sovereign of Eternity'.
[2025-10-08 13:47:35,837] INFO: [!] Capítulo 122 já existente em 'The Ancient Sovereign of Eternity'.
[2025-10-08 13:47:35,837] INFO: [!] Capítulo 123 já existente em 'The Ancient Sovereign of Eternity'.
[2025-10-08 13:47:35,837] INFO: [!] Capítulo 124 já existente em 'The Ancient Sovereign of Eternity'.
[2025-10-08 13:47:35,837] INFO: [!] Capítulo 125 já existente em 'The Ancient Sovereign of Eternity'.
[2025-10-08 13:47:35,837] INFO: [!] Capítulo 126 já existente em 'The Ancient Sovereign of Eternity'.
[2025-10-08 13:47:35,837] INFO: [!] Capítulo 127 já existente em 'The Ancient Sovereign of Eternity'.
[2025-10-08 13:47:35,837] INFO: [!] Capítulo 128 já existente em 'The Ancient Sovereign of Eternity'.
[2025-10-08 13:47:35,837] INFO: [!] Capítulo 129 já existente em 'The Ancient Sovereign of Eternity'.
[2025-10-08 13:47:35,837] INFO: [!] Capítulo 130 já existente em 'The Ancient Sovereign of Eternity'.
[2025-10-08 13:47:35,837] INFO: [!] Capítulo 131 já existente em 'The Ancient Sovereign of Eternity'.
[2025-10-08 13:47:35,837] INFO: [!] Capítulo 132 já existente em 'The Ancient Sovereign of Eternity'.
[2025-10-08 13:47:35,837] INFO: [!] Capítulo 133 já existente em 'The Ancient Sovereign of Eternity'.
[2025-10-08 13:47:35,837] INFO: [!] Capítulo 134 já existente em 'The Ancient Sovereign of Eternity'.
[2025-10-08 13:47:35,838] INFO: [!] Capítulo 135 já existente em 'The Ancient Sovereign of Eternity'.
[2025-10-08 13:47:35,838] INFO: [!] Capítulo 136 já existente em 'The Ancient Sovereign of Eternity'.
[2025-10-08 13:47:35,838] INFO: [!] Capítulo 137 já existente em 'The Ancient Sovereign of Eternity'.
[2025-10-08 13:47:35,838] INFO: [!] Capítulo 138 já existente em 'The Ancient Sovereign of Eternity'.
[2025-10-08 13:47:35,838] INFO: [!] Capítulo 139 já existente em 'The Ancient Sovereign of Eternity'.
[2025-10-08 13:47:35,838] INFO: [!] Capítulo 140 já existente em 'The Ancient Sovereign of Eternity'.
[2025-10-08 13:47:35,838] INFO: [!] Capítulo 141 já existente em 'The Ancient Sovereign of Eternity'.
[2025-10-08 13:47:35,838] INFO: [!] Capítulo 142 já existente em 'The Ancient Sovereign of Eternity'.
[2025-10-08 13:47:35,838] INFO: [!] Capítulo 143 já existente em 'The Ancient Sovereign of Eternity'.
[2025-10-08 13:47:35,838] INFO: [!] Capítulo 144 já existente em 'The Ancient Sovereign of Eternity'.
[2025-10-08 13:47:35,838] INFO: [!] Capítulo 145 já existente em 'The Ancient Sovereign of Eternity'.
[2025-10-08 13:47:35,838] INFO: [!] Capítulo 146 já existente em 'The Ancient Sovereign of Eternity'.
[2025-10-08 13:47:35,838] INFO: [!] Capítulo 147 já existente em 'The Ancient Sovereign of Eternity'.
[2025-10-08 13:47:35,838] INFO: [!] Capítulo 148 já existente em 'The Ancient Sovereign of Eternity'.
[2025-10-08 13:47:35,838] INFO: [!] Capítulo 149 já existente em 'The Ancient Sovereign of Eternity'.
[2025-10-08 13:47:35,838] INFO: [!] Capítulo 150 já existente em 'The Ancient Sovereign of Eternity'.
[2025-10-08 13:47:35,838] INFO: [!] Capítulo 151 já existente em 'The Ancient Sovereign of Eternity'.
[2025-10-08 13:47:35,838] INFO: [!] Capítulo 152 já existente em 'The Ancient Sovereign of Eternity'.
[2025-10-08 13:47:35,839] INFO: [!] Capítulo 153 já existente em 'The Ancient Sovereign of Eternity'.
[2025-10-08 13:47:35,839] INFO: [!] Capítulo 154 já existente em 'The Ancient Sovereign of Eternity'.
[2025-10-08 13:47:35,839] INFO: [!] Capítulo 155 já existente em 'The Ancient Sovereign of Eternity'.
[2025-10-08 13:47:35,839] INFO: [!] Capítulo 156 já existente em 'The Ancient Sovereign of Eternity'.
[2025-10-08 13:47:35,839] INFO: [!] Capítulo 157 já existente em 'The Ancient Sovereign of Eternity'.
[2025-10-08 13:47:35,839] INFO: [!] Capítulo 158 já existente em 'The Ancient Sovereign of Eternity'.
[2025-10-08 13:47:35,839] INFO: [!] Capítulo 159 já existente em 'The Ancient Sovereign of Eternity'.
[2025-10-08 13:47:35,839] INFO: [!] Capítulo 160 já existente em 'The Ancient Sovereign of Eternity'.
[2025-10-08 13:47:35,839] INFO: [!] Capítulo 161 já existente em 'The Ancient Sovereign of Eternity'.
[2025-10-08 13:47:35,839] INFO: [!] Capítulo 162 já existente em 'The Ancient Sovereign of Eternity'.
[2025-10-08 13:47:35,839] INFO: [!] Capítulo 163 já existente em 'The Ancient Sovereign of Eternity'.
[2025-10-08 13:47:35,839] INFO: [!] Capítulo 164 já existente em 'The Ancient Sovereign of Eternity'.
[2025-10-08 13:47:35,839] INFO: [!] Capítulo 165 já existente em 'The Ancient Sovereign of Eternity'.
[2025-10-08 13:47:35,839] INFO: [!] Capítulo 166 já existente em 'The Ancient Sovereign of Eternity'.
[2025-10-08 13:47:35,839] INFO: [!] Capítulo 167 já existente em 'The Ancient Sovereign of Eternity'.
[2025-10-08 13:47:35,839] INFO: [!] Capítulo 168 já existente em 'The Ancient Sovereign of Eternity'.
[2025-10-08 13:47:35,839] INFO: [!] Capítulo 169 já existente em 'The Ancient Sovereign of Eternity'.
[2025-10-08 13:47:35,839] INFO: [!] Capítulo 170 já existente em 'The Ancient Sovereign of Eternity'.
[2025-10-08 13:47:35,839] INFO: [!] Capítulo 171 já existente em 'The Ancient Sovereign of Eternity'.
[2025-10-08 13:47:35,840] INFO: [!] Capítulo 172 já existente em 'The Ancient Sovereign of Eternity'.
[2025-10-08 13:47:35,840] INFO: [!] Capítulo 173 já existente em 'The Ancient Sovereign of Eternity'.
[2025-10-08 13:47:35,840] INFO: [!] Capítulo 174 já existente em 'The Ancient Sovereign of Eternity'.
[2025-10-08 13:47:35,840] INFO: [!] Capítulo 175 já existente em 'The Ancient Sovereign of Eternity'.
[2025-10-08 13:47:35,840] INFO: [!] Capítulo 176 já existente em 'The Ancient Sovereign of Eternity'.
[2025-10-08 13:47:35,840] INFO: [!] Capítulo 177 já existente em 'The Ancient Sovereign of Eternity'.
[2025-10-08 13:47:35,840] INFO: [!] Capítulo 178 já existente em 'The Ancient Sovereign of Eternity'.
[2025-10-08 13:47:35,840] INFO: [!] Capítulo 179 já existente em 'The Ancient Sovereign of Eternity'.
[2025-10-08 13:47:35,840] INFO: [!] Capítulo 180 já existente em 'The Ancient Sovereign of Eternity'.
[2025-10-08 13:47:35,840] INFO: [!] Capítulo 181 já existente em 'The Ancient Sovereign of Eternity'.
[2025-10-08 13:47:35,840] INFO: [!] Capítulo 182 já existente em 'The Ancient Sovereign of Eternity'.
[2025-10-08 13:47:35,840] INFO: [!] Capítulo 183 já existente em 'The Ancient Sovereign of Eternity'.
[2025-10-08 13:47:35,840] INFO: [!] Capítulo 184 já existente em 'The Ancient Sovereign of Eternity'.
[2025-10-08 13:47:35,840] INFO: [!] Capítulo 185 já existente em 'The Ancient Sovereign of Eternity'.
[2025-10-08 13:47:35,840] INFO: [!] Capítulo 186 já existente em 'The Ancient Sovereign of Eternity'.
[2025-10-08 13:47:35,840] INFO: [!] Capítulo 187 já existente em 'The Ancient Sovereign of Eternity'.
[2025-10-08 13:47:35,840] INFO: [!] Capítulo 188 já existente em 'The Ancient Sovereign of Eternity'.
[2025-10-08 13:47:35,840] INFO: [!] Capítulo 189 já existente em 'The Ancient Sovereign of Eternity'.
[2025-10-08 13:47:35,840] INFO: [!] Capítulo 190 já existente em 'The Ancient Sovereign of Eternity'.
[2025-10-08 13:47:35,840] INFO: [!] Capítulo 191 já existente em 'The Ancient Sovereign of Eternity'.
[2025-10-08 13:47:35,841] INFO: [!] Capítulo 192 já existente em 'The Ancient Sovereign of Eternity'.
[2025-10-08 13:47:35,841] INFO: [!] Capítulo 193 já existente em 'The Ancient Sovereign of Eternity'.
[2025-10-08 13:47:35,841] INFO: [!] Capítulo 194 já existente em 'The Ancient Sovereign of Eternity'.
[2025-10-08 13:47:35,841] INFO: [!] Capítulo 195 já existente em 'The Ancient Sovereign of Eternity'.
[2025-10-08 13:47:35,841] INFO: [!] Capítulo 196 já existente em 'The Ancient Sovereign of Eternity'.
[2025-10-08 13:47:35,841] INFO: [!] Capítulo 197 já existente em 'The Ancient Sovereign of Eternity'.
[2025-10-08 13:47:35,841] INFO: [!] Capítulo 198 já existente em 'The Ancient Sovereign of Eternity'.
[2025-10-08 13:47:35,841] INFO: [!] Capítulo 199 já existente em 'The Ancient Sovereign of Eternity'.
[2025-10-08 13:47:35,841] INFO: [!] Capítulo 200 já existente em 'The Ancient Sovereign of Eternity'.
[2025-10-08 13:47:35,841] INFO: [!] Capítulo 201 já existente em 'The Ancient Sovereign of Eternity'.
[2025-10-08 13:47:35,841] INFO: [!] Capítulo 202 já existente em 'The Ancient Sovereign of Eternity'.
[2025-10-08 13:47:35,841] INFO: [!] Capítulo 203 já existente em 'The Ancient Sovereign of Eternity'.
[2025-10-08 13:47:35,841] INFO: [!] Capítulo 204 já existente em 'The Ancient Sovereign of Eternity'.
[2025-10-08 13:47:35,841] INFO: [!] Capítulo 205 já existente em 'The Ancient Sovereign of Eternity'.
[2025-10-08 13:47:35,841] INFO: [!] Capítulo 206 já existente em 'The Ancient Sovereign of Eternity'.
[2025-10-08 13:47:35,841] INFO: [!] Capítulo 207 já existente em 'The Ancient Sovereign of Eternity'.
[2025-10-08 13:47:35,841] INFO: [!] Capítulo 208 já existente em 'The Ancient Sovereign of Eternity'.
[2025-10-08 13:47:35,841] INFO: [!] Capítulo 209 já existente em 'The Ancient Sovereign of Eternity'.
[2025-10-08 13:47:35,841] INFO: [!] Capítulo 210 já existente em 'The Ancient Sovereign of Eternity'.
[2025-10-08 13:47:35,841] INFO: [!] Capítulo 211 já existente em 'The Ancient Sovereign of Eternity'.
[2025-10-08 13:47:35,842] INFO: [!] Capítulo 212 já existente em 'The Ancient Sovereign of Eternity'.
[2025-10-08 13:47:35,842] INFO: [!] Capítulo 213 já existente em 'The Ancient Sovereign of Eternity'.
[2025-10-08 13:47:35,842] INFO: [!] Capítulo 214 já existente em 'The Ancient Sovereign of Eternity'.
[2025-10-08 13:47:35,842] INFO: [!] Capítulo 215 já existente em 'The Ancient Sovereign of Eternity'.
[2025-10-08 13:47:35,842] INFO: [!] Capítulo 216 já existente em 'The Ancient Sovereign of Eternity'.
[2025-10-08 13:47:35,842] INFO: [!] Capítulo 217 já existente em 'The Ancient Sovereign of Eternity'.
[2025-10-08 13:47:35,842] INFO: [!] Capítulo 218 já existente em 'The Ancient Sovereign of Eternity'.
[2025-10-08 13:47:35,842] INFO: [!] Capítulo 219 já existente em 'The Ancient Sovereign of Eternity'.
[2025-10-08 13:47:35,842] INFO: [!] Capítulo 220 já existente em 'The Ancient Sovereign of Eternity'.
[2025-10-08 13:47:35,842] INFO: [!] Capítulo 221 já existente em 'The Ancient Sovereign of Eternity'.
[2025-10-08 13:47:35,842] INFO: [!] Capítulo 222 já existente em 'The Ancient Sovereign of Eternity'.
[2025-10-08 13:47:35,842] INFO: [!] Capítulo 223 já existente em 'The Ancient Sovereign of Eternity'.
[2025-10-08 13:47:35,842] INFO: [!] Capítulo 224 já existente em 'The Ancient Sovereign of Eternity'.
[2025-10-08 13:47:35,842] INFO: [!] Capítulo 225 já existente em 'The Ancient Sovereign of Eternity'.
[2025-10-08 13:47:35,842] INFO: [!] Capítulo 226 já existente em 'The Ancient Sovereign of Eternity'.
[2025-10-08 13:47:35,842] INFO: [!] Capítulo 227 já existente em 'The Ancient Sovereign of Eternity'.
[2025-10-08 13:47:35,842] INFO: [!] Capítulo 228 já existente em 'The Ancient Sovereign of Eternity'.
[2025-10-08 13:47:35,842] INFO: [!] Capítulo 229 já existente em 'The Ancient Sovereign of Eternity'.
[2025-10-08 13:47:35,842] INFO: [!] Capítulo 230 já existente em 'The Ancient Sovereign of Eternity'.
[2025-10-08 13:47:35,842] INFO: [!] Capítulo 231 já existente em 'The Ancient Sovereign of Eternity'.
[2025-10-08 13:47:35,843] INFO: [!] Capítulo 232 já existente em 'The Ancient Sovereign of Eternity'.
[2025-10-08 13:47:35,843] INFO: [!] Capítulo 233 já existente em 'The Ancient Sovereign of Eternity'.
[2025-10-08 13:47:35,843] INFO: [!] Capítulo 234 já existente em 'The Ancient Sovereign of Eternity'.
[2025-10-08 13:47:35,843] INFO: [!] Capítulo 235 já existente em 'The Ancient Sovereign of Eternity'.
[2025-10-08 13:47:35,843] INFO: [!] Capítulo 236 já existente em 'The Ancient Sovereign of Eternity'.
[2025-10-08 13:47:35,843] INFO: [!] Capítulo 237 já existente em 'The Ancient Sovereign of Eternity'.
[2025-10-08 13:47:35,843] INFO: [!] Capítulo 238 já existente em 'The Ancient Sovereign of Eternity'.
[2025-10-08 13:47:35,843] INFO: [!] Capítulo 239 já existente em 'The Ancient Sovereign of Eternity'.
[2025-10-08 13:47:35,843] INFO: [!] Capítulo 240 já existente em 'The Ancient Sovereign of Eternity'.
[2025-10-08 13:47:35,843] INFO: [!] Capítulo 241 já existente em 'The Ancient Sovereign of Eternity'.
[2025-10-08 13:47:35,843] INFO: [!] Capítulo 242 já existente em 'The Ancient Sovereign of Eternity'.
[2025-10-08 13:47:35,843] INFO: [!] Capítulo 243 já existente em 'The Ancient Sovereign of Eternity'.
[2025-10-08 13:47:35,843] INFO: [!] Capítulo 244 já existente em 'The Ancient Sovereign of Eternity'.
[2025-10-08 13:47:35,843] INFO: [!] Capítulo 245 já existente em 'The Ancient Sovereign of Eternity'.
[2025-10-08 13:47:35,843] INFO: [!] Capítulo 246 já existente em 'The Ancient Sovereign of Eternity'.
[2025-10-08 13:47:35,843] INFO: [!] Capítulo 247 já existente em 'The Ancient Sovereign of Eternity'.
[2025-10-08 13:47:35,843] INFO: [!] Capítulo 248 já existente em 'The Ancient Sovereign of Eternity'.
[2025-10-08 13:47:35,843] INFO: [!] Capítulo 249 já existente em 'The Ancient Sovereign of Eternity'.
[2025-10-08 13:47:35,843] INFO: [!] Capítulo 250 já existente em 'The Ancient Sovereign of Eternity'.
[2025-10-08 13:47:35,843] INFO: [!] Capítulo 251 já existente em 'The Ancient Sovereign of Eternity'.
[2025-10-08 13:47:35,844] INFO: [!] Capítulo 252 já existente em 'The Ancient Sovereign of Eternity'.
[2025-10-08 13:47:35,844] INFO: [!] Capítulo 253 já existente em 'The Ancient Sovereign of Eternity'.
[2025-10-08 13:47:35,844] INFO: [!] Capítulo 254 já existente em 'The Ancient Sovereign of Eternity'.
[2025-10-08 13:47:35,844] INFO: [!] Capítulo 255 já existente em 'The Ancient Sovereign of Eternity'.
[2025-10-08 13:47:35,844] INFO: [!] Capítulo 256 já existente em 'The Ancient Sovereign of Eternity'.
[2025-10-08 13:47:35,844] INFO: [!] Capítulo 257 já existente em 'The Ancient Sovereign of Eternity'.
[2025-10-08 13:47:35,844] INFO: [!] Capítulo 258 já existente em 'The Ancient Sovereign of Eternity'.
[2025-10-08 13:47:35,844] INFO: [!] Capítulo 259 já existente em 'The Ancient Sovereign of Eternity'.
[2025-10-08 13:47:35,844] INFO: [!] Capítulo 260 já existente em 'The Ancient Sovereign of Eternity'.
[2025-10-08 13:47:35,844] INFO: [!] Capítulo 261 já existente em 'The Ancient Sovereign of Eternity'.
[2025-10-08 13:47:35,844] INFO: [!] Capítulo 262 já existente em 'The Ancient Sovereign of Eternity'.
[2025-10-08 13:47:35,844] INFO: [!] Capítulo 263 já existente em 'The Ancient Sovereign of Eternity'.
[2025-10-08 13:47:35,844] INFO: [!] Capítulo 264 já existente em 'The Ancient Sovereign of Eternity'.
[2025-10-08 13:47:35,844] INFO: [!] Capítulo 265 já existente em 'The Ancient Sovereign of Eternity'.
[2025-10-08 13:47:35,844] INFO: [!] Capítulo 266 já existente em 'The Ancient Sovereign of Eternity'.
[2025-10-08 13:47:35,844] INFO: [!] Capítulo 267 já existente em 'The Ancient Sovereign of Eternity'.
[2025-10-08 13:47:35,844] INFO: [!] Capítulo 268 já existente em 'The Ancient Sovereign of Eternity'.
[2025-10-08 13:47:35,844] INFO: [!] Capítulo 269 já existente em 'The Ancient Sovereign of Eternity'.
[2025-10-08 13:47:35,844] INFO: [!] Capítulo 270 já existente em 'The Ancient Sovereign of Eternity'.
[2025-10-08 13:47:35,844] INFO: [!] Capítulo 271 já existente em 'The Ancient Sovereign of Eternity'.
[2025-10-08 13:47:35,845] INFO: [!] Capítulo 272 já existente em 'The Ancient Sovereign of Eternity'.
[2025-10-08 13:47:35,845] INFO: [!] Capítulo 273 já existente em 'The Ancient Sovereign of Eternity'.
[2025-10-08 13:47:35,845] INFO: [!] Capítulo 274 já existente em 'The Ancient Sovereign of Eternity'.
[2025-10-08 13:47:35,845] INFO: [!] Capítulo 275 já existente em 'The Ancient Sovereign of Eternity'.
[2025-10-08 13:47:35,845] INFO: [!] Capítulo 276 já existente em 'The Ancient Sovereign of Eternity'.
[2025-10-08 13:47:35,845] INFO: [!] Capítulo 277 já existente em 'The Ancient Sovereign of Eternity'.
[2025-10-08 13:47:35,845] INFO: [!] Capítulo 278 já existente em 'The Ancient Sovereign of Eternity'.
[2025-10-08 13:47:35,845] INFO: [!] Capítulo 279 já existente em 'The Ancient Sovereign of Eternity'.
[2025-10-08 13:47:35,845] INFO: [!] Capítulo 280 já existente em 'The Ancient Sovereign of Eternity'.
[2025-10-08 13:47:35,845] INFO: [!] Capítulo 281 já existente em 'The Ancient Sovereign of Eternity'.
[2025-10-08 13:47:35,845] INFO: [!] Capítulo 282 já existente em 'The Ancient Sovereign of Eternity'.
[2025-10-08 13:47:35,845] INFO: [!] Capítulo 283 já existente em 'The Ancient Sovereign of Eternity'.
[2025-10-08 13:47:35,845] INFO: [!] Capítulo 284 já existente em 'The Ancient Sovereign of Eternity'.
[2025-10-08 13:47:35,845] INFO: [!] Capítulo 285 já existente em 'The Ancient Sovereign of Eternity'.
[2025-10-08 13:47:35,845] INFO: [!] Capítulo 286 já existente em 'The Ancient Sovereign of Eternity'.
[2025-10-08 13:47:35,845] INFO: [!] Capítulo 287 já existente em 'The Ancient Sovereign of Eternity'.
[2025-10-08 13:47:35,845] INFO: [!] Capítulo 288 já existente em 'The Ancient Sovereign of Eternity'.
[2025-10-08 13:47:35,845] INFO: [!] Capítulo 289 já existente em 'The Ancient Sovereign of Eternity'.
[2025-10-08 13:47:35,845] INFO: [!] Capítulo 290 já existente em 'The Ancient Sovereign of Eternity'.
[2025-10-08 13:47:35,845] INFO: [!] Capítulo 291 já existente em 'The Ancient Sovereign of Eternity'.
[2025-10-08 13:47:35,846] INFO: [!] Capítulo 292 já existente em 'The Ancient Sovereign of Eternity'.
[2025-10-08 13:47:35,846] INFO: [!] Capítulo 293 já existente em 'The Ancient Sovereign of Eternity'.
[2025-10-08 13:47:35,846] INFO: [!] Capítulo 294 já existente em 'The Ancient Sovereign of Eternity'.
[2025-10-08 13:47:35,846] INFO: [!] Capítulo 295 já existente em 'The Ancient Sovereign of Eternity'.
[2025-10-08 13:47:35,846] INFO: [!] Capítulo 296 já existente em 'The Ancient Sovereign of Eternity'.
[2025-10-08 13:47:35,846] INFO: [!] Capítulo 297 já existente em 'The Ancient Sovereign of Eternity'.
[2025-10-08 13:47:35,846] INFO: [!] Capítulo 298 já existente em 'The Ancient Sovereign of Eternity'.
[2025-10-08 13:47:35,846] INFO: [!] Capítulo 299 já existente em 'The Ancient Sovereign of Eternity'.
[2025-10-08 13:47:35,846] INFO: [!] Capítulo 300 já existente em 'The Ancient Sovereign of Eternity'.
[2025-10-08 13:47:35,846] INFO: [!] Capítulo 301 já existente em 'The Ancient Sovereign of Eternity'.
[2025-10-08 13:47:35,846] INFO: [!] Capítulo 302 já existente em 'The Ancient Sovereign of Eternity'.
[2025-10-08 13:47:35,846] INFO: [!] Capítulo 303 já existente em 'The Ancient Sovereign of Eternity'.
[2025-10-08 13:47:35,846] INFO: [!] Capítulo 304 já existente em 'The Ancient Sovereign of Eternity'.
[2025-10-08 13:47:35,846] INFO: [!] Capítulo 305 já existente em 'The Ancient Sovereign of Eternity'.
[2025-10-08 13:47:35,846] INFO: [!] Capítulo 306 já existente em 'The Ancient Sovereign of Eternity'.
[2025-10-08 13:47:35,846] INFO: [!] Capítulo 307 já existente em 'The Ancient Sovereign of Eternity'.
[2025-10-08 13:47:35,846] INFO: [!] Capítulo 308 já existente em 'The Ancient Sovereign of Eternity'.
[2025-10-08 13:47:35,846] INFO: [!] Capítulo 309 já existente em 'The Ancient Sovereign of Eternity'.
[2025-10-08 13:47:35,846] INFO: [!] Capítulo 310 já existente em 'The Ancient Sovereign of Eternity'.
[2025-10-08 13:47:35,846] INFO: [!] Capítulo 311 já existente em 'The Ancient Sovereign of Eternity'.
[2025-10-08 13:47:35,846] INFO: [!] Capítulo 312 já existente em 'The Ancient Sovereign of Eternity'.
[2025-10-08 13:47:35,847] INFO: [!] Capítulo 313 já existente em 'The Ancient Sovereign of Eternity'.
[2025-10-08 13:47:35,847] INFO: [!] Capítulo 314 já existente em 'The Ancient Sovereign of Eternity'.
[2025-10-08 13:47:35,847] INFO: [!] Capítulo 315 já existente em 'The Ancient Sovereign of Eternity'.
[2025-10-08 13:47:35,847] INFO: [!] Capítulo 316 já existente em 'The Ancient Sovereign of Eternity'.
[2025-10-08 13:47:35,847] INFO: [!] Capítulo 317 já existente em 'The Ancient Sovereign of Eternity'.
[2025-10-08 13:47:35,847] INFO: [!] Capítulo 318 já existente em 'The Ancient Sovereign of Eternity'.
[2025-10-08 13:47:35,847] INFO: [!] Capítulo 319 já existente em 'The Ancient Sovereign of Eternity'.
[2025-10-08 13:47:35,847] INFO: [!] Capítulo 320 já existente em 'The Ancient Sovereign of Eternity'.
[2025-10-08 13:47:35,847] INFO: [!] Capítulo 321 já existente em 'The Ancient Sovereign of Eternity'.
[2025-10-08 13:47:35,847] INFO: [!] Capítulo 322 já existente em 'The Ancient Sovereign of Eternity'.
[2025-10-08 13:47:35,847] INFO: [!] Capítulo 323 já existente em 'The Ancient Sovereign of Eternity'.
[2025-10-08 13:47:35,847] INFO: [!] Capítulo 324 já existente em 'The Ancient Sovereign of Eternity'.
[2025-10-08 13:47:35,847] INFO: [!] Capítulo 325 já existente em 'The Ancient Sovereign of Eternity'.
[2025-10-08 13:47:35,847] INFO: [!] Capítulo 326 já existente em 'The Ancient Sovereign of Eternity'.
[2025-10-08 13:47:35,847] INFO: [!] Capítulo 327 já existente em 'The Ancient Sovereign of Eternity'.
[2025-10-08 13:47:35,847] INFO: [!] Capítulo 328 já existente em 'The Ancient Sovereign of Eternity'.
[2025-10-08 13:47:35,847] INFO: [!] Capítulo 329 já existente em 'The Ancient Sovereign of Eternity'.
[2025-10-08 13:47:35,847] INFO: [!] Capítulo 330 já existente em 'The Ancient Sovereign of Eternity'.
[2025-10-08 13:47:35,847] INFO: [!] Capítulo 331 já existente em 'The Ancient Sovereign of Eternity'.
[2025-10-08 13:47:35,847] INFO: [!] Capítulo 332 já existente em 'The Ancient Sovereign of Eternity'.
[2025-10-08 13:47:35,847] INFO: [!] Capítulo 333 já existente em 'The Ancient Sovereign of Eternity'.
[2025-10-08 13:47:35,848] INFO: [!] Capítulo 455 já existente em 'The Ancient Sovereign of Eternity'.
[2025-10-08 13:47:35,848] INFO: [!] Capítulo 456 já existente em 'The Ancient Sovereign of Eternity'.
[2025-10-08 13:47:35,848] INFO: [!] Capítulo 457 já existente em 'The Ancient Sovereign of Eternity'.
[2025-10-08 13:47:35,848] INFO: [!] Capítulo 458 já existente em 'The Ancient Sovereign of Eternity'.
[2025-10-08 13:47:35,848] INFO: [!] Capítulo 459 já existente em 'The Ancient Sovereign of Eternity'.
[2025-10-08 13:47:35,848] INFO: [!] Capítulo 460 já existente em 'The Ancient Sovereign of Eternity'.
[2025-10-08 13:47:35,848] INFO: [!] Capítulo 461 já existente em 'The Ancient Sovereign of Eternity'.
[2025-10-08 13:47:35,848] INFO: [!] Capítulo 462 já existente em 'The Ancient Sovereign of Eternity'.
[2025-10-08 13:47:35,874] INFO: [*] Buscando capítulos pela url: https://mangaonline.blog/manga/one-punch-man-manga-pt-br/
[2025-10-08 13:47:37,665] INFO: [*] Capítulos encontrados: 161
[2025-10-08 13:47:37,666] WARNING: [!] Capítulo sem número detectado: 'capitulo (140) - One Punch-Man' — pulando...
[2025-10-08 13:47:37,666] WARNING: [!] Capítulo sem número detectado: 'capitulo (139) - One Punch-Man' — pulando...
[2025-10-08 13:47:37,667] WARNING: [!] Capítulo sem número detectado: 'capitulo (138) - One Punch-Man' — pulando...
[2025-10-08 13:47:37,667] WARNING: [!] Capítulo sem número detectado: 'capitulo (137) - One Punch-Man' — pulando...
[2025-10-08 13:47:37,667] WARNING: [!] Capítulo sem número detectado: 'capitulo (136) - One Punch-Man' — pulando...
[2025-10-08 13:47:37,667] WARNING: [!] Capítulo sem número detectado: 'capitulo (135) - One Punch-Man' — pulando...
[2025-10-08 13:47:37,667] WARNING: [!] Capítulo sem número detectado: 'capitulo (134) - One Punch-Man' — pulando...
[2025-10-08 13:47:37,667] WARNING: [!] Capítulo sem número detectado: 'capitulo (133) - One Punch-Man' — pulando...
[2025-10-08 13:47:37,667] WARNING: [!] Capítulo sem número detectado: 'capitulo (132) - One Punch-Man' — pulando...
[2025-10-08 13:47:37,667] WARNING: [!] Capítulo sem número detectado: 'capitulo (131) - One Punch-Man' — pulando...
[2025-10-08 13:47:37,667] WARNING: [!] Capítulo sem número detectado: 'capitulo (130) - One Punch-Man' — pulando...
[2025-10-08 13:47:37,668] WARNING: [!] Capítulo sem número detectado: 'capitulo (129) - One Punch-Man' — pulando...
[2025-10-08 13:47:37,668] WARNING: [!] Capítulo sem número detectado: 'capitulo (128) - One Punch-Man' — pulando...
[2025-10-08 13:47:37,668] WARNING: [!] Capítulo sem número detectado: 'capitulo (127) - One Punch-Man' — pulando...
[2025-10-08 13:47:37,668] WARNING: [!] Capítulo sem número detectado: 'capitulo (126) - One Punch-Man' — pulando...
[2025-10-08 13:47:37,668] WARNING: [!] Capítulo sem número detectado: 'capitulo (125) - One Punch-Man' — pulando...
[2025-10-08 13:47:37,668] WARNING: [!] Capítulo sem número detectado: 'capitulo (124) - One Punch-Man' — pulando...
[2025-10-08 13:47:37,668] WARNING: [!] Capítulo sem número detectado: 'capitulo (123) - One Punch-Man' — pulando...
[2025-10-08 13:47:37,668] WARNING: [!] Capítulo sem número detectado: 'capitulo (122) - One Punch-Man' — pulando...
[2025-10-08 13:47:37,668] WARNING: [!] Capítulo sem número detectado: 'capitulo (121) - One Punch-Man' — pulando...
[2025-10-08 13:47:37,669] WARNING: [!] Capítulo sem número detectado: 'capitulo (120) - One Punch-Man' — pulando...
[2025-10-08 13:47:37,669] WARNING: [!] Capítulo sem número detectado: 'capitulo (119) - One Punch-Man' — pulando...
[2025-10-08 13:47:37,669] WARNING: [!] Capítulo sem número detectado: 'capitulo (118) - One Punch-Man' — pulando...
[2025-10-08 13:47:37,669] WARNING: [!] Capítulo sem número detectado: 'capitulo (117) - One Punch-Man' — pulando...
[2025-10-08 13:47:37,669] WARNING: [!] Capítulo sem número detectado: 'capitulo (116) - One Punch-Man' — pulando...
[2025-10-08 13:47:37,669] WARNING: [!] Capítulo sem número detectado: 'capitulo (115) - One Punch-Man' — pulando...
[2025-10-08 13:47:37,669] WARNING: [!] Capítulo sem número detectado: 'capitulo (114) - One Punch-Man' — pulando...
[2025-10-08 13:47:37,669] WARNING: [!] Capítulo sem número detectado: 'capitulo (113) - One Punch-Man' — pulando...
[2025-10-08 13:47:37,669] WARNING: [!] Capítulo sem número detectado: 'capitulo (112) - One Punch-Man' — pulando...
[2025-10-08 13:47:37,669] WARNING: [!] Capítulo sem número detectado: 'capitulo (111) - One Punch-Man' — pulando...
[2025-10-08 13:47:37,670] WARNING: [!] Capítulo sem número detectado: 'capitulo (110) - One Punch-Man' — pulando...
[2025-10-08 13:47:37,670] WARNING: [!] Capítulo sem número detectado: 'capitulo (109) - One Punch-Man' — pulando...
[2025-10-08 13:47:37,670] WARNING: [!] Capítulo sem número detectado: 'capitulo (108) - One Punch-Man' — pulando...
[2025-10-08 13:47:37,670] WARNING: [!] Capítulo sem número detectado: 'capitulo (107) - One Punch-Man' — pulando...
[2025-10-08 13:47:37,670] WARNING: [!] Capítulo sem número detectado: 'capitulo (106) - One Punch-Man' — pulando...
[2025-10-08 13:47:37,670] WARNING: [!] Capítulo sem número detectado: 'capitulo (105) - One Punch-Man' — pulando...
[2025-10-08 13:47:37,670] WARNING: [!] Capítulo sem número detectado: 'capitulo (104) - One Punch-Man' — pulando...
[2025-10-08 13:47:37,670] WARNING: [!] Capítulo sem número detectado: 'capitulo (103) - One Punch-Man' — pulando...
[2025-10-08 13:47:37,670] WARNING: [!] Capítulo sem número detectado: 'capitulo (102) - One Punch-Man' — pulando...
[2025-10-08 13:47:37,671] WARNING: [!] Capítulo sem número detectado: 'capitulo (101) - One Punch-Man' — pulando...
[2025-10-08 13:47:37,671] WARNING: [!] Capítulo sem número detectado: 'capitulo (100) - One Punch-Man' — pulando...
[2025-10-08 13:47:37,671] WARNING: [!] Capítulo sem número detectado: 'capitulo (99) - One Punch-Man' — pulando...
[2025-10-08 13:47:37,671] WARNING: [!] Capítulo sem número detectado: 'capitulo (98) - One Punch-Man' — pulando...
[2025-10-08 13:47:37,671] WARNING: [!] Capítulo sem número detectado: 'capitulo (97) - One Punch-Man' — pulando...
[2025-10-08 13:47:37,671] WARNING: [!] Capítulo sem número detectado: 'capitulo (96) - One Punch-Man' — pulando...
[2025-10-08 13:47:37,671] WARNING: [!] Capítulo sem número detectado: 'capitulo (95) - One Punch-Man' — pulando...
[2025-10-08 13:47:37,671] WARNING: [!] Capítulo sem número detectado: 'capitulo (94) - One Punch-Man' — pulando...
[2025-10-08 13:47:37,671] WARNING: [!] Capítulo sem número detectado: 'capitulo (93) - One Punch-Man' — pulando...
[2025-10-08 13:47:37,671] WARNING: [!] Capítulo sem número detectado: 'capitulo (92) - One Punch-Man' — pulando...
[2025-10-08 13:47:37,672] WARNING: [!] Capítulo sem número detectado: 'capitulo (91) - One Punch-Man' — pulando...
[2025-10-08 13:47:37,672] WARNING: [!] Capítulo sem número detectado: 'capitulo (90) - One Punch-Man' — pulando...
[2025-10-08 13:47:37,672] WARNING: [!] Capítulo sem número detectado: 'capitulo (89) - One Punch-Man' — pulando...
[2025-10-08 13:47:37,672] WARNING: [!] Capítulo sem número detectado: 'capitulo (88) - One Punch-Man' — pulando...
[2025-10-08 13:47:37,672] WARNING: [!] Capítulo sem número detectado: 'capitulo (87) - One Punch-Man' — pulando...
[2025-10-08 13:47:37,672] WARNING: [!] Capítulo sem número detectado: 'capitulo (86) - One Punch-Man' — pulando...
[2025-10-08 13:47:37,672] WARNING: [!] Capítulo sem número detectado: 'capitulo (85) - One Punch-Man' — pulando...
[2025-10-08 13:47:37,672] WARNING: [!] Capítulo sem número detectado: 'capitulo (84) - One Punch-Man' — pulando...
[2025-10-08 13:47:37,672] WARNING: [!] Capítulo sem número detectado: 'capitulo (83) - One Punch-Man' — pulando...
[2025-10-08 13:47:37,673] WARNING: [!] Capítulo sem número detectado: 'capitulo (82) - One Punch-Man' — pulando...
[2025-10-08 13:47:37,673] WARNING: [!] Capítulo sem número detectado: 'capitulo (81) - One Punch-Man' — pulando...
[2025-10-08 13:47:37,673] WARNING: [!] Capítulo sem número detectado: 'capitulo (80) - One Punch-Man' — pulando...
[2025-10-08 13:47:37,673] WARNING: [!] Capítulo sem número detectado: 'capitulo (79) - One Punch-Man' — pulando...
[2025-10-08 13:47:37,673] WARNING: [!] Capítulo sem número detectado: 'capitulo (78) - One Punch-Man' — pulando...
[2025-10-08 13:47:37,673] WARNING: [!] Capítulo sem número detectado: 'capitulo (77) - One Punch-Man' — pulando...
[2025-10-08 13:47:37,673] WARNING: [!] Capítulo sem número detectado: 'capitulo (76) - One Punch-Man' — pulando...
[2025-10-08 13:47:37,673] WARNING: [!] Capítulo sem número detectado: 'capitulo (75) - One Punch-Man' — pulando...
[2025-10-08 13:47:37,673] WARNING: [!] Capítulo sem número detectado: 'capitulo (74) - One Punch-Man' — pulando...
[2025-10-08 13:47:37,674] WARNING: [!] Capítulo sem número detectado: 'capitulo (73) - One Punch-Man' — pulando...
[2025-10-08 13:47:37,674] WARNING: [!] Capítulo sem número detectado: 'capitulo (72) - One Punch-Man' — pulando...
[2025-10-08 13:47:37,674] WARNING: [!] Capítulo sem número detectado: 'capitulo (71) - One Punch-Man' — pulando...
[2025-10-08 13:47:37,674] WARNING: [!] Capítulo sem número detectado: 'capitulo (70)' — pulando...
[2025-10-08 13:47:37,674] WARNING: [!] Capítulo sem número detectado: 'capitulo (69)' — pulando...
[2025-10-08 13:47:37,674] WARNING: [!] Capítulo sem número detectado: 'capitulo (68)' — pulando...
[2025-10-08 13:47:37,674] WARNING: [!] Capítulo sem número detectado: 'capitulo (67)' — pulando...
[2025-10-08 13:47:37,674] WARNING: [!] Capítulo sem número detectado: 'capitulo (66)' — pulando...
[2025-10-08 13:47:37,674] WARNING: [!] Capítulo sem número detectado: 'capitulo (65)' — pulando...
[2025-10-08 13:47:37,674] WARNING: [!] Capítulo sem número detectado: 'capitulo (64)' — pulando...
[2025-10-08 13:47:37,675] WARNING: [!] Capítulo sem número detectado: 'capitulo (63)' — pulando...
[2025-10-08 13:47:37,675] WARNING: [!] Capítulo sem número detectado: 'capitulo (62)' — pulando...
[2025-10-08 13:47:37,675] WARNING: [!] Capítulo sem número detectado: 'capitulo (61)' — pulando...
[2025-10-08 13:47:37,675] WARNING: [!] Capítulo sem número detectado: 'capitulo (60)' — pulando...
[2025-10-08 13:47:37,675] WARNING: [!] Capítulo sem número detectado: 'capitulo (59)' — pulando...
[2025-10-08 13:47:37,675] WARNING: [!] Capítulo sem número detectado: 'capitulo (58)' — pulando...
[2025-10-08 13:47:37,675] WARNING: [!] Capítulo sem número detectado: 'capitulo (57)' — pulando...
[2025-10-08 13:47:37,675] WARNING: [!] Capítulo sem número detectado: 'capitulo (56)' — pulando...
[2025-10-08 13:47:37,675] WARNING: [!] Capítulo sem número detectado: 'capitulo (55)' — pulando...
[2025-10-08 13:47:37,675] WARNING: [!] Capítulo sem número detectado: 'capitulo (54)' — pulando...
[2025-10-08 13:47:37,676] WARNING: [!] Capítulo sem número detectado: 'capitulo (53)' — pulando...
[2025-10-08 13:47:37,676] WARNING: [!] Capítulo sem número detectado: 'capitulo (52)' — pulando...
[2025-10-08 13:47:37,676] WARNING: [!] Capítulo sem número detectado: 'capitulo (51)' — pulando...
[2025-10-08 13:47:37,676] WARNING: [!] Capítulo sem número detectado: 'capitulo (50)' — pulando...
[2025-10-08 13:47:37,676] WARNING: [!] Capítulo sem número detectado: 'capitulo (49)' — pulando...
[2025-10-08 13:47:37,676] WARNING: [!] Capítulo sem número detectado: 'capitulo (48)' — pulando...
[2025-10-08 13:47:37,676] WARNING: [!] Capítulo sem número detectado: 'capitulo (47)' — pulando...
[2025-10-08 13:47:37,676] WARNING: [!] Capítulo sem número detectado: 'capitulo (46)' — pulando...
[2025-10-08 13:47:37,676] WARNING: [!] Capítulo sem número detectado: 'capitulo (45)' — pulando...
[2025-10-08 13:47:37,676] WARNING: [!] Capítulo sem número detectado: 'capitulo (44)' — pulando...
[2025-10-08 13:47:37,677] WARNING: [!] Capítulo sem número detectado: 'capitulo (43)' — pulando...
[2025-10-08 13:47:37,677] WARNING: [!] Capítulo sem número detectado: 'capitulo (42)' — pulando...
[2025-10-08 13:47:37,677] WARNING: [!] Capítulo sem número detectado: 'capitulo (41)' — pulando...
[2025-10-08 13:47:37,677] WARNING: [!] Capítulo sem número detectado: 'capitulo (40)' — pulando...
[2025-10-08 13:47:37,677] WARNING: [!] Capítulo sem número detectado: 'capitulo (39)' — pulando...
[2025-10-08 13:47:37,677] WARNING: [!] Capítulo sem número detectado: 'capitulo (38)' — pulando...
[2025-10-08 13:47:37,677] WARNING: [!] Capítulo sem número detectado: 'capitulo (37)' — pulando...
[2025-10-08 13:47:37,677] WARNING: [!] Capítulo sem número detectado: 'capitulo (36)' — pulando...
[2025-10-08 13:47:37,677] WARNING: [!] Capítulo sem número detectado: 'capitulo (35)' — pulando...
[2025-10-08 13:47:37,678] WARNING: [!] Capítulo sem número detectado: 'capitulo (34)' — pulando...
[2025-10-08 13:47:37,678] WARNING: [!] Capítulo sem número detectado: 'capitulo (33)' — pulando...
[2025-10-08 13:47:37,678] WARNING: [!] Capítulo sem número detectado: 'capitulo (32)' — pulando...
[2025-10-08 13:47:37,678] WARNING: [!] Capítulo sem número detectado: 'capitulo (31)' — pulando...
[2025-10-08 13:47:37,678] WARNING: [!] Capítulo sem número detectado: 'capitulo (30)' — pulando...
[2025-10-08 13:47:37,678] WARNING: [!] Capítulo sem número detectado: 'capitulo (29)' — pulando...
[2025-10-08 13:47:37,678] WARNING: [!] Capítulo sem número detectado: 'capitulo (28)' — pulando...
[2025-10-08 13:47:37,678] WARNING: [!] Capítulo sem número detectado: 'capitulo (27)' — pulando...
[2025-10-08 13:47:37,678] WARNING: [!] Capítulo sem número detectado: 'capitulo (26)' — pulando...
[2025-10-08 13:47:37,679] WARNING: [!] Capítulo sem número detectado: 'capitulo (25)' — pulando...
[2025-10-08 13:47:37,679] WARNING: [!] Capítulo sem número detectado: 'capitulo (24)' — pulando...
[2025-10-08 13:47:37,679] WARNING: [!] Capítulo sem número detectado: 'capitulo (23)' — pulando...
[2025-10-08 13:47:37,679] WARNING: [!] Capítulo sem número detectado: 'capitulo (22)' — pulando...
[2025-10-08 13:47:37,679] WARNING: [!] Capítulo sem número detectado: 'capitulo (21)' — pulando...
[2025-10-08 13:47:37,679] WARNING: [!] Capítulo sem número detectado: 'capitulo (20)' — pulando...
[2025-10-08 13:47:37,679] WARNING: [!] Capítulo sem número detectado: 'capitulo (19)' — pulando...
[2025-10-08 13:47:37,679] WARNING: [!] Capítulo sem número detectado: 'capitulo (18)' — pulando...
[2025-10-08 13:47:37,679] WARNING: [!] Capítulo sem número detectado: 'capitulo (17)' — pulando...
[2025-10-08 13:47:37,679] WARNING: [!] Capítulo sem número detectado: 'capitulo (16)' — pulando...
[2025-10-08 13:47:37,680] WARNING: [!] Capítulo sem número detectado: 'capitulo (15)' — pulando...
[2025-10-08 13:47:37,680] WARNING: [!] Capítulo sem número detectado: 'capitulo (14)' — pulando...
[2025-10-08 13:47:37,680] WARNING: [!] Capítulo sem número detectado: 'capitulo (13)' — pulando...
[2025-10-08 13:47:37,680] WARNING: [!] Capítulo sem número detectado: 'capitulo (12)' — pulando...
[2025-10-08 13:47:37,680] WARNING: [!] Capítulo sem número detectado: 'capitulo (11)' — pulando...
[2025-10-08 13:47:37,680] WARNING: [!] Capítulo sem número detectado: 'capitulo (10)' — pulando...
[2025-10-08 13:47:37,680] WARNING: [!] Capítulo sem número detectado: 'capitulo (9)' — pulando...
[2025-10-08 13:47:37,680] WARNING: [!] Capítulo sem número detectado: 'capitulo (8)' — pulando...
[2025-10-08 13:47:37,680] WARNING: [!] Capítulo sem número detectado: 'capitulo (7)' — pulando...
[2025-10-08 13:47:37,680] WARNING: [!] Capítulo sem número detectado: 'capitulo (6)' — pulando...
[2025-10-08 13:47:37,681] WARNING: [!] Capítulo sem número detectado: 'capitulo (5)' — pulando...
[2025-10-08 13:47:37,681] WARNING: [!] Capítulo sem número detectado: 'capitulo (4)' — pulando...
[2025-10-08 13:47:37,681] WARNING: [!] Capítulo sem número detectado: 'capitulo (3)' — pulando...
[2025-10-08 13:47:37,681] WARNING: [!] Capítulo sem número detectado: 'capitulo (2)' — pulando...
[2025-10-08 13:47:37,681] WARNING: [!] Capítulo sem número detectado: 'capitulo (1)' — pulando...
[2025-10-08 13:47:37,681] INFO: [*] Total de capítulos extraídos: 21
[2025-10-08 13:47:37,681] INFO: [!] Capítulo 195 já existente em 'One Punch-Man'.
[2025-10-08 13:47:37,681] INFO: [!] Capítulo 196 já existente em 'One Punch-Man'.
[2025-10-08 13:47:37,681] INFO: [!] Capítulo 197 já existente em 'One Punch-Man'.
[2025-10-08 13:47:37,681] INFO: [!] Capítulo 198 já existente em 'One Punch-Man'.
[2025-10-08 13:47:37,681] INFO: [!] Capítulo 199 já existente em 'One Punch-Man'.
[2025-10-08 13:47:37,681] INFO: [!] Capítulo 200 já existente em 'One Punch-Man'.
[2025-10-08 13:47:37,682] INFO: [!] Capítulo 201 já existente em 'One Punch-Man'.
[2025-10-08 13:47:37,682] INFO: [!] Capítulo 202 já existente em 'One Punch-Man'.
[2025-10-08 13:47:37,682] INFO: [!] Capítulo 203 já existente em 'One Punch-Man'.
[2025-10-08 13:47:37,682] INFO: [!] Capítulo 204 já existente em 'One Punch-Man'.
[2025-10-08 13:47:37,682] INFO: [!] Capítulo 205 já existente em 'One Punch-Man'.
[2025-10-08 13:47:37,682] INFO: [!] Capítulo 206 já existente em 'One Punch-Man'.
[2025-10-08 13:47:37,682] INFO: [!] Capítulo 207 já existente em 'One Punch-Man'.
[2025-10-08 13:47:37,682] INFO: [!] Capítulo 208 já existente em 'One Punch-Man'.
[2025-10-08 13:47:37,682] INFO: [!] Capítulo 209 já existente em 'One Punch-Man'.
[2025-10-08 13:47:37,682] INFO: [!] Capítulo 210 já existente em 'One Punch-Man'.
[2025-10-08 13:47:37,682] INFO: [!] Capítulo 211 já existente em 'One Punch-Man'.
[2025-10-08 13:47:37,682] INFO: [!] Capítulo 212 já existente em 'One Punch-Man'.
[2025-10-08 13:47:37,682] INFO: [!] Capítulo 213 já existente em 'One Punch-Man'.
[2025-10-08 13:47:37,682] INFO: [!] Capítulo 214 já existente em 'One Punch-Man'.
[2025-10-08 13:47:37,682] INFO: [!] Capítulo 215 já existente em 'One Punch-Man'.
[2025-10-08 13:47:37,742] INFO: [*] Buscando capítulos pela url: https://mangaonline.blog/manga/the-greatest-estate-designer-manga/
[2025-10-08 13:47:37,834] INFO: [*] Capítulos encontrados: 83
[2025-10-08 13:47:37,838] INFO: [*] Total de capítulos extraídos: 83
[2025-10-08 13:47:37,838] INFO: [!] Capítulo 1 já existente em 'The Greatest Estate Designer'.
[2025-10-08 13:47:37,838] INFO: [!] Capítulo 2 já existente em 'The Greatest Estate Designer'.
[2025-10-08 13:47:37,838] INFO: [!] Capítulo 3 já existente em 'The Greatest Estate Designer'.
[2025-10-08 13:47:37,838] INFO: [!] Capítulo 4 já existente em 'The Greatest Estate Designer'.
[2025-10-08 13:47:37,838] INFO: [!] Capítulo 5 já existente em 'The Greatest Estate Designer'.
[2025-10-08 13:47:37,838] INFO: [!] Capítulo 6 já existente em 'The Greatest Estate Designer'.
[2025-10-08 13:47:37,839] INFO: [!] Capítulo 7 já existente em 'The Greatest Estate Designer'.
[2025-10-08 13:47:37,839] INFO: [!] Capítulo 8 já existente em 'The Greatest Estate Designer'.
[2025-10-08 13:47:37,839] INFO: [!] Capítulo 9 já existente em 'The Greatest Estate Designer'.
[2025-10-08 13:47:37,839] INFO: [!] Capítulo 10 já existente em 'The Greatest Estate Designer'.
[2025-10-08 13:47:37,839] INFO: [!] Capítulo 11 já existente em 'The Greatest Estate Designer'.
[2025-10-08 13:47:37,839] INFO: [!] Capítulo 12 já existente em 'The Greatest Estate Designer'.
[2025-10-08 13:47:37,839] INFO: [!] Capítulo 13 já existente em 'The Greatest Estate Designer'.
[2025-10-08 13:47:37,839] INFO: [!] Capítulo 14 já existente em 'The Greatest Estate Designer'.
[2025-10-08 13:47:37,839] INFO: [!] Capítulo 15 já existente em 'The Greatest Estate Designer'.
[2025-10-08 13:47:37,839] INFO: [!] Capítulo 16 já existente em 'The Greatest Estate Designer'.
[2025-10-08 13:47:37,839] INFO: [!] Capítulo 17 já existente em 'The Greatest Estate Designer'.
[2025-10-08 13:47:37,839] INFO: [!] Capítulo 18 já existente em 'The Greatest Estate Designer'.
[2025-10-08 13:47:37,839] INFO: [!] Capítulo 19 já existente em 'The Greatest Estate Designer'.
[2025-10-08 13:47:37,839] INFO: [!] Capítulo 20 já existente em 'The Greatest Estate Designer'.
[2025-10-08 13:47:37,839] INFO: [!] Capítulo 147 já existente em 'The Greatest Estate Designer'.
[2025-10-08 13:47:37,839] INFO: [!] Capítulo 148 já existente em 'The Greatest Estate Designer'.
[2025-10-08 13:47:37,839] INFO: [!] Capítulo 149 já existente em 'The Greatest Estate Designer'.
[2025-10-08 13:47:37,839] INFO: [!] Capítulo 150 já existente em 'The Greatest Estate Designer'.
[2025-10-08 13:47:37,839] INFO: [!] Capítulo 151 já existente em 'The Greatest Estate Designer'.
[2025-10-08 13:47:37,839] INFO: [!] Capítulo 152 já existente em 'The Greatest Estate Designer'.
[2025-10-08 13:47:37,839] INFO: [!] Capítulo 153 já existente em 'The Greatest Estate Designer'.
[2025-10-08 13:47:37,840] INFO: [!] Capítulo 154 já existente em 'The Greatest Estate Designer'.
[2025-10-08 13:47:37,840] INFO: [!] Capítulo 155 já existente em 'The Greatest Estate Designer'.
[2025-10-08 13:47:37,840] INFO: [!] Capítulo 156 já existente em 'The Greatest Estate Designer'.
[2025-10-08 13:47:37,840] INFO: [!] Capítulo 157 já existente em 'The Greatest Estate Designer'.
[2025-10-08 13:47:37,840] INFO: [!] Capítulo 158 já existente em 'The Greatest Estate Designer'.
[2025-10-08 13:47:37,840] INFO: [!] Capítulo 159 já existente em 'The Greatest Estate Designer'.
[2025-10-08 13:47:37,840] INFO: [!] Capítulo 160 já existente em 'The Greatest Estate Designer'.
[2025-10-08 13:47:37,840] INFO: [!] Capítulo 161 já existente em 'The Greatest Estate Designer'.
[2025-10-08 13:47:37,840] INFO: [!] Capítulo 162 já existente em 'The Greatest Estate Designer'.
[2025-10-08 13:47:37,840] INFO: [!] Capítulo 163 já existente em 'The Greatest Estate Designer'.
[2025-10-08 13:47:37,840] INFO: [!] Capítulo 164 já existente em 'The Greatest Estate Designer'.
[2025-10-08 13:47:37,840] INFO: [!] Capítulo 165 já existente em 'The Greatest Estate Designer'.
[2025-10-08 13:47:37,840] INFO: [!] Capítulo 166 já existente em 'The Greatest Estate Designer'.
[2025-10-08 13:47:37,840] INFO: [!] Capítulo 167 já existente em 'The Greatest Estate Designer'.
[2025-10-08 13:47:37,840] INFO: [!] Capítulo 168 já existente em 'The Greatest Estate Designer'.
[2025-10-08 13:47:37,840] INFO: [!] Capítulo 169 já existente em 'The Greatest Estate Designer'.
[2025-10-08 13:47:37,840] INFO: [!] Capítulo 170 já existente em 'The Greatest Estate Designer'.
[2025-10-08 13:47:37,840] INFO: [!] Capítulo 171 já existente em 'The Greatest Estate Designer'.
[2025-10-08 13:47:37,840] INFO: [!] Capítulo 172 já existente em 'The Greatest Estate Designer'.
[2025-10-08 13:47:37,841] INFO: [!] Capítulo 173 já existente em 'The Greatest Estate Designer'.
[2025-10-08 13:47:37,841] INFO: [!] Capítulo 174 já existente em 'The Greatest Estate Designer'.
[2025-10-08 13:47:37,841] INFO: [!] Capítulo 175 já existente em 'The Greatest Estate Designer'.
[2025-10-08 13:47:37,841] INFO: [!] Capítulo 176 já existente em 'The Greatest Estate Designer'.
[2025-10-08 13:47:37,841] INFO: [!] Capítulo 177 já existente em 'The Greatest Estate Designer'.
[2025-10-08 13:47:37,841] INFO: [!] Capítulo 178 já existente em 'The Greatest Estate Designer'.
[2025-10-08 13:47:37,841] INFO: [!] Capítulo 179 já existente em 'The Greatest Estate Designer'.
[2025-10-08 13:47:37,841] INFO: [!] Capítulo 180 já existente em 'The Greatest Estate Designer'.
[2025-10-08 13:47:37,841] INFO: [!] Capítulo 181 já existente em 'The Greatest Estate Designer'.
[2025-10-08 13:47:37,841] INFO: [!] Capítulo 182 já existente em 'The Greatest Estate Designer'.
[2025-10-08 13:47:37,841] INFO: [!] Capítulo 183 já existente em 'The Greatest Estate Designer'.
[2025-10-08 13:47:37,841] INFO: [!] Capítulo 184 já existente em 'The Greatest Estate Designer'.
[2025-10-08 13:47:37,841] INFO: [!] Capítulo 185 já existente em 'The Greatest Estate Designer'.
[2025-10-08 13:47:37,841] INFO: [!] Capítulo 186 já existente em 'The Greatest Estate Designer'.
[2025-10-08 13:47:37,841] INFO: [!] Capítulo 187 já existente em 'The Greatest Estate Designer'.
[2025-10-08 13:47:37,841] INFO: [!] Capítulo 188 já existente em 'The Greatest Estate Designer'.
[2025-10-08 13:47:37,841] INFO: [!] Capítulo 189 já existente em 'The Greatest Estate Designer'.
[2025-10-08 13:47:37,841] INFO: [!] Capítulo 190 já existente em 'The Greatest Estate Designer'.
[2025-10-08 13:47:37,841] INFO: [!] Capítulo 191 já existente em 'The Greatest Estate Designer'.
[2025-10-08 13:47:37,841] INFO: [!] Capítulo 192 já existente em 'The Greatest Estate Designer'.
[2025-10-08 13:47:37,842] INFO: [!] Capítulo 193 já existente em 'The Greatest Estate Designer'.
[2025-10-08 13:47:37,842] INFO: [!] Capítulo 194 já existente em 'The Greatest Estate Designer'.
[2025-10-08 13:47:37,842] INFO: [!] Capítulo 195 já existente em 'The Greatest Estate Designer'.
[2025-10-08 13:47:37,842] INFO: [!] Capítulo 196 já existente em 'The Greatest Estate Designer'.
[2025-10-08 13:47:37,842] INFO: [!] Capítulo 197 já existente em 'The Greatest Estate Designer'.
[2025-10-08 13:47:37,842] INFO: [!] Capítulo 198 já existente em 'The Greatest Estate Designer'.
[2025-10-08 13:47:37,842] INFO: [!] Capítulo 200 já existente em 'The Greatest Estate Designer'.
[2025-10-08 13:47:37,842] INFO: [!] Capítulo 201 já existente em 'The Greatest Estate Designer'.
[2025-10-08 13:47:37,842] INFO: [!] Capítulo 202 já existente em 'The Greatest Estate Designer'.
[2025-10-08 13:47:37,842] INFO: [!] Capítulo 203 já existente em 'The Greatest Estate Designer'.
[2025-10-08 13:47:37,842] INFO: [!] Capítulo 204 já existente em 'The Greatest Estate Designer'.
[2025-10-08 13:47:37,842] INFO: [!] Capítulo 205 já existente em 'The Greatest Estate Designer'.
[2025-10-08 13:47:37,842] INFO: [!] Capítulo 206 já existente em 'The Greatest Estate Designer'.
[2025-10-08 13:47:37,842] INFO: [!] Capítulo 207 já existente em 'The Greatest Estate Designer'.
[2025-10-08 13:47:37,842] INFO: [!] Capítulo 208 já existente em 'The Greatest Estate Designer'.
[2025-10-08 13:47:37,842] INFO: [!] Capítulo 209 já existente em 'The Greatest Estate Designer'.
[2025-10-08 13:47:37,842] INFO: [!] Capítulo 210 já existente em 'The Greatest Estate Designer'.
[2025-10-08 13:47:37,860] INFO: [*] Buscando capítulos pela url: https://mangaonline.blog/manga/record-of-ragnarok-manga-pt-br/
[2025-10-08 13:47:39,750] INFO: [*] Capítulos encontrados: 90
[2025-10-08 13:47:39,755] INFO: [*] Total de capítulos extraídos: 90
[2025-10-08 13:47:39,755] INFO: [*] Mangá 'Record of Ragnarok' sincronizado com sucesso.
[2025-10-08 13:47:39,772] INFO: [*] Buscando capítulos pela url: https://mangaonline.blog/manga/magic-academys-genius-blinker/
[2025-10-08 13:47:39,863] INFO: [*] Capítulos encontrados: 69
[2025-10-08 13:47:39,866] INFO: [*] Total de capítulos extraídos: 69
[2025-10-08 13:47:39,866] INFO: [*] Mangá 'Magic Academy’s Genius Blinker' sincronizado com sucesso.
[2025-10-08 13:47:39,946] INFO: [*] Buscando capítulos pela url: https://mangaonline.blog/manga/tsuihousareru-tabi-ni-skill-wo-te-ni-ireta-ore-ga-100-no-isekai-de-2-shuume-musou/
[2025-10-08 13:47:41,235] INFO: [*] Capítulos encontrados: 33
[2025-10-08 13:47:41,236] INFO: [*] Total de capítulos extraídos: 33
[2025-10-08 13:47:41,237] INFO: [*] Mangá 'Tsuihousareru Tabi ni Skill wo Te ni Ireta Ore ga, 100 no Isekai de 2-shuume Musou' sincronizado com sucesso.
[2025-10-08 13:47:41,294] INFO: [*] Buscando capítulos pela url: https://mangaonline.blog/manga/boruto-two-blue-vortex-manga-pt-br/
[2025-10-08 13:47:43,034] INFO: [*] Capítulos encontrados: 26
[2025-10-08 13:47:43,035] INFO: [*] Total de capítulos extraídos: 26
[2025-10-08 13:47:43,035] INFO: [*] Mangá 'Boruto Two Blue Vortex Mangá' sincronizado com sucesso.
[2025-10-08 13:47:43,055] INFO: [*] Buscando capítulos pela url: https://mangaonline.blog/manga/kage-no-jitsuryokusha-ni-naritakute-manga/
[2025-10-08 13:47:44,436] INFO: [*] Capítulos encontrados: 59
[2025-10-08 13:47:44,437] WARNING: [!] Capítulo sem número detectado: 'capitulo (40)' — pulando...
[2025-10-08 13:47:44,437] WARNING: [!] Capítulo sem número detectado: 'capitulo (39)' — pulando...
[2025-10-08 13:47:44,438] WARNING: [!] Capítulo sem número detectado: 'capitulo (38)' — pulando...
[2025-10-08 13:47:44,438] WARNING: [!] Capítulo sem número detectado: 'capitulo (37)' — pulando...
[2025-10-08 13:47:44,438] WARNING: [!] Capítulo sem número detectado: 'capitulo (36)' — pulando...
[2025-10-08 13:47:44,438] WARNING: [!] Capítulo sem número detectado: 'capitulo (35)' — pulando...
[2025-10-08 13:47:44,438] WARNING: [!] Capítulo sem número detectado: 'capitulo (34)' — pulando...
[2025-10-08 13:47:44,438] WARNING: [!] Capítulo sem número detectado: 'capitulo (33)' — pulando...
[2025-10-08 13:47:44,438] WARNING: [!] Capítulo sem número detectado: 'capitulo (32)' — pulando...
[2025-10-08 13:47:44,439] WARNING: [!] Capítulo sem número detectado: 'capitulo (31)' — pulando...
[2025-10-08 13:47:44,439] WARNING: [!] Capítulo sem número detectado: 'capitulo (30)' — pulando...
[2025-10-08 13:47:44,439] WARNING: [!] Capítulo sem número detectado: 'capitulo (29)' — pulando...
[2025-10-08 13:47:44,439] WARNING: [!] Capítulo sem número detectado: 'capitulo (28)' — pulando...
[2025-10-08 13:47:44,439] WARNING: [!] Capítulo sem número detectado: 'capitulo (27)' — pulando...
[2025-10-08 13:47:44,439] WARNING: [!] Capítulo sem número detectado: 'capitulo (26)' — pulando...
[2025-10-08 13:47:44,439] WARNING: [!] Capítulo sem número detectado: 'capitulo (25)' — pulando...
[2025-10-08 13:47:44,439] WARNING: [!] Capítulo sem número detectado: 'capitulo (24)' — pulando...
[2025-10-08 13:47:44,439] WARNING: [!] Capítulo sem número detectado: 'capitulo (23)' — pulando...
[2025-10-08 13:47:44,440] WARNING: [!] Capítulo sem número detectado: 'capitulo (22)' — pulando...
[2025-10-08 13:47:44,440] WARNING: [!] Capítulo sem número detectado: 'capitulo (21)' — pulando...
[2025-10-08 13:47:44,440] WARNING: [!] Capítulo sem número detectado: 'capitulo (20)' — pulando...
[2025-10-08 13:47:44,440] WARNING: [!] Capítulo sem número detectado: 'capitulo (19)' — pulando...
[2025-10-08 13:47:44,440] WARNING: [!] Capítulo sem número detectado: 'capitulo (18)' — pulando...
[2025-10-08 13:47:44,440] WARNING: [!] Capítulo sem número detectado: 'capitulo (17)' — pulando...
[2025-10-08 13:47:44,440] WARNING: [!] Capítulo sem número detectado: 'capitulo (16)' — pulando...
[2025-10-08 13:47:44,440] WARNING: [!] Capítulo sem número detectado: 'capitulo (15)' — pulando...
[2025-10-08 13:47:44,441] WARNING: [!] Capítulo sem número detectado: 'capitulo (14)' — pulando...
[2025-10-08 13:47:44,441] WARNING: [!] Capítulo sem número detectado: 'capitulo (13)' — pulando...
[2025-10-08 13:47:44,441] WARNING: [!] Capítulo sem número detectado: 'capitulo (12)' — pulando...
[2025-10-08 13:47:44,441] WARNING: [!] Capítulo sem número detectado: 'capitulo (11)' — pulando...
[2025-10-08 13:47:44,441] WARNING: [!] Capítulo sem número detectado: 'capitulo (10.2) - Kage no Jitsuryokusha ni Naritakute Manga' — pulando...
[2025-10-08 13:47:44,441] WARNING: [!] Capítulo sem número detectado: 'capitulo (10.1) - Kage no Jitsuryokusha ni Naritakute Manga' — pulando...
[2025-10-08 13:47:44,441] WARNING: [!] Capítulo sem número detectado: 'capitulo (10)' — pulando...
[2025-10-08 13:47:44,441] WARNING: [!] Capítulo sem número detectado: 'capitulo (9)' — pulando...
[2025-10-08 13:47:44,441] WARNING: [!] Capítulo sem número detectado: 'capitulo (8)' — pulando...
[2025-10-08 13:47:44,442] WARNING: [!] Capítulo sem número detectado: 'capitulo (7)' — pulando...
[2025-10-08 13:47:44,442] WARNING: [!] Capítulo sem número detectado: 'capitulo (6)' — pulando...
[2025-10-08 13:47:44,442] WARNING: [!] Capítulo sem número detectado: 'capitulo (5)' — pulando...
[2025-10-08 13:47:44,442] WARNING: [!] Capítulo sem número detectado: 'capitulo (4)' — pulando...
[2025-10-08 13:47:44,442] WARNING: [!] Capítulo sem número detectado: 'capitulo (3)' — pulando...
[2025-10-08 13:47:44,442] WARNING: [!] Capítulo sem número detectado: 'capitulo (2)' — pulando...
[2025-10-08 13:47:44,442] WARNING: [!] Capítulo sem número detectado: 'capitulo (1)' — pulando...
[2025-10-08 13:47:44,442] INFO: [*] Total de capítulos extraídos: 17
[2025-10-08 13:47:44,442] INFO: [*] Mangá 'Kage no Jitsuryokusha ni Naritakute Manga' sincronizado com sucesso.
[2025-10-08 13:47:44,465] INFO: [*] Buscando capítulos pela url: https://mangaonline.blog/manga/part-time-grim-reaper/
[2025-10-08 13:47:45,728] INFO: [*] Capítulos encontrados: 17
[2025-10-08 13:47:45,729] INFO: [*] Total de capítulos extraídos: 17
[2025-10-08 13:47:45,729] INFO: [*] Mangá 'Part-Time Grim Reaper' sincronizado com sucesso.
[2025-10-08 13:47:45,750] INFO: [*] Buscando capítulos pela url: https://mangaonline.blog/manga/a-dragonslayers-peerless-regression/
[2025-10-08 13:47:45,838] INFO: [*] Capítulos encontrados: 56
[2025-10-08 13:47:45,844] INFO: [*] Total de capítulos extraídos: 56
[2025-10-08 13:47:45,844] INFO: [*] Mangá 'A Dragonslayer’s Peerless Regression' sincronizado com sucesso.
[2025-10-08 13:47:45,856] INFO: [*] Buscando capítulos pela url: https://mangaonline.blog/manga/sss-class-revival-hunter/
[2025-10-08 13:47:45,975] INFO: [*] Capítulos encontrados: 151
[2025-10-08 13:47:45,977] WARNING: [!] Capítulo sem número detectado: 'Capitulo (114) - SSS-Class Revival Hunter' — pulando...
[2025-10-08 13:47:45,977] WARNING: [!] Capítulo sem número detectado: 'Capitulo (113) - SSS-Class Revival Hunter' — pulando...
[2025-10-08 13:47:45,978] WARNING: [!] Capítulo sem número detectado: 'Capitulo (112)' — pulando...
[2025-10-08 13:47:45,978] WARNING: [!] Capítulo sem número detectado: 'Capitulo (111)' — pulando...
[2025-10-08 13:47:45,978] WARNING: [!] Capítulo sem número detectado: 'Capitulo (110)' — pulando...
[2025-10-08 13:47:45,978] WARNING: [!] Capítulo sem número detectado: 'Capitulo (109)' — pulando...
[2025-10-08 13:47:45,978] WARNING: [!] Capítulo sem número detectado: 'Capitulo (108)' — pulando...
[2025-10-08 13:47:45,978] WARNING: [!] Capítulo sem número detectado: 'Capitulo (107)' — pulando...
[2025-10-08 13:47:45,978] WARNING: [!] Capítulo sem número detectado: 'Capitulo (106)' — pulando...
[2025-10-08 13:47:45,978] WARNING: [!] Capítulo sem número detectado: 'Capitulo (105)' — pulando...
[2025-10-08 13:47:45,979] WARNING: [!] Capítulo sem número detectado: 'Capitulo (104)' — pulando...
[2025-10-08 13:47:45,979] WARNING: [!] Capítulo sem número detectado: 'Capitulo (103)' — pulando...
[2025-10-08 13:47:45,979] WARNING: [!] Capítulo sem número detectado: 'Capitulo (102)' — pulando...
[2025-10-08 13:47:45,979] WARNING: [!] Capítulo sem número detectado: 'Capitulo (101)' — pulando...
[2025-10-08 13:47:45,979] WARNING: [!] Capítulo sem número detectado: 'Capitulo (100)' — pulando...
[2025-10-08 13:47:45,979] WARNING: [!] Capítulo sem número detectado: 'Capitulo (99)' — pulando...
[2025-10-08 13:47:45,979] WARNING: [!] Capítulo sem número detectado: 'Capitulo (98)' — pulando...
[2025-10-08 13:47:45,979] WARNING: [!] Capítulo sem número detectado: 'Capitulo (97)' — pulando...
[2025-10-08 13:47:45,979] WARNING: [!] Capítulo sem número detectado: 'Capitulo (96)' — pulando...
[2025-10-08 13:47:45,980] WARNING: [!] Capítulo sem número detectado: 'Capitulo (95)' — pulando...
[2025-10-08 13:47:45,980] WARNING: [!] Capítulo sem número detectado: 'Capitulo (94)' — pulando...
[2025-10-08 13:47:45,980] WARNING: [!] Capítulo sem número detectado: 'Capitulo (93)' — pulando...
[2025-10-08 13:47:45,980] WARNING: [!] Capítulo sem número detectado: 'Capitulo (92)' — pulando...
[2025-10-08 13:47:45,980] WARNING: [!] Capítulo sem número detectado: 'Capitulo (91)' — pulando...
[2025-10-08 13:47:45,980] WARNING: [!] Capítulo sem número detectado: 'Capitulo (90)' — pulando...
[2025-10-08 13:47:45,980] WARNING: [!] Capítulo sem número detectado: 'Capitulo (89)' — pulando...
[2025-10-08 13:47:45,980] WARNING: [!] Capítulo sem número detectado: 'Capitulo (88)' — pulando...
[2025-10-08 13:47:45,980] WARNING: [!] Capítulo sem número detectado: 'Capitulo (87)' — pulando...
[2025-10-08 13:47:45,981] WARNING: [!] Capítulo sem número detectado: 'Capitulo (86)' — pulando...
[2025-10-08 13:47:45,981] WARNING: [!] Capítulo sem número detectado: 'Capitulo (85)' — pulando...
[2025-10-08 13:47:45,981] WARNING: [!] Capítulo sem número detectado: 'Capitulo (84)' — pulando...
[2025-10-08 13:47:45,981] WARNING: [!] Capítulo sem número detectado: 'Capitulo (83)' — pulando...
[2025-10-08 13:47:45,981] WARNING: [!] Capítulo sem número detectado: 'Capitulo (82)' — pulando...
[2025-10-08 13:47:45,981] WARNING: [!] Capítulo sem número detectado: 'Capitulo (81)' — pulando...
[2025-10-08 13:47:45,981] WARNING: [!] Capítulo sem número detectado: 'Capitulo (80)' — pulando...
[2025-10-08 13:47:45,981] WARNING: [!] Capítulo sem número detectado: 'Capitulo (79)' — pulando...
[2025-10-08 13:47:45,981] WARNING: [!] Capítulo sem número detectado: 'Capitulo (78)' — pulando...
[2025-10-08 13:47:45,981] WARNING: [!] Capítulo sem número detectado: 'Capitulo (77)' — pulando...
[2025-10-08 13:47:45,982] WARNING: [!] Capítulo sem número detectado: 'Capitulo (76)' — pulando...
[2025-10-08 13:47:45,982] WARNING: [!] Capítulo sem número detectado: 'Capitulo (75)' — pulando...
[2025-10-08 13:47:45,982] WARNING: [!] Capítulo sem número detectado: 'Capitulo (74)' — pulando...
[2025-10-08 13:47:45,982] WARNING: [!] Capítulo sem número detectado: 'Capitulo (73)' — pulando...
[2025-10-08 13:47:45,982] WARNING: [!] Capítulo sem número detectado: 'Capitulo (72)' — pulando...
[2025-10-08 13:47:45,982] WARNING: [!] Capítulo sem número detectado: 'Capitulo (71)' — pulando...
[2025-10-08 13:47:45,982] WARNING: [!] Capítulo sem número detectado: 'Capitulo (70)' — pulando...
[2025-10-08 13:47:45,982] WARNING: [!] Capítulo sem número detectado: 'Capitulo (69)' — pulando...
[2025-10-08 13:47:45,982] WARNING: [!] Capítulo sem número detectado: 'Capitulo (68)' — pulando...
[2025-10-08 13:47:45,983] WARNING: [!] Capítulo sem número detectado: 'Capitulo (67)' — pulando...
[2025-10-08 13:47:45,983] WARNING: [!] Capítulo sem número detectado: 'Capitulo (66)' — pulando...
[2025-10-08 13:47:45,983] WARNING: [!] Capítulo sem número detectado: 'Capitulo (65)' — pulando...
[2025-10-08 13:47:45,983] WARNING: [!] Capítulo sem número detectado: 'Capitulo (64)' — pulando...
[2025-10-08 13:47:45,983] WARNING: [!] Capítulo sem número detectado: 'Capitulo (63)' — pulando...
[2025-10-08 13:47:45,983] WARNING: [!] Capítulo sem número detectado: 'Capitulo (62)' — pulando...
[2025-10-08 13:47:45,983] WARNING: [!] Capítulo sem número detectado: 'Capitulo (61)' — pulando...
[2025-10-08 13:47:45,983] WARNING: [!] Capítulo sem número detectado: 'Capitulo (60)' — pulando...
[2025-10-08 13:47:45,983] WARNING: [!] Capítulo sem número detectado: 'Capitulo (59)' — pulando...
[2025-10-08 13:47:45,984] WARNING: [!] Capítulo sem número detectado: 'Capitulo (58)' — pulando...
[2025-10-08 13:47:45,984] WARNING: [!] Capítulo sem número detectado: 'Capitulo (57)' — pulando...
[2025-10-08 13:47:45,984] WARNING: [!] Capítulo sem número detectado: 'Capitulo (56)' — pulando...
[2025-10-08 13:47:45,984] WARNING: [!] Capítulo sem número detectado: 'Capitulo (55)' — pulando...
[2025-10-08 13:47:45,984] WARNING: [!] Capítulo sem número detectado: 'Capitulo (54)' — pulando...
[2025-10-08 13:47:45,984] WARNING: [!] Capítulo sem número detectado: 'Capitulo (53)' — pulando...
[2025-10-08 13:47:45,984] WARNING: [!] Capítulo sem número detectado: 'Capitulo (52)' — pulando...
[2025-10-08 13:47:45,984] WARNING: [!] Capítulo sem número detectado: 'Capitulo (51)' — pulando...
[2025-10-08 13:47:45,984] WARNING: [!] Capítulo sem número detectado: 'Capitulo (50)' — pulando...
[2025-10-08 13:47:45,985] WARNING: [!] Capítulo sem número detectado: 'Capitulo (49)' — pulando...
[2025-10-08 13:47:45,985] WARNING: [!] Capítulo sem número detectado: 'Capitulo (48)' — pulando...
[2025-10-08 13:47:45,985] WARNING: [!] Capítulo sem número detectado: 'Capitulo (47)' — pulando...
[2025-10-08 13:47:45,985] WARNING: [!] Capítulo sem número detectado: 'Capitulo (46)' — pulando...
[2025-10-08 13:47:45,985] WARNING: [!] Capítulo sem número detectado: 'Capitulo (45)' — pulando...
[2025-10-08 13:47:45,985] WARNING: [!] Capítulo sem número detectado: 'Capitulo (44)' — pulando...
[2025-10-08 13:47:45,985] WARNING: [!] Capítulo sem número detectado: 'Capitulo (43)' — pulando...
[2025-10-08 13:47:45,985] WARNING: [!] Capítulo sem número detectado: 'Capitulo (42)' — pulando...
[2025-10-08 13:47:45,985] WARNING: [!] Capítulo sem número detectado: 'Capitulo (41)' — pulando...
[2025-10-08 13:47:45,985] WARNING: [!] Capítulo sem número detectado: 'Capitulo (40)' — pulando...
[2025-10-08 13:47:45,986] WARNING: [!] Capítulo sem número detectado: 'Capitulo (39)' — pulando...
[2025-10-08 13:47:45,986] WARNING: [!] Capítulo sem número detectado: 'Capitulo (38)' — pulando...
[2025-10-08 13:47:45,986] WARNING: [!] Capítulo sem número detectado: 'Capitulo (37)' — pulando...
[2025-10-08 13:47:45,986] WARNING: [!] Capítulo sem número detectado: 'Capitulo (36)' — pulando...
[2025-10-08 13:47:45,986] WARNING: [!] Capítulo sem número detectado: 'Capitulo (35)' — pulando...
[2025-10-08 13:47:45,986] WARNING: [!] Capítulo sem número detectado: 'Capitulo (34)' — pulando...
[2025-10-08 13:47:45,986] WARNING: [!] Capítulo sem número detectado: 'Capitulo (33)' — pulando...
[2025-10-08 13:47:45,986] WARNING: [!] Capítulo sem número detectado: 'Capitulo (32)' — pulando...
[2025-10-08 13:47:45,986] WARNING: [!] Capítulo sem número detectado: 'Capitulo (31)' — pulando...
[2025-10-08 13:47:45,987] WARNING: [!] Capítulo sem número detectado: 'Capitulo (30)' — pulando...
[2025-10-08 13:47:45,987] WARNING: [!] Capítulo sem número detectado: 'Capitulo (29)' — pulando...
[2025-10-08 13:47:45,987] WARNING: [!] Capítulo sem número detectado: 'Capitulo (28)' — pulando...
[2025-10-08 13:47:45,987] WARNING: [!] Capítulo sem número detectado: 'Capitulo (27)' — pulando...
[2025-10-08 13:47:45,987] WARNING: [!] Capítulo sem número detectado: 'Capitulo (26)' — pulando...
[2025-10-08 13:47:45,987] WARNING: [!] Capítulo sem número detectado: 'Capitulo (25)' — pulando...
[2025-10-08 13:47:45,987] WARNING: [!] Capítulo sem número detectado: 'Capitulo (24)' — pulando...
[2025-10-08 13:47:45,987] WARNING: [!] Capítulo sem número detectado: 'Capitulo (23)' — pulando...
[2025-10-08 13:47:45,987] WARNING: [!] Capítulo sem número detectado: 'Capitulo (22)' — pulando...
[2025-10-08 13:47:45,987] WARNING: [!] Capítulo sem número detectado: 'Capitulo (21)' — pulando...
[2025-10-08 13:47:45,988] WARNING: [!] Capítulo sem número detectado: 'Capitulo (20)' — pulando...
[2025-10-08 13:47:45,988] WARNING: [!] Capítulo sem número detectado: 'Capitulo (19)' — pulando...
[2025-10-08 13:47:45,988] WARNING: [!] Capítulo sem número detectado: 'Capitulo (18)' — pulando...
[2025-10-08 13:47:45,988] WARNING: [!] Capítulo sem número detectado: 'Capitulo (17)' — pulando...
[2025-10-08 13:47:45,988] WARNING: [!] Capítulo sem número detectado: 'Capitulo (16)' — pulando...
[2025-10-08 13:47:45,988] WARNING: [!] Capítulo sem número detectado: 'Capitulo (15)' — pulando...
[2025-10-08 13:47:45,988] WARNING: [!] Capítulo sem número detectado: 'Capitulo (14)' — pulando...
[2025-10-08 13:47:45,988] WARNING: [!] Capítulo sem número detectado: 'Capitulo (13)' — pulando...
[2025-10-08 13:47:45,988] WARNING: [!] Capítulo sem número detectado: 'Capitulo (12)' — pulando...
[2025-10-08 13:47:45,988] WARNING: [!] Capítulo sem número detectado: 'Capitulo (11)' — pulando...
[2025-10-08 13:47:45,989] WARNING: [!] Capítulo sem número detectado: 'Capitulo (10)' — pulando...
[2025-10-08 13:47:45,989] WARNING: [!] Capítulo sem número detectado: 'Capitulo (9)' — pulando...
[2025-10-08 13:47:45,989] WARNING: [!] Capítulo sem número detectado: 'Capitulo (8)' — pulando...
[2025-10-08 13:47:45,989] WARNING: [!] Capítulo sem número detectado: 'Capitulo (7)' — pulando...
[2025-10-08 13:47:45,989] WARNING: [!] Capítulo sem número detectado: 'Capitulo (6)' — pulando...
[2025-10-08 13:47:45,989] WARNING: [!] Capítulo sem número detectado: 'Capitulo (5)' — pulando...
[2025-10-08 13:47:45,989] WARNING: [!] Capítulo sem número detectado: 'Capitulo (4)' — pulando...
[2025-10-08 13:47:45,989] WARNING: [!] Capítulo sem número detectado: 'Capitulo (3)' — pulando...
[2025-10-08 13:47:45,989] WARNING: [!] Capítulo sem número detectado: 'Capitulo (2)' — pulando...
[2025-10-08 13:47:45,990] WARNING: [!] Capítulo sem número detectado: 'Capitulo' — pulando...
[2025-10-08 13:47:45,990] INFO: [*] Total de capítulos extraídos: 37
[2025-10-08 13:47:45,990] INFO: [*] Mangá 'SSS-Class Revival Hunter' sincronizado com sucesso.
[2025-10-08 13:47:46,036] INFO: [*] Buscando capítulos pela url: https://mangaonline.blog/manga/chainsaw-man-manga-pt-br/
[2025-10-08 13:47:47,763] INFO: [*] Capítulos encontrados: 42
[2025-10-08 13:47:47,765] INFO: [*] Total de capítulos extraídos: 42
[2025-10-08 13:47:47,765] INFO: [!] Capítulo 167 já existente em 'Chainsaw Man'.
[2025-10-08 13:47:47,765] INFO: [!] Capítulo 168 já existente em 'Chainsaw Man'.
[2025-10-08 13:47:47,765] INFO: [!] Capítulo 169 já existente em 'Chainsaw Man'.
[2025-10-08 13:47:47,766] INFO: [!] Capítulo 170 já existente em 'Chainsaw Man'.
[2025-10-08 13:47:47,766] INFO: [!] Capítulo 171 já existente em 'Chainsaw Man'.
[2025-10-08 13:47:47,766] INFO: [!] Capítulo 172 já existente em 'Chainsaw Man'.
[2025-10-08 13:47:47,766] INFO: [!] Capítulo 173 já existente em 'Chainsaw Man'.
[2025-10-08 13:47:47,766] INFO: [!] Capítulo 174 já existente em 'Chainsaw Man'.
[2025-10-08 13:47:47,766] INFO: [!] Capítulo 175 já existente em 'Chainsaw Man'.
[2025-10-08 13:47:47,766] INFO: [!] Capítulo 176 já existente em 'Chainsaw Man'.
[2025-10-08 13:47:47,766] INFO: [!] Capítulo 177 já existente em 'Chainsaw Man'.
[2025-10-08 13:47:47,766] INFO: [!] Capítulo 178 já existente em 'Chainsaw Man'.
[2025-10-08 13:47:47,766] INFO: [!] Capítulo 179 já existente em 'Chainsaw Man'.
[2025-10-08 13:47:47,766] INFO: [!] Capítulo 180 já existente em 'Chainsaw Man'.
[2025-10-08 13:47:47,766] INFO: [!] Capítulo 181 já existente em 'Chainsaw Man'.
[2025-10-08 13:47:47,766] INFO: [!] Capítulo 182 já existente em 'Chainsaw Man'.
[2025-10-08 13:47:47,766] INFO: [!] Capítulo 183 já existente em 'Chainsaw Man'.
[2025-10-08 13:47:47,766] INFO: [!] Capítulo 184 já existente em 'Chainsaw Man'.
[2025-10-08 13:47:47,766] INFO: [!] Capítulo 185 já existente em 'Chainsaw Man'.
[2025-10-08 13:47:47,766] INFO: [!] Capítulo 186 já existente em 'Chainsaw Man'.
[2025-10-08 13:47:47,766] INFO: [!] Capítulo 187 já existente em 'Chainsaw Man'.
[2025-10-08 13:47:47,767] INFO: [!] Capítulo 188 já existente em 'Chainsaw Man'.
[2025-10-08 13:47:47,767] INFO: [!] Capítulo 189 já existente em 'Chainsaw Man'.
[2025-10-08 13:47:47,767] INFO: [!] Capítulo 190 já existente em 'Chainsaw Man'.
[2025-10-08 13:47:47,767] INFO: [!] Capítulo 191 já existente em 'Chainsaw Man'.
[2025-10-08 13:47:47,767] INFO: [!] Capítulo 192 já existente em 'Chainsaw Man'.
[2025-10-08 13:47:47,767] INFO: [!] Capítulo 193 já existente em 'Chainsaw Man'.
[2025-10-08 13:47:47,767] INFO: [!] Capítulo 194 já existente em 'Chainsaw Man'.
[2025-10-08 13:47:47,767] INFO: [!] Capítulo 195 já existente em 'Chainsaw Man'.
[2025-10-08 13:47:47,767] INFO: [!] Capítulo 196 já existente em 'Chainsaw Man'.
[2025-10-08 13:47:47,767] INFO: [!] Capítulo 197 já existente em 'Chainsaw Man'.
[2025-10-08 13:47:47,767] INFO: [!] Capítulo 198 já existente em 'Chainsaw Man'.
[2025-10-08 13:47:47,767] INFO: [!] Capítulo 199 já existente em 'Chainsaw Man'.
[2025-10-08 13:47:47,767] INFO: [!] Capítulo 200 já existente em 'Chainsaw Man'.
[2025-10-08 13:47:47,767] INFO: [!] Capítulo 201 já existente em 'Chainsaw Man'.
[2025-10-08 13:47:47,767] INFO: [!] Capítulo 202 já existente em 'Chainsaw Man'.
[2025-10-08 13:47:47,767] INFO: [!] Capítulo 203 já existente em 'Chainsaw Man'.
[2025-10-08 13:47:47,767] INFO: [!] Capítulo 204 já existente em 'Chainsaw Man'.
[2025-10-08 13:47:47,767] INFO: [!] Capítulo 205 já existente em 'Chainsaw Man'.
[2025-10-08 13:47:47,767] INFO: [!] Capítulo 206 já existente em 'Chainsaw Man'.
[2025-10-08 13:47:47,768] INFO: [!] Capítulo 212 já existente em 'Chainsaw Man'.
[2025-10-08 13:47:47,768] INFO: [!] Capítulo 213 já existente em 'Chainsaw Man'.
[2025-10-08 13:47:47,790] INFO: [*] Buscando capítulos pela url: https://mangaonline.blog/manga/vampires-alchemy/
[2025-10-08 13:47:49,435] INFO: [*] Capítulos encontrados: 5
[2025-10-08 13:47:49,436] INFO: [*] Total de capítulos extraídos: 5
[2025-10-08 13:47:49,436] INFO: [*] Mangá 'Vampire’s Alchemy' sincronizado com sucesso.
[2025-10-08 13:47:49,454] INFO: [*] Buscando capítulos pela url: https://mangaonline.blog/manga/shuumatsu-no-valkyrie-kinden-kamigami-no-apocalypse/
[2025-10-08 13:47:51,143] INFO: [*] Capítulos encontrados: 15
[2025-10-08 13:47:51,145] INFO: [*] Total de capítulos extraídos: 15
[2025-10-08 13:47:51,145] INFO: [*] Mangá 'Shuumatsu no Valkyrie Kinden – Kamigami no Apocalypse' sincronizado com sucesso.
[2025-10-08 13:47:51,166] INFO: [*] Buscando capítulos pela url: https://mangaonline.blog/manga/lagrimas-sobre-flores-murchas/
[2025-10-08 13:47:52,673] INFO: [*] Capítulos encontrados: 66
[2025-10-08 13:47:52,677] INFO: [*] Total de capítulos extraídos: 66
[2025-10-08 13:47:52,677] INFO: [*] Mangá 'Tears on a Withered Flower' sincronizado com sucesso.
[2025-10-08 13:47:53,006] INFO: [*] Buscando capítulos pela url: https://mangaonline.blog/manga/rinkoku-kara-kita-yome-ga-kawaisugite-doushiyou/
[2025-10-08 13:47:54,669] INFO: [*] Capítulos encontrados: 5
[2025-10-08 13:47:54,669] INFO: [*] Total de capítulos extraídos: 5
[2025-10-08 13:47:54,670] INFO: [*] Mangá 'Rinkoku kara Kita Yome ga Kawaisugite Doushiyou' sincronizado com sucesso.
[2025-10-08 13:47:54,687] INFO: [*] Buscando capítulos pela url: https://mangaonline.blog/manga/black-clover-manga-pt-br/
[2025-10-08 13:47:56,023] INFO: [*] Capítulos encontrados: 13
[2025-10-08 13:47:56,024] INFO: [*] Total de capítulos extraídos: 13
[2025-10-08 13:47:56,025] INFO: [*] Mangá 'Black Clover Mangá (PT-BR)' sincronizado com sucesso.
[2025-10-08 13:47:56,045] INFO: [*] Buscando capítulos pela url: https://mangaonline.blog/manga/the-former-mercenarys-life-as-a-prosecutor/
[2025-10-08 13:47:56,104] INFO: [*] Capítulos encontrados: 7
[2025-10-08 13:47:56,105] INFO: [*] Total de capítulos extraídos: 7
[2025-10-08 13:47:56,105] INFO: [*] Mangá 'The Former Mercenary’s Life As A Prosecutor' sincronizado com sucesso.
[2025-10-08 13:47:56,238] INFO: [*] Buscando capítulos pela url: https://mangaonline.blog/manga/kaijuu-8-gou-kaiju-no-8-manga-pt-br/
[2025-10-08 13:47:57,845] INFO: [*] Capítulos encontrados: 130
[2025-10-08 13:47:57,852] INFO: [*] Total de capítulos extraídos: 130
[2025-10-08 13:47:57,853] INFO: [!] Capítulo 1 já existente em 'Kaijuu 8-Gou (Kaiju No.8) Mangá'.
[2025-10-08 13:47:57,853] INFO: [!] Capítulo 2 já existente em 'Kaijuu 8-Gou (Kaiju No.8) Mangá'.
[2025-10-08 13:47:57,853] INFO: [!] Capítulo 3 já existente em 'Kaijuu 8-Gou (Kaiju No.8) Mangá'.
[2025-10-08 13:47:57,853] INFO: [!] Capítulo 4 já existente em 'Kaijuu 8-Gou (Kaiju No.8) Mangá'.
[2025-10-08 13:47:57,853] INFO: [!] Capítulo 5 já existente em 'Kaijuu 8-Gou (Kaiju No.8) Mangá'.
[2025-10-08 13:47:57,853] INFO: [!] Capítulo 6 já existente em 'Kaijuu 8-Gou (Kaiju No.8) Mangá'.
[2025-10-08 13:47:57,853] INFO: [!] Capítulo 7 já existente em 'Kaijuu 8-Gou (Kaiju No.8) Mangá'.
[2025-10-08 13:47:57,853] INFO: [!] Capítulo 8 já existente em 'Kaijuu 8-Gou (Kaiju No.8) Mangá'.
[2025-10-08 13:47:57,853] INFO: [!] Capítulo 9 já existente em 'Kaijuu 8-Gou (Kaiju No.8) Mangá'.
[2025-10-08 13:47:57,853] INFO: [!] Capítulo 10 já existente em 'Kaijuu 8-Gou (Kaiju No.8) Mangá'.
[2025-10-08 13:47:57,853] INFO: [!] Capítulo 11 já existente em 'Kaijuu 8-Gou (Kaiju No.8) Mangá'.
[2025-10-08 13:47:57,853] INFO: [!] Capítulo 12 já existente em 'Kaijuu 8-Gou (Kaiju No.8) Mangá'.
[2025-10-08 13:47:57,853] INFO: [!] Capítulo 13 já existente em 'Kaijuu 8-Gou (Kaiju No.8) Mangá'.
[2025-10-08 13:47:57,853] INFO: [!] Capítulo 14 já existente em 'Kaijuu 8-Gou (Kaiju No.8) Mangá'.
[2025-10-08 13:47:57,854] INFO: [!] Capítulo 15 já existente em 'Kaijuu 8-Gou (Kaiju No.8) Mangá'.
[2025-10-08 13:47:57,854] INFO: [!] Capítulo 16 já existente em 'Kaijuu 8-Gou (Kaiju No.8) Mangá'.
[2025-10-08 13:47:57,854] INFO: [!] Capítulo 17 já existente em 'Kaijuu 8-Gou (Kaiju No.8) Mangá'.
[2025-10-08 13:47:57,854] INFO: [!] Capítulo 18 já existente em 'Kaijuu 8-Gou (Kaiju No.8) Mangá'.
[2025-10-08 13:47:57,854] INFO: [!] Capítulo 19 já existente em 'Kaijuu 8-Gou (Kaiju No.8) Mangá'.
[2025-10-08 13:47:57,854] INFO: [!] Capítulo 20 já existente em 'Kaijuu 8-Gou (Kaiju No.8) Mangá'.
[2025-10-08 13:47:57,854] INFO: [!] Capítulo 21 já existente em 'Kaijuu 8-Gou (Kaiju No.8) Mangá'.
[2025-10-08 13:47:57,854] INFO: [!] Capítulo 22 já existente em 'Kaijuu 8-Gou (Kaiju No.8) Mangá'.
[2025-10-08 13:47:57,854] INFO: [!] Capítulo 23 já existente em 'Kaijuu 8-Gou (Kaiju No.8) Mangá'.
[2025-10-08 13:47:57,854] INFO: [!] Capítulo 24 já existente em 'Kaijuu 8-Gou (Kaiju No.8) Mangá'.
[2025-10-08 13:47:57,854] INFO: [!] Capítulo 25 já existente em 'Kaijuu 8-Gou (Kaiju No.8) Mangá'.
[2025-10-08 13:47:57,854] INFO: [!] Capítulo 26 já existente em 'Kaijuu 8-Gou (Kaiju No.8) Mangá'.
[2025-10-08 13:47:57,854] INFO: [!] Capítulo 27 já existente em 'Kaijuu 8-Gou (Kaiju No.8) Mangá'.
[2025-10-08 13:47:57,854] INFO: [!] Capítulo 28 já existente em 'Kaijuu 8-Gou (Kaiju No.8) Mangá'.
[2025-10-08 13:47:57,854] INFO: [!] Capítulo 29 já existente em 'Kaijuu 8-Gou (Kaiju No.8) Mangá'.
[2025-10-08 13:47:57,854] INFO: [!] Capítulo 30 já existente em 'Kaijuu 8-Gou (Kaiju No.8) Mangá'.
[2025-10-08 13:47:57,854] INFO: [!] Capítulo 31 já existente em 'Kaijuu 8-Gou (Kaiju No.8) Mangá'.
[2025-10-08 13:47:57,854] INFO: [!] Capítulo 32 já existente em 'Kaijuu 8-Gou (Kaiju No.8) Mangá'.
[2025-10-08 13:47:57,855] INFO: [!] Capítulo 33 já existente em 'Kaijuu 8-Gou (Kaiju No.8) Mangá'.
[2025-10-08 13:47:57,855] INFO: [!] Capítulo 34 já existente em 'Kaijuu 8-Gou (Kaiju No.8) Mangá'.
[2025-10-08 13:47:57,855] INFO: [!] Capítulo 35 já existente em 'Kaijuu 8-Gou (Kaiju No.8) Mangá'.
[2025-10-08 13:47:57,855] INFO: [!] Capítulo 36 já existente em 'Kaijuu 8-Gou (Kaiju No.8) Mangá'.
[2025-10-08 13:47:57,855] INFO: [!] Capítulo 37 já existente em 'Kaijuu 8-Gou (Kaiju No.8) Mangá'.
[2025-10-08 13:47:57,855] INFO: [!] Capítulo 38 já existente em 'Kaijuu 8-Gou (Kaiju No.8) Mangá'.
[2025-10-08 13:47:57,855] INFO: [!] Capítulo 39 já existente em 'Kaijuu 8-Gou (Kaiju No.8) Mangá'.
[2025-10-08 13:47:57,855] INFO: [!] Capítulo 40 já existente em 'Kaijuu 8-Gou (Kaiju No.8) Mangá'.
[2025-10-08 13:47:57,855] INFO: [!] Capítulo 41 já existente em 'Kaijuu 8-Gou (Kaiju No.8) Mangá'.
[2025-10-08 13:47:57,855] INFO: [!] Capítulo 42 já existente em 'Kaijuu 8-Gou (Kaiju No.8) Mangá'.
[2025-10-08 13:47:57,855] INFO: [!] Capítulo 43 já existente em 'Kaijuu 8-Gou (Kaiju No.8) Mangá'.
[2025-10-08 13:47:57,855] INFO: [!] Capítulo 44 já existente em 'Kaijuu 8-Gou (Kaiju No.8) Mangá'.
[2025-10-08 13:47:57,855] INFO: [!] Capítulo 45 já existente em 'Kaijuu 8-Gou (Kaiju No.8) Mangá'.
[2025-10-08 13:47:57,855] INFO: [!] Capítulo 46 já existente em 'Kaijuu 8-Gou (Kaiju No.8) Mangá'.
[2025-10-08 13:47:57,855] INFO: [!] Capítulo 47 já existente em 'Kaijuu 8-Gou (Kaiju No.8) Mangá'.
[2025-10-08 13:47:57,856] INFO: [!] Capítulo 48 já existente em 'Kaijuu 8-Gou (Kaiju No.8) Mangá'.
[2025-10-08 13:47:57,856] INFO: [!] Capítulo 49 já existente em 'Kaijuu 8-Gou (Kaiju No.8) Mangá'.
[2025-10-08 13:47:57,856] INFO: [!] Capítulo 50 já existente em 'Kaijuu 8-Gou (Kaiju No.8) Mangá'.
[2025-10-08 13:47:57,856] INFO: [!] Capítulo 51 já existente em 'Kaijuu 8-Gou (Kaiju No.8) Mangá'.
[2025-10-08 13:47:57,856] INFO: [!] Capítulo 52 já existente em 'Kaijuu 8-Gou (Kaiju No.8) Mangá'.
[2025-10-08 13:47:57,856] INFO: [!] Capítulo 53 já existente em 'Kaijuu 8-Gou (Kaiju No.8) Mangá'.
[2025-10-08 13:47:57,856] INFO: [!] Capítulo 54 já existente em 'Kaijuu 8-Gou (Kaiju No.8) Mangá'.
[2025-10-08 13:47:57,856] INFO: [!] Capítulo 55 já existente em 'Kaijuu 8-Gou (Kaiju No.8) Mangá'.
[2025-10-08 13:47:57,856] INFO: [!] Capítulo 56 já existente em 'Kaijuu 8-Gou (Kaiju No.8) Mangá'.
[2025-10-08 13:47:57,856] INFO: [!] Capítulo 57 já existente em 'Kaijuu 8-Gou (Kaiju No.8) Mangá'.
[2025-10-08 13:47:57,856] INFO: [!] Capítulo 58 já existente em 'Kaijuu 8-Gou (Kaiju No.8) Mangá'.
[2025-10-08 13:47:57,856] INFO: [!] Capítulo 59 já existente em 'Kaijuu 8-Gou (Kaiju No.8) Mangá'.
[2025-10-08 13:47:57,856] INFO: [!] Capítulo 60 já existente em 'Kaijuu 8-Gou (Kaiju No.8) Mangá'.
[2025-10-08 13:47:57,856] INFO: [!] Capítulo 61 já existente em 'Kaijuu 8-Gou (Kaiju No.8) Mangá'.
[2025-10-08 13:47:57,856] INFO: [!] Capítulo 62 já existente em 'Kaijuu 8-Gou (Kaiju No.8) Mangá'.
[2025-10-08 13:47:57,856] INFO: [!] Capítulo 63 já existente em 'Kaijuu 8-Gou (Kaiju No.8) Mangá'.
[2025-10-08 13:47:57,856] INFO: [!] Capítulo 64 já existente em 'Kaijuu 8-Gou (Kaiju No.8) Mangá'.
[2025-10-08 13:47:57,856] INFO: [!] Capítulo 65 já existente em 'Kaijuu 8-Gou (Kaiju No.8) Mangá'.
[2025-10-08 13:47:57,857] INFO: [!] Capítulo 66 já existente em 'Kaijuu 8-Gou (Kaiju No.8) Mangá'.
[2025-10-08 13:47:57,857] INFO: [!] Capítulo 67 já existente em 'Kaijuu 8-Gou (Kaiju No.8) Mangá'.
[2025-10-08 13:47:57,857] INFO: [!] Capítulo 68 já existente em 'Kaijuu 8-Gou (Kaiju No.8) Mangá'.
[2025-10-08 13:47:57,857] INFO: [!] Capítulo 69 já existente em 'Kaijuu 8-Gou (Kaiju No.8) Mangá'.
[2025-10-08 13:47:57,857] INFO: [!] Capítulo 70 já existente em 'Kaijuu 8-Gou (Kaiju No.8) Mangá'.
[2025-10-08 13:47:57,857] INFO: [!] Capítulo 71 já existente em 'Kaijuu 8-Gou (Kaiju No.8) Mangá'.
[2025-10-08 13:47:57,857] INFO: [!] Capítulo 72 já existente em 'Kaijuu 8-Gou (Kaiju No.8) Mangá'.
[2025-10-08 13:47:57,857] INFO: [!] Capítulo 73 já existente em 'Kaijuu 8-Gou (Kaiju No.8) Mangá'.
[2025-10-08 13:47:57,857] INFO: [!] Capítulo 74 já existente em 'Kaijuu 8-Gou (Kaiju No.8) Mangá'.
[2025-10-08 13:47:57,857] INFO: [!] Capítulo 75 já existente em 'Kaijuu 8-Gou (Kaiju No.8) Mangá'.
[2025-10-08 13:47:57,857] INFO: [!] Capítulo 76 já existente em 'Kaijuu 8-Gou (Kaiju No.8) Mangá'.
[2025-10-08 13:47:57,857] INFO: [!] Capítulo 77 já existente em 'Kaijuu 8-Gou (Kaiju No.8) Mangá'.
[2025-10-08 13:47:57,857] INFO: [!] Capítulo 78 já existente em 'Kaijuu 8-Gou (Kaiju No.8) Mangá'.
[2025-10-08 13:47:57,857] INFO: [!] Capítulo 79 já existente em 'Kaijuu 8-Gou (Kaiju No.8) Mangá'.
[2025-10-08 13:47:57,857] INFO: [!] Capítulo 80 já existente em 'Kaijuu 8-Gou (Kaiju No.8) Mangá'.
[2025-10-08 13:47:57,857] INFO: [!] Capítulo 81 já existente em 'Kaijuu 8-Gou (Kaiju No.8) Mangá'.
[2025-10-08 13:47:57,857] INFO: [!] Capítulo 82 já existente em 'Kaijuu 8-Gou (Kaiju No.8) Mangá'.
[2025-10-08 13:47:57,857] INFO: [!] Capítulo 83 já existente em 'Kaijuu 8-Gou (Kaiju No.8) Mangá'.
[2025-10-08 13:47:57,858] INFO: [!] Capítulo 84 já existente em 'Kaijuu 8-Gou (Kaiju No.8) Mangá'.
[2025-10-08 13:47:57,858] INFO: [!] Capítulo 85 já existente em 'Kaijuu 8-Gou (Kaiju No.8) Mangá'.
[2025-10-08 13:47:57,858] INFO: [!] Capítulo 86 já existente em 'Kaijuu 8-Gou (Kaiju No.8) Mangá'.
[2025-10-08 13:47:57,858] INFO: [!] Capítulo 87 já existente em 'Kaijuu 8-Gou (Kaiju No.8) Mangá'.
[2025-10-08 13:47:57,858] INFO: [!] Capítulo 88 já existente em 'Kaijuu 8-Gou (Kaiju No.8) Mangá'.
[2025-10-08 13:47:57,858] INFO: [!] Capítulo 89 já existente em 'Kaijuu 8-Gou (Kaiju No.8) Mangá'.
[2025-10-08 13:47:57,858] INFO: [!] Capítulo 90 já existente em 'Kaijuu 8-Gou (Kaiju No.8) Mangá'.
[2025-10-08 13:47:57,858] INFO: [!] Capítulo 91 já existente em 'Kaijuu 8-Gou (Kaiju No.8) Mangá'.
[2025-10-08 13:47:57,858] INFO: [!] Capítulo 92 já existente em 'Kaijuu 8-Gou (Kaiju No.8) Mangá'.
[2025-10-08 13:47:57,858] INFO: [!] Capítulo 93 já existente em 'Kaijuu 8-Gou (Kaiju No.8) Mangá'.
[2025-10-08 13:47:57,858] INFO: [!] Capítulo 94 já existente em 'Kaijuu 8-Gou (Kaiju No.8) Mangá'.
[2025-10-08 13:47:57,858] INFO: [!] Capítulo 95 já existente em 'Kaijuu 8-Gou (Kaiju No.8) Mangá'.
[2025-10-08 13:47:57,858] INFO: [!] Capítulo 96 já existente em 'Kaijuu 8-Gou (Kaiju No.8) Mangá'.
[2025-10-08 13:47:57,858] INFO: [!] Capítulo 97 já existente em 'Kaijuu 8-Gou (Kaiju No.8) Mangá'.
[2025-10-08 13:47:57,858] INFO: [!] Capítulo 98 já existente em 'Kaijuu 8-Gou (Kaiju No.8) Mangá'.
[2025-10-08 13:47:57,858] INFO: [!] Capítulo 99 já existente em 'Kaijuu 8-Gou (Kaiju No.8) Mangá'.
[2025-10-08 13:47:57,858] INFO: [!] Capítulo 100 já existente em 'Kaijuu 8-Gou (Kaiju No.8) Mangá'.
[2025-10-08 13:47:57,858] INFO: [!] Capítulo 101 já existente em 'Kaijuu 8-Gou (Kaiju No.8) Mangá'.
[2025-10-08 13:47:57,858] INFO: [!] Capítulo 102 já existente em 'Kaijuu 8-Gou (Kaiju No.8) Mangá'.
[2025-10-08 13:47:57,858] INFO: [!] Capítulo 103 já existente em 'Kaijuu 8-Gou (Kaiju No.8) Mangá'.
[2025-10-08 13:47:57,859] INFO: [!] Capítulo 104 já existente em 'Kaijuu 8-Gou (Kaiju No.8) Mangá'.
[2025-10-08 13:47:57,859] INFO: [!] Capítulo 105 já existente em 'Kaijuu 8-Gou (Kaiju No.8) Mangá'.
[2025-10-08 13:47:57,859] INFO: [!] Capítulo 106 já existente em 'Kaijuu 8-Gou (Kaiju No.8) Mangá'.
[2025-10-08 13:47:57,859] INFO: [!] Capítulo 107 já existente em 'Kaijuu 8-Gou (Kaiju No.8) Mangá'.
[2025-10-08 13:47:57,859] INFO: [!] Capítulo 108 já existente em 'Kaijuu 8-Gou (Kaiju No.8) Mangá'.
[2025-10-08 13:47:57,859] INFO: [!] Capítulo 109 já existente em 'Kaijuu 8-Gou (Kaiju No.8) Mangá'.
[2025-10-08 13:47:57,859] INFO: [!] Capítulo 110 já existente em 'Kaijuu 8-Gou (Kaiju No.8) Mangá'.
[2025-10-08 13:47:57,859] INFO: [!] Capítulo 111 já existente em 'Kaijuu 8-Gou (Kaiju No.8) Mangá'.
[2025-10-08 13:47:57,859] INFO: [!] Capítulo 112 já existente em 'Kaijuu 8-Gou (Kaiju No.8) Mangá'.
[2025-10-08 13:47:57,859] INFO: [!] Capítulo 113 já existente em 'Kaijuu 8-Gou (Kaiju No.8) Mangá'.
[2025-10-08 13:47:57,859] INFO: [!] Capítulo 113 já existente em 'Kaijuu 8-Gou (Kaiju No.8) Mangá'.
[2025-10-08 13:47:57,859] INFO: [!] Capítulo 114 já existente em 'Kaijuu 8-Gou (Kaiju No.8) Mangá'.
[2025-10-08 13:47:57,859] INFO: [!] Capítulo 115 já existente em 'Kaijuu 8-Gou (Kaiju No.8) Mangá'.
[2025-10-08 13:47:57,859] INFO: [!] Capítulo 116 já existente em 'Kaijuu 8-Gou (Kaiju No.8) Mangá'.
[2025-10-08 13:47:57,859] INFO: [!] Capítulo 117 já existente em 'Kaijuu 8-Gou (Kaiju No.8) Mangá'.
[2025-10-08 13:47:57,859] INFO: [!] Capítulo 118 já existente em 'Kaijuu 8-Gou (Kaiju No.8) Mangá'.
[2025-10-08 13:47:57,859] INFO: [!] Capítulo 119 já existente em 'Kaijuu 8-Gou (Kaiju No.8) Mangá'.
[2025-10-08 13:47:57,859] INFO: [!] Capítulo 120 já existente em 'Kaijuu 8-Gou (Kaiju No.8) Mangá'.
[2025-10-08 13:47:57,859] INFO: [!] Capítulo 121 já existente em 'Kaijuu 8-Gou (Kaiju No.8) Mangá'.
[2025-10-08 13:47:57,860] INFO: [!] Capítulo 122 já existente em 'Kaijuu 8-Gou (Kaiju No.8) Mangá'.
[2025-10-08 13:47:57,860] INFO: [!] Capítulo 123 já existente em 'Kaijuu 8-Gou (Kaiju No.8) Mangá'.
[2025-10-08 13:47:57,860] INFO: [!] Capítulo 124 já existente em 'Kaijuu 8-Gou (Kaiju No.8) Mangá'.
[2025-10-08 13:47:57,860] INFO: [!] Capítulo 125 já existente em 'Kaijuu 8-Gou (Kaiju No.8) Mangá'.
[2025-10-08 13:47:57,860] INFO: [!] Capítulo 126 já existente em 'Kaijuu 8-Gou (Kaiju No.8) Mangá'.
[2025-10-08 13:47:57,860] INFO: [!] Capítulo 127 já existente em 'Kaijuu 8-Gou (Kaiju No.8) Mangá'.
[2025-10-08 13:47:57,860] INFO: [!] Capítulo 128 já existente em 'Kaijuu 8-Gou (Kaiju No.8) Mangá'.
[2025-10-08 13:47:57,860] INFO: [!] Capítulo 129 já existente em 'Kaijuu 8-Gou (Kaiju No.8) Mangá'.
[2025-10-08 13:47:57,885] INFO: [*] Buscando capítulos pela url: https://mangaonline.blog/manga/the-beginning-after-the-end/
[2025-10-08 13:47:59,917] INFO: [*] Capítulos encontrados: 95
[2025-10-08 13:47:59,921] INFO: [*] Total de capítulos extraídos: 95
[2025-10-08 13:47:59,921] INFO: [*] Mangá 'The Beginning After The End' sincronizado com sucesso.
[2025-10-08 13:47:59,936] INFO: [*] Buscando capítulos pela url: https://mangaonline.blog/manga/star-embracing-swordmaster/
[2025-10-08 13:48:01,398] INFO: [*] Capítulos encontrados: 95
[2025-10-08 13:48:01,415] INFO: [*] Total de capítulos extraídos: 95
[2025-10-08 13:48:01,416] INFO: [*] Mangá 'Star-Embracing Swordmaster' sincronizado com sucesso.
[2025-10-08 13:48:01,498] INFO: [*] Buscando capítulos pela url: https://mangaonline.blog/manga/king-of-the-insects-rei-dos-insetos/
[2025-10-08 13:48:03,092] INFO: [*] Capítulos encontrados: 56
[2025-10-08 13:48:03,095] INFO: [*] Total de capítulos extraídos: 56
[2025-10-08 13:48:03,095] INFO: [*] Mangá 'King of the Insects, Rei dos Insetos' sincronizado com sucesso.
[2025-10-08 13:48:03,126] INFO: [*] Buscando capítulos pela url: https://mangaonline.blog/manga/the-extras-academy-survival-guide/
[2025-10-08 13:48:04,893] INFO: [*] Capítulos encontrados: 82
[2025-10-08 13:48:04,897] INFO: [*] Total de capítulos extraídos: 82
[2025-10-08 13:48:04,897] INFO: [*] Mangá 'The Extra’s Academy Survival Guide' sincronizado com sucesso.
[2025-10-08 13:48:04,914] INFO: [*] Buscando capítulos pela url: https://mangaonline.blog/manga/abnormal-immortal-record-of-spooky-daoist/
[2025-10-08 13:48:06,228] INFO: [*] Capítulos encontrados: 34
[2025-10-08 13:48:06,228] WARNING: [!] Capítulo sem número detectado: 'Capitulo (29)' — pulando...
[2025-10-08 13:48:06,228] WARNING: [!] Capítulo sem número detectado: 'Capitulo (28)' — pulando...
[2025-10-08 13:48:06,229] WARNING: [!] Capítulo sem número detectado: 'Capitulo (27)' — pulando...
[2025-10-08 13:48:06,229] WARNING: [!] Capítulo sem número detectado: 'Capitulo (26)' — pulando...
[2025-10-08 13:48:06,229] WARNING: [!] Capítulo sem número detectado: 'Capitulo (25)' — pulando...
[2025-10-08 13:48:06,229] WARNING: [!] Capítulo sem número detectado: 'Capitulo (24)' — pulando...
[2025-10-08 13:48:06,229] WARNING: [!] Capítulo sem número detectado: 'Capitulo (23)' — pulando...
[2025-10-08 13:48:06,229] WARNING: [!] Capítulo sem número detectado: 'Capitulo (22)' — pulando...
[2025-10-08 13:48:06,229] WARNING: [!] Capítulo sem número detectado: 'Capitulo (21)' — pulando...
[2025-10-08 13:48:06,230] WARNING: [!] Capítulo sem número detectado: 'Capitulo (20)' — pulando...
[2025-10-08 13:48:06,230] WARNING: [!] Capítulo sem número detectado: 'Capitulo (19)' — pulando...
[2025-10-08 13:48:06,230] WARNING: [!] Capítulo sem número detectado: 'Capitulo (18)' — pulando...
[2025-10-08 13:48:06,230] WARNING: [!] Capítulo sem número detectado: 'Capitulo (17)' — pulando...
[2025-10-08 13:48:06,230] WARNING: [!] Capítulo sem número detectado: 'Capitulo (16)' — pulando...
[2025-10-08 13:48:06,230] WARNING: [!] Capítulo sem número detectado: 'Capitulo (15)' — pulando...
[2025-10-08 13:48:06,230] WARNING: [!] Capítulo sem número detectado: 'Capitulo (14)' — pulando...
[2025-10-08 13:48:06,230] WARNING: [!] Capítulo sem número detectado: 'Capitulo (13)' — pulando...
[2025-10-08 13:48:06,231] WARNING: [!] Capítulo sem número detectado: 'Capitulo (12)' — pulando...
[2025-10-08 13:48:06,231] WARNING: [!] Capítulo sem número detectado: 'Capitulo (11)' — pulando...
[2025-10-08 13:48:06,231] WARNING: [!] Capítulo sem número detectado: 'Capitulo (10)' — pulando...
[2025-10-08 13:48:06,231] WARNING: [!] Capítulo sem número detectado: 'Capitulo (9)' — pulando...
[2025-10-08 13:48:06,231] WARNING: [!] Capítulo sem número detectado: 'Capitulo (8)' — pulando...
[2025-10-08 13:48:06,231] WARNING: [!] Capítulo sem número detectado: 'Capitulo (7)' — pulando...
[2025-10-08 13:48:06,231] WARNING: [!] Capítulo sem número detectado: 'Capitulo (6)' — pulando...
[2025-10-08 13:48:06,231] WARNING: [!] Capítulo sem número detectado: 'Capitulo (5)' — pulando...
[2025-10-08 13:48:06,231] WARNING: [!] Capítulo sem número detectado: 'Capitulo (4)' — pulando...
[2025-10-08 13:48:06,232] WARNING: [!] Capítulo sem número detectado: 'Capitulo (3)' — pulando...
[2025-10-08 13:48:06,232] WARNING: [!] Capítulo sem número detectado: 'Capitulo (2)' — pulando...
[2025-10-08 13:48:06,232] WARNING: [!] Capítulo sem número detectado: 'Capitulo (1)' — pulando...
[2025-10-08 13:48:06,232] INFO: [*] Total de capítulos extraídos: 5
[2025-10-08 13:48:06,232] INFO: [*] Mangá 'Abnormal Immortal Record of Spooky Daoist' sincronizado com sucesso.
[2025-10-08 13:48:06,248] INFO: [*] Buscando capítulos pela url: https://mangaonline.blog/manga/i-took-over-the-academy-with-a-single-sashimi-knife/
[2025-10-08 13:48:07,985] INFO: [*] Capítulos encontrados: 39
[2025-10-08 13:48:07,987] INFO: [*] Total de capítulos extraídos: 39
[2025-10-08 13:48:07,987] INFO: [*] Mangá 'I Took over The Academy With a Single Sashimi Knife' sincronizado com sucesso.
[2025-10-08 13:48:08,004] INFO: [*] Buscando capítulos pela url: https://mangaonline.blog/manga/the-heavenly-demon-wants-a-quiet-life/
[2025-10-08 13:48:08,064] INFO: [*] Capítulos encontrados: 17
[2025-10-08 13:48:08,065] WARNING: [!] Capítulo sem número detectado: 'Capitulo  (16)' — pulando...
[2025-10-08 13:48:08,065] WARNING: [!] Capítulo sem número detectado: 'Capitulo  (15)' — pulando...
[2025-10-08 13:48:08,065] WARNING: [!] Capítulo sem número detectado: 'Capitulo  (14)' — pulando...
[2025-10-08 13:48:08,065] WARNING: [!] Capítulo sem número detectado: 'Capitulo  (13)' — pulando...
[2025-10-08 13:48:08,065] WARNING: [!] Capítulo sem número detectado: 'Capitulo  (12)' — pulando...
[2025-10-08 13:48:08,065] WARNING: [!] Capítulo sem número detectado: 'Capitulo  (11)' — pulando...
[2025-10-08 13:48:08,066] WARNING: [!] Capítulo sem número detectado: 'Capitulo  (10)' — pulando...
[2025-10-08 13:48:08,066] WARNING: [!] Capítulo sem número detectado: 'Capitulo  (9)' — pulando...
[2025-10-08 13:48:08,066] WARNING: [!] Capítulo sem número detectado: 'Capitulo  (8)' — pulando...
[2025-10-08 13:48:08,066] WARNING: [!] Capítulo sem número detectado: 'Capitulo  (7)' — pulando...
[2025-10-08 13:48:08,066] WARNING: [!] Capítulo sem número detectado: 'Capitulo  (6)' — pulando...
[2025-10-08 13:48:08,066] WARNING: [!] Capítulo sem número detectado: 'Capitulo  (5)' — pulando...
[2025-10-08 13:48:08,066] WARNING: [!] Capítulo sem número detectado: 'Capitulo  (4)' — pulando...
[2025-10-08 13:48:08,066] WARNING: [!] Capítulo sem número detectado: 'Capitulo  (3)' — pulando...
[2025-10-08 13:48:08,066] WARNING: [!] Capítulo sem número detectado: 'Capitulo  (2)' — pulando...
[2025-10-08 13:48:08,067] WARNING: [!] Capítulo sem número detectado: 'Capitulo  (1)' — pulando...
[2025-10-08 13:48:08,067] INFO: [*] Total de capítulos extraídos: 1
[2025-10-08 13:48:08,067] INFO: [*] Mangá 'The Heavenly Demon Wants a Quiet Life' sincronizado com sucesso.
[2025-10-08 13:48:08,080] INFO: [*] Buscando capítulos pela url: https://mangaonline.blog/manga/isekai-de-tochi-o-katte-noujou-o-tsukurou/
[2025-10-08 13:48:09,538] INFO: [*] Capítulos encontrados: 67
[2025-10-08 13:48:09,539] WARNING: [!] Capítulo sem número detectado: 'Capitulo (48)' — pulando...
[2025-10-08 13:48:09,539] WARNING: [!] Capítulo sem número detectado: 'Capitulo (47)' — pulando...
[2025-10-08 13:48:09,539] WARNING: [!] Capítulo sem número detectado: 'Capitulo (46)' — pulando...
[2025-10-08 13:48:09,539] WARNING: [!] Capítulo sem número detectado: 'Capitulo (45)' — pulando...
[2025-10-08 13:48:09,539] WARNING: [!] Capítulo sem número detectado: 'Capitulo (44)' — pulando...
[2025-10-08 13:48:09,539] WARNING: [!] Capítulo sem número detectado: 'Capitulo (43)' — pulando...
[2025-10-08 13:48:09,539] WARNING: [!] Capítulo sem número detectado: 'Capitulo (42.5) - Isekai de Tochi o Katte Noujou o Tsukurou' — pulando...
[2025-10-08 13:48:09,539] WARNING: [!] Capítulo sem número detectado: 'Capitulo (42)' — pulando...
[2025-10-08 13:48:09,540] WARNING: [!] Capítulo sem número detectado: 'Capitulo (41)' — pulando...
[2025-10-08 13:48:09,540] WARNING: [!] Capítulo sem número detectado: 'Capitulo (40)' — pulando...
[2025-10-08 13:48:09,540] WARNING: [!] Capítulo sem número detectado: 'Capitulo (39)' — pulando...
[2025-10-08 13:48:09,540] WARNING: [!] Capítulo sem número detectado: 'Capitulo (38)' — pulando...
[2025-10-08 13:48:09,540] WARNING: [!] Capítulo sem número detectado: 'Capitulo (37)' — pulando...
[2025-10-08 13:48:09,540] WARNING: [!] Capítulo sem número detectado: 'Capitulo (36.5) - Isekai de Tochi o Katte Noujou o Tsukurou' — pulando...
[2025-10-08 13:48:09,540] WARNING: [!] Capítulo sem número detectado: 'Capitulo (36)' — pulando...
[2025-10-08 13:48:09,540] WARNING: [!] Capítulo sem número detectado: 'Capitulo (35)' — pulando...
[2025-10-08 13:48:09,540] WARNING: [!] Capítulo sem número detectado: 'Capitulo (34)' — pulando...
[2025-10-08 13:48:09,541] WARNING: [!] Capítulo sem número detectado: 'Capitulo (33)' — pulando...
[2025-10-08 13:48:09,541] WARNING: [!] Capítulo sem número detectado: 'Capitulo (32)' — pulando...
[2025-10-08 13:48:09,541] WARNING: [!] Capítulo sem número detectado: 'Capitulo (31)' — pulando...
[2025-10-08 13:48:09,541] WARNING: [!] Capítulo sem número detectado: 'Capitulo (30.5) - Isekai de Tochi o Katte Noujou o Tsukurou' — pulando...
[2025-10-08 13:48:09,541] WARNING: [!] Capítulo sem número detectado: 'Capitulo (30)' — pulando...
[2025-10-08 13:48:09,541] WARNING: [!] Capítulo sem número detectado: 'Capitulo (29)' — pulando...
[2025-10-08 13:48:09,541] WARNING: [!] Capítulo sem número detectado: 'Capitulo (28)' — pulando...
[2025-10-08 13:48:09,541] WARNING: [!] Capítulo sem número detectado: 'Capitulo (27)' — pulando...
[2025-10-08 13:48:09,542] WARNING: [!] Capítulo sem número detectado: 'Capitulo (26)' — pulando...
[2025-10-08 13:48:09,542] WARNING: [!] Capítulo sem número detectado: 'Capitulo (25)' — pulando...
[2025-10-08 13:48:09,542] WARNING: [!] Capítulo sem número detectado: 'Capitulo (24.5) - Isekai de Tochi o Katte Noujou o Tsukurou' — pulando...
[2025-10-08 13:48:09,542] WARNING: [!] Capítulo sem número detectado: 'Capitulo (24)' — pulando...
[2025-10-08 13:48:09,542] WARNING: [!] Capítulo sem número detectado: 'Capitulo (23)' — pulando...
[2025-10-08 13:48:09,542] WARNING: [!] Capítulo sem número detectado: 'Capitulo (22)' — pulando...
[2025-10-08 13:48:09,542] WARNING: [!] Capítulo sem número detectado: 'Capitulo (21)' — pulando...
[2025-10-08 13:48:09,542] WARNING: [!] Capítulo sem número detectado: 'Capitulo (20)' — pulando...
[2025-10-08 13:48:09,542] WARNING: [!] Capítulo sem número detectado: 'Capitulo (19)' — pulando...
[2025-10-08 13:48:09,543] WARNING: [!] Capítulo sem número detectado: 'Capitulo (18.5) - Isekai de Tochi o Katte Noujou o Tsukurou' — pulando...
[2025-10-08 13:48:09,543] WARNING: [!] Capítulo sem número detectado: 'Capitulo (18)' — pulando...
[2025-10-08 13:48:09,543] WARNING: [!] Capítulo sem número detectado: 'Capitulo (17)' — pulando...
[2025-10-08 13:48:09,543] WARNING: [!] Capítulo sem número detectado: 'Capitulo (16)' — pulando...
[2025-10-08 13:48:09,543] WARNING: [!] Capítulo sem número detectado: 'Capitulo (15)' — pulando...
[2025-10-08 13:48:09,543] WARNING: [!] Capítulo sem número detectado: 'Capitulo (14)' — pulando...
[2025-10-08 13:48:09,543] WARNING: [!] Capítulo sem número detectado: 'Capitulo (13)' — pulando...
[2025-10-08 13:48:09,543] WARNING: [!] Capítulo sem número detectado: 'Capitulo (12.5) - Isekai de Tochi o Katte Noujou o Tsukurou' — pulando...
[2025-10-08 13:48:09,543] WARNING: [!] Capítulo sem número detectado: 'Capitulo (12)' — pulando...
[2025-10-08 13:48:09,543] WARNING: [!] Capítulo sem número detectado: 'Capitulo (11)' — pulando...
[2025-10-08 13:48:09,544] WARNING: [!] Capítulo sem número detectado: 'Capitulo (10)' — pulando...
[2025-10-08 13:48:09,544] WARNING: [!] Capítulo sem número detectado: 'Capitulo (9)' — pulando...
[2025-10-08 13:48:09,544] WARNING: [!] Capítulo sem número detectado: 'Capitulo (8)' — pulando...
[2025-10-08 13:48:09,544] WARNING: [!] Capítulo sem número detectado: 'Capitulo (7)' — pulando...
[2025-10-08 13:48:09,544] WARNING: [!] Capítulo sem número detectado: 'Capitulo (6.5) - Isekai de Tochi o Katte Noujou o Tsukurou' — pulando...
[2025-10-08 13:48:09,544] WARNING: [!] Capítulo sem número detectado: 'Capitulo (6)' — pulando...
[2025-10-08 13:48:09,544] WARNING: [!] Capítulo sem número detectado: 'Capitulo (5)' — pulando...
[2025-10-08 13:48:09,544] WARNING: [!] Capítulo sem número detectado: 'Capitulo (4)' — pulando...
[2025-10-08 13:48:09,544] WARNING: [!] Capítulo sem número detectado: 'Capitulo (3)' — pulando...
[2025-10-08 13:48:09,545] WARNING: [!] Capítulo sem número detectado: 'Capitulo (2)' — pulando...
[2025-10-08 13:48:09,545] WARNING: [!] Capítulo sem número detectado: 'Capitulo (1)' — pulando...
[2025-10-08 13:48:09,545] INFO: [*] Total de capítulos extraídos: 12
[2025-10-08 13:48:09,545] INFO: [*] Mangá 'Isekai de Tochi o Katte Noujou o Tsukurou' sincronizado com sucesso.
[2025-10-08 13:48:09,633] INFO: [*] Buscando capítulos pela url: https://mangaonline.blog/manga/the-reversal-of-my-life-as-a-mob-character/
[2025-10-08 13:48:11,554] INFO: [*] Capítulos encontrados: 42
[2025-10-08 13:48:11,554] WARNING: [!] Capítulo sem número detectado: 'Capitulo (42)' — pulando...
[2025-10-08 13:48:11,554] WARNING: [!] Capítulo sem número detectado: 'Capitulo (41)' — pulando...
[2025-10-08 13:48:11,554] WARNING: [!] Capítulo sem número detectado: 'Capitulo (40)' — pulando...
[2025-10-08 13:48:11,554] WARNING: [!] Capítulo sem número detectado: 'Capitulo (39)' — pulando...
[2025-10-08 13:48:11,555] WARNING: [!] Capítulo sem número detectado: 'Capitulo (38)' — pulando...
[2025-10-08 13:48:11,555] WARNING: [!] Capítulo sem número detectado: 'Capitulo (37)' — pulando...
[2025-10-08 13:48:11,555] WARNING: [!] Capítulo sem número detectado: 'Capitulo (36)' — pulando...
[2025-10-08 13:48:11,555] WARNING: [!] Capítulo sem número detectado: 'Capitulo (35)' — pulando...
[2025-10-08 13:48:11,555] WARNING: [!] Capítulo sem número detectado: 'Capitulo (34)' — pulando...
[2025-10-08 13:48:11,555] WARNING: [!] Capítulo sem número detectado: 'Capitulo (33)' — pulando...
[2025-10-08 13:48:11,555] WARNING: [!] Capítulo sem número detectado: 'Capitulo (32)' — pulando...
[2025-10-08 13:48:11,555] WARNING: [!] Capítulo sem número detectado: 'Capitulo (31)' — pulando...
[2025-10-08 13:48:11,555] WARNING: [!] Capítulo sem número detectado: 'Capitulo (30)' — pulando...
[2025-10-08 13:48:11,556] WARNING: [!] Capítulo sem número detectado: 'Capitulo (29)' — pulando...
[2025-10-08 13:48:11,556] WARNING: [!] Capítulo sem número detectado: 'Capitulo (28)' — pulando...
[2025-10-08 13:48:11,556] WARNING: [!] Capítulo sem número detectado: 'Capitulo (27)' — pulando...
[2025-10-08 13:48:11,556] WARNING: [!] Capítulo sem número detectado: 'Capitulo (26)' — pulando...
[2025-10-08 13:48:11,556] WARNING: [!] Capítulo sem número detectado: 'Capitulo (25)' — pulando...
[2025-10-08 13:48:11,556] WARNING: [!] Capítulo sem número detectado: 'Capitulo (24)' — pulando...
[2025-10-08 13:48:11,556] WARNING: [!] Capítulo sem número detectado: 'Capitulo (23)' — pulando...
[2025-10-08 13:48:11,556] WARNING: [!] Capítulo sem número detectado: 'Capitulo (22)' — pulando...
[2025-10-08 13:48:11,556] WARNING: [!] Capítulo sem número detectado: 'Capitulo (21)' — pulando...
[2025-10-08 13:48:11,557] WARNING: [!] Capítulo sem número detectado: 'Capitulo (20)' — pulando...
[2025-10-08 13:48:11,557] WARNING: [!] Capítulo sem número detectado: 'Capitulo (19)' — pulando...
[2025-10-08 13:48:11,557] WARNING: [!] Capítulo sem número detectado: 'Capitulo (18)' — pulando...
[2025-10-08 13:48:11,557] WARNING: [!] Capítulo sem número detectado: 'Capitulo (17)' — pulando...
[2025-10-08 13:48:11,557] WARNING: [!] Capítulo sem número detectado: 'Capitulo (16)' — pulando...
[2025-10-08 13:48:11,557] WARNING: [!] Capítulo sem número detectado: 'Capitulo (15)' — pulando...
[2025-10-08 13:48:11,557] WARNING: [!] Capítulo sem número detectado: 'Capitulo (14)' — pulando...
[2025-10-08 13:48:11,557] WARNING: [!] Capítulo sem número detectado: 'Capitulo (13)' — pulando...
[2025-10-08 13:48:11,557] WARNING: [!] Capítulo sem número detectado: 'Capitulo (12)' — pulando...
[2025-10-08 13:48:11,558] WARNING: [!] Capítulo sem número detectado: 'Capitulo (11)' — pulando...
[2025-10-08 13:48:11,558] WARNING: [!] Capítulo sem número detectado: 'Capitulo (10)' — pulando...
[2025-10-08 13:48:11,558] WARNING: [!] Capítulo sem número detectado: 'Capitulo (9)' — pulando...
[2025-10-08 13:48:11,558] WARNING: [!] Capítulo sem número detectado: 'Capitulo (8)' — pulando...
[2025-10-08 13:48:11,558] WARNING: [!] Capítulo sem número detectado: 'Capitulo (7)' — pulando...
[2025-10-08 13:48:11,558] WARNING: [!] Capítulo sem número detectado: 'Capitulo (6)' — pulando...
[2025-10-08 13:48:11,558] WARNING: [!] Capítulo sem número detectado: 'Capitulo (5)' — pulando...
[2025-10-08 13:48:11,558] WARNING: [!] Capítulo sem número detectado: 'Capitulo (4)' — pulando...
[2025-10-08 13:48:11,558] WARNING: [!] Capítulo sem número detectado: 'Capitulo (3)' — pulando...
[2025-10-08 13:48:11,559] WARNING: [!] Capítulo sem número detectado: 'Capitulo (2)' — pulando...
[2025-10-08 13:48:11,559] WARNING: [!] Capítulo sem número detectado: 'Capitulo' — pulando...
[2025-10-08 13:48:11,559] INFO: [*] Total de capítulos extraídos: 0
[2025-10-08 13:48:11,559] INFO: [*] Mangá 'The Reversal of My Life as a Mob Character' sincronizado com sucesso.
[2025-10-08 13:48:11,575] INFO: [*] Buscando capítulos pela url: https://mangaonline.blog/manga/youngest-scion-of-the-mages/
[2025-10-08 13:48:13,182] INFO: [*] Capítulos encontrados: 90
[2025-10-08 13:48:13,182] WARNING: [!] Capítulo sem número detectado: 'capitulo (90)' — pulando...
[2025-10-08 13:48:13,183] WARNING: [!] Capítulo sem número detectado: 'capitulo (89)' — pulando...
[2025-10-08 13:48:13,183] WARNING: [!] Capítulo sem número detectado: 'capitulo (88)' — pulando...
[2025-10-08 13:48:13,183] WARNING: [!] Capítulo sem número detectado: 'capitulo (87)' — pulando...
[2025-10-08 13:48:13,183] WARNING: [!] Capítulo sem número detectado: 'capitulo (86)' — pulando...
[2025-10-08 13:48:13,183] WARNING: [!] Capítulo sem número detectado: 'capitulo (85)' — pulando...
[2025-10-08 13:48:13,183] WARNING: [!] Capítulo sem número detectado: 'capitulo (84)' — pulando...
[2025-10-08 13:48:13,183] WARNING: [!] Capítulo sem número detectado: 'capitulo (83)' — pulando...
[2025-10-08 13:48:13,184] WARNING: [!] Capítulo sem número detectado: 'capitulo (82)' — pulando...
[2025-10-08 13:48:13,184] WARNING: [!] Capítulo sem número detectado: 'capitulo (81)' — pulando...
[2025-10-08 13:48:13,184] WARNING: [!] Capítulo sem número detectado: 'capitulo (80)' — pulando...
[2025-10-08 13:48:13,184] WARNING: [!] Capítulo sem número detectado: 'capitulo (79)' — pulando...
[2025-10-08 13:48:13,184] WARNING: [!] Capítulo sem número detectado: 'capitulo (78)' — pulando...
[2025-10-08 13:48:13,184] WARNING: [!] Capítulo sem número detectado: 'capitulo (77)' — pulando...
[2025-10-08 13:48:13,184] WARNING: [!] Capítulo sem número detectado: 'capitulo (76)' — pulando...
[2025-10-08 13:48:13,184] WARNING: [!] Capítulo sem número detectado: 'capitulo (75)' — pulando...
[2025-10-08 13:48:13,184] WARNING: [!] Capítulo sem número detectado: 'capitulo (74)' — pulando...
[2025-10-08 13:48:13,185] WARNING: [!] Capítulo sem número detectado: 'capitulo (73)' — pulando...
[2025-10-08 13:48:13,185] WARNING: [!] Capítulo sem número detectado: 'capitulo (72)' — pulando...
[2025-10-08 13:48:13,185] WARNING: [!] Capítulo sem número detectado: 'capitulo (71)' — pulando...
[2025-10-08 13:48:13,185] WARNING: [!] Capítulo sem número detectado: 'capitulo (70)' — pulando...
[2025-10-08 13:48:13,185] WARNING: [!] Capítulo sem número detectado: 'capitulo (69)' — pulando...
[2025-10-08 13:48:13,185] WARNING: [!] Capítulo sem número detectado: 'capitulo (68)' — pulando...
[2025-10-08 13:48:13,185] WARNING: [!] Capítulo sem número detectado: 'capitulo (67)' — pulando...
[2025-10-08 13:48:13,185] WARNING: [!] Capítulo sem número detectado: 'capitulo (66)' — pulando...
[2025-10-08 13:48:13,185] WARNING: [!] Capítulo sem número detectado: 'capitulo (65)' — pulando...
[2025-10-08 13:48:13,186] WARNING: [!] Capítulo sem número detectado: 'capitulo (64)' — pulando...
[2025-10-08 13:48:13,186] WARNING: [!] Capítulo sem número detectado: 'capitulo (63)' — pulando...
[2025-10-08 13:48:13,186] WARNING: [!] Capítulo sem número detectado: 'capitulo (62)' — pulando...
[2025-10-08 13:48:13,186] WARNING: [!] Capítulo sem número detectado: 'capitulo (61)' — pulando...
[2025-10-08 13:48:13,186] WARNING: [!] Capítulo sem número detectado: 'capitulo (60)' — pulando...
[2025-10-08 13:48:13,186] WARNING: [!] Capítulo sem número detectado: 'capitulo (59)' — pulando...
[2025-10-08 13:48:13,186] WARNING: [!] Capítulo sem número detectado: 'capitulo (58)' — pulando...
[2025-10-08 13:48:13,186] WARNING: [!] Capítulo sem número detectado: 'capitulo (57)' — pulando...
[2025-10-08 13:48:13,186] WARNING: [!] Capítulo sem número detectado: 'capitulo (56)' — pulando...
[2025-10-08 13:48:13,187] WARNING: [!] Capítulo sem número detectado: 'capitulo (55)' — pulando...
[2025-10-08 13:48:13,187] WARNING: [!] Capítulo sem número detectado: 'capitulo (54)' — pulando...
[2025-10-08 13:48:13,187] WARNING: [!] Capítulo sem número detectado: 'capitulo (53)' — pulando...
[2025-10-08 13:48:13,187] WARNING: [!] Capítulo sem número detectado: 'capitulo (52)' — pulando...
[2025-10-08 13:48:13,187] WARNING: [!] Capítulo sem número detectado: 'capitulo (51)' — pulando...
[2025-10-08 13:48:13,187] WARNING: [!] Capítulo sem número detectado: 'capitulo (50)' — pulando...
[2025-10-08 13:48:13,187] WARNING: [!] Capítulo sem número detectado: 'capitulo (49)' — pulando...
[2025-10-08 13:48:13,187] WARNING: [!] Capítulo sem número detectado: 'capitulo (48)' — pulando...
[2025-10-08 13:48:13,188] WARNING: [!] Capítulo sem número detectado: 'capitulo (47)' — pulando...
[2025-10-08 13:48:13,188] WARNING: [!] Capítulo sem número detectado: 'capitulo (46)' — pulando...
[2025-10-08 13:48:13,188] WARNING: [!] Capítulo sem número detectado: 'capitulo (45)' — pulando...
[2025-10-08 13:48:13,188] WARNING: [!] Capítulo sem número detectado: 'capitulo (44)' — pulando...
[2025-10-08 13:48:13,188] WARNING: [!] Capítulo sem número detectado: 'capitulo (43)' — pulando...
[2025-10-08 13:48:13,188] WARNING: [!] Capítulo sem número detectado: 'capitulo (42)' — pulando...
[2025-10-08 13:48:13,188] WARNING: [!] Capítulo sem número detectado: 'capitulo (41)' — pulando...
[2025-10-08 13:48:13,188] WARNING: [!] Capítulo sem número detectado: 'capitulo (40)' — pulando...
[2025-10-08 13:48:13,188] WARNING: [!] Capítulo sem número detectado: 'capitulo (39)' — pulando...
[2025-10-08 13:48:13,189] WARNING: [!] Capítulo sem número detectado: 'capitulo (38)' — pulando...
[2025-10-08 13:48:13,189] WARNING: [!] Capítulo sem número detectado: 'capitulo (37)' — pulando...
[2025-10-08 13:48:13,189] WARNING: [!] Capítulo sem número detectado: 'capitulo (36)' — pulando...
[2025-10-08 13:48:13,189] WARNING: [!] Capítulo sem número detectado: 'capitulo (35)' — pulando...
[2025-10-08 13:48:13,189] WARNING: [!] Capítulo sem número detectado: 'capitulo (34)' — pulando...
[2025-10-08 13:48:13,189] WARNING: [!] Capítulo sem número detectado: 'capitulo (33)' — pulando...
[2025-10-08 13:48:13,189] WARNING: [!] Capítulo sem número detectado: 'capitulo (32)' — pulando...
[2025-10-08 13:48:13,189] WARNING: [!] Capítulo sem número detectado: 'capitulo (31)' — pulando...
[2025-10-08 13:48:13,189] WARNING: [!] Capítulo sem número detectado: 'capitulo (30)' — pulando...
[2025-10-08 13:48:13,189] WARNING: [!] Capítulo sem número detectado: 'capitulo (29)' — pulando...
[2025-10-08 13:48:13,190] WARNING: [!] Capítulo sem número detectado: 'capitulo (28)' — pulando...
[2025-10-08 13:48:13,190] WARNING: [!] Capítulo sem número detectado: 'capitulo (27)' — pulando...
[2025-10-08 13:48:13,190] WARNING: [!] Capítulo sem número detectado: 'capitulo (26)' — pulando...
[2025-10-08 13:48:13,190] WARNING: [!] Capítulo sem número detectado: 'capitulo (25)' — pulando...
[2025-10-08 13:48:13,190] WARNING: [!] Capítulo sem número detectado: 'capitulo (24)' — pulando...
[2025-10-08 13:48:13,190] WARNING: [!] Capítulo sem número detectado: 'capitulo (23)' — pulando...
[2025-10-08 13:48:13,190] WARNING: [!] Capítulo sem número detectado: 'capitulo (22)' — pulando...
[2025-10-08 13:48:13,190] WARNING: [!] Capítulo sem número detectado: 'capitulo (21)' — pulando...
[2025-10-08 13:48:13,190] WARNING: [!] Capítulo sem número detectado: 'capitulo (20)' — pulando...
[2025-10-08 13:48:13,191] WARNING: [!] Capítulo sem número detectado: 'capitulo (19)' — pulando...
[2025-10-08 13:48:13,191] WARNING: [!] Capítulo sem número detectado: 'capitulo (18)' — pulando...
[2025-10-08 13:48:13,191] WARNING: [!] Capítulo sem número detectado: 'capitulo (17)' — pulando...
[2025-10-08 13:48:13,191] WARNING: [!] Capítulo sem número detectado: 'capitulo (16)' — pulando...
[2025-10-08 13:48:13,191] WARNING: [!] Capítulo sem número detectado: 'capitulo (15)' — pulando...
[2025-10-08 13:48:13,191] WARNING: [!] Capítulo sem número detectado: 'capitulo (14)' — pulando...
[2025-10-08 13:48:13,191] WARNING: [!] Capítulo sem número detectado: 'capitulo (13)' — pulando...
[2025-10-08 13:48:13,191] WARNING: [!] Capítulo sem número detectado: 'capitulo (12)' — pulando...
[2025-10-08 13:48:13,191] WARNING: [!] Capítulo sem número detectado: 'capitulo (11)' — pulando...
[2025-10-08 13:48:13,191] WARNING: [!] Capítulo sem número detectado: 'capitulo (10)' — pulando...
[2025-10-08 13:48:13,192] WARNING: [!] Capítulo sem número detectado: 'capitulo (9)' — pulando...
[2025-10-08 13:48:13,192] WARNING: [!] Capítulo sem número detectado: 'capitulo (8)' — pulando...
[2025-10-08 13:48:13,192] WARNING: [!] Capítulo sem número detectado: 'capitulo (7)' — pulando...
[2025-10-08 13:48:13,192] WARNING: [!] Capítulo sem número detectado: 'capitulo (6)' — pulando...
[2025-10-08 13:48:13,192] WARNING: [!] Capítulo sem número detectado: 'capitulo (5)' — pulando...
[2025-10-08 13:48:13,192] WARNING: [!] Capítulo sem número detectado: 'capitulo (4)' — pulando...
[2025-10-08 13:48:13,192] WARNING: [!] Capítulo sem número detectado: 'capitulo (3)' — pulando...
[2025-10-08 13:48:13,192] WARNING: [!] Capítulo sem número detectado: 'capitulo (2)' — pulando...
[2025-10-08 13:48:13,192] WARNING: [!] Capítulo sem número detectado: 'capitulo (1)' — pulando...
[2025-10-08 13:48:13,193] INFO: [*] Total de capítulos extraídos: 0
[2025-10-08 13:48:13,193] INFO: [*] Mangá 'Youngest Scion of the Mages' sincronizado com sucesso.
[2025-10-08 13:48:13,219] INFO: [*] Buscando capítulos pela url: https://mangaonline.blog/manga/unico-fazendeiro-da-torre/
[2025-10-08 13:48:14,472] INFO: [*] Capítulos encontrados: 19
[2025-10-08 13:48:14,473] INFO: [*] Total de capítulos extraídos: 19
[2025-10-08 13:48:14,473] INFO: [*] Mangá 'Único Fazendeiro da Torre' sincronizado com sucesso.
[2025-10-08 13:48:14,487] INFO: [*] Buscando capítulos pela url: https://mangaonline.blog/manga/ichi-the-witch/
[2025-10-08 13:48:16,485] INFO: [*] Capítulos encontrados: 25
[2025-10-08 13:48:16,486] INFO: [*] Total de capítulos extraídos: 25
[2025-10-08 13:48:16,486] INFO: [*] Mangá 'Ichi the Witch' sincronizado com sucesso.
[2025-10-08 13:48:16,538] INFO: [*] Buscando capítulos pela url: https://mangaonline.blog/manga/martial-peak/
[2025-10-08 13:48:18,290] INFO: [*] Capítulos encontrados: 18
[2025-10-08 13:48:18,291] INFO: [*] Total de capítulos extraídos: 18
[2025-10-08 13:48:18,291] INFO: [!] Capítulo 3806 já existente em 'Martial Peak'.
[2025-10-08 13:48:18,291] INFO: [!] Capítulo 3807 já existente em 'Martial Peak'.
[2025-10-08 13:48:18,291] INFO: [!] Capítulo 3808 já existente em 'Martial Peak'.
[2025-10-08 13:48:18,291] INFO: [!] Capítulo 3809 já existente em 'Martial Peak'.
[2025-10-08 13:48:18,291] INFO: [!] Capítulo 3810 já existente em 'Martial Peak'.
[2025-10-08 13:48:18,291] INFO: [!] Capítulo 3811 já existente em 'Martial Peak'.
[2025-10-08 13:48:18,291] INFO: [!] Capítulo 3812 já existente em 'Martial Peak'.
[2025-10-08 13:48:18,292] INFO: [!] Capítulo 3813 já existente em 'Martial Peak'.
[2025-10-08 13:48:18,292] INFO: [!] Capítulo 3814 já existente em 'Martial Peak'.
[2025-10-08 13:48:18,292] INFO: [!] Capítulo 3815 já existente em 'Martial Peak'.
[2025-10-08 13:48:18,292] INFO: [!] Capítulo 3816 já existente em 'Martial Peak'.
[2025-10-08 13:48:18,292] INFO: [!] Capítulo 3817 já existente em 'Martial Peak'.
[2025-10-08 13:48:18,292] INFO: [!] Capítulo 3818 já existente em 'Martial Peak'.
[2025-10-08 13:48:18,292] INFO: [!] Capítulo 3819 já existente em 'Martial Peak'.
[2025-10-08 13:48:18,292] INFO: [!] Capítulo 3820 já existente em 'Martial Peak'.
[2025-10-08 13:48:18,292] INFO: [!] Capítulo 3821 já existente em 'Martial Peak'.
[2025-10-08 13:48:18,292] INFO: [!] Capítulo 3822 já existente em 'Martial Peak'.
[2025-10-08 13:48:18,292] INFO: [!] Capítulo 3823 já existente em 'Martial Peak'.
[2025-10-08 13:48:18,317] INFO: [*] Buscando capítulos pela url: https://mangaonline.blog/manga/solo-max-level-newbie/
[2025-10-08 13:48:19,597] INFO: [*] Capítulos encontrados: 37
[2025-10-08 13:48:19,599] INFO: [*] Total de capítulos extraídos: 37
[2025-10-08 13:48:19,599] INFO: [!] Capítulo 160 já existente em 'Solo Max-Level Newbie'.
[2025-10-08 13:48:19,599] INFO: [!] Capítulo 161 já existente em 'Solo Max-Level Newbie'.
[2025-10-08 13:48:19,599] INFO: [!] Capítulo 162 já existente em 'Solo Max-Level Newbie'.
[2025-10-08 13:48:19,599] INFO: [!] Capítulo 163 já existente em 'Solo Max-Level Newbie'.
[2025-10-08 13:48:19,600] INFO: [!] Capítulo 164 já existente em 'Solo Max-Level Newbie'.
[2025-10-08 13:48:19,600] INFO: [!] Capítulo 165 já existente em 'Solo Max-Level Newbie'.
[2025-10-08 13:48:19,600] INFO: [!] Capítulo 166 já existente em 'Solo Max-Level Newbie'.
[2025-10-08 13:48:19,600] INFO: [!] Capítulo 167 já existente em 'Solo Max-Level Newbie'.
[2025-10-08 13:48:19,600] INFO: [!] Capítulo 168 já existente em 'Solo Max-Level Newbie'.
[2025-10-08 13:48:19,600] INFO: [!] Capítulo 169 já existente em 'Solo Max-Level Newbie'.
[2025-10-08 13:48:19,600] INFO: [!] Capítulo 170 já existente em 'Solo Max-Level Newbie'.
[2025-10-08 13:48:19,600] INFO: [!] Capítulo 171 já existente em 'Solo Max-Level Newbie'.
[2025-10-08 13:48:19,600] INFO: [!] Capítulo 172 já existente em 'Solo Max-Level Newbie'.
[2025-10-08 13:48:19,600] INFO: [!] Capítulo 173 já existente em 'Solo Max-Level Newbie'.
[2025-10-08 13:48:19,600] INFO: [!] Capítulo 174 já existente em 'Solo Max-Level Newbie'.
[2025-10-08 13:48:19,600] INFO: [!] Capítulo 175 já existente em 'Solo Max-Level Newbie'.
[2025-10-08 13:48:19,600] INFO: [!] Capítulo 176 já existente em 'Solo Max-Level Newbie'.
[2025-10-08 13:48:19,600] INFO: [!] Capítulo 177 já existente em 'Solo Max-Level Newbie'.
[2025-10-08 13:48:19,600] INFO: [!] Capítulo 178 já existente em 'Solo Max-Level Newbie'.
[2025-10-08 13:48:19,600] INFO: [!] Capítulo 179 já existente em 'Solo Max-Level Newbie'.
[2025-10-08 13:48:19,600] INFO: [!] Capítulo 180 já existente em 'Solo Max-Level Newbie'.
[2025-10-08 13:48:19,600] INFO: [!] Capítulo 181 já existente em 'Solo Max-Level Newbie'.
[2025-10-08 13:48:19,600] INFO: [!] Capítulo 182 já existente em 'Solo Max-Level Newbie'.
[2025-10-08 13:48:19,600] INFO: [!] Capítulo 183 já existente em 'Solo Max-Level Newbie'.
[2025-10-08 13:48:19,601] INFO: [!] Capítulo 184 já existente em 'Solo Max-Level Newbie'.
[2025-10-08 13:48:19,601] INFO: [!] Capítulo 185 já existente em 'Solo Max-Level Newbie'.
[2025-10-08 13:48:19,601] INFO: [!] Capítulo 186 já existente em 'Solo Max-Level Newbie'.
[2025-10-08 13:48:19,601] INFO: [!] Capítulo 187 já existente em 'Solo Max-Level Newbie'.
[2025-10-08 13:48:19,601] INFO: [!] Capítulo 188 já existente em 'Solo Max-Level Newbie'.
[2025-10-08 13:48:19,601] INFO: [!] Capítulo 189 já existente em 'Solo Max-Level Newbie'.
[2025-10-08 13:48:19,601] INFO: [!] Capítulo 190 já existente em 'Solo Max-Level Newbie'.
[2025-10-08 13:48:19,601] INFO: [!] Capítulo 191 já existente em 'Solo Max-Level Newbie'.
[2025-10-08 13:48:19,601] INFO: [!] Capítulo 192 já existente em 'Solo Max-Level Newbie'.
[2025-10-08 13:48:19,601] INFO: [!] Capítulo 193 já existente em 'Solo Max-Level Newbie'.
[2025-10-08 13:48:19,601] INFO: [!] Capítulo 194 já existente em 'Solo Max-Level Newbie'.
[2025-10-08 13:48:19,601] INFO: [!] Capítulo 195 já existente em 'Solo Max-Level Newbie'.
[2025-10-08 13:48:19,601] INFO: [!] Capítulo 196 já existente em 'Solo Max-Level Newbie'.
[2025-10-08 13:48:19,619] INFO: [*] Buscando capítulos pela url: https://mangaonline.blog/manga/wind-breaker-nii-satoru-manga/
[2025-10-08 13:48:21,452] INFO: [*] Capítulos encontrados: 11
[2025-10-08 13:48:21,453] INFO: [*] Total de capítulos extraídos: 11
[2025-10-08 13:48:21,453] INFO: [*] Mangá 'Wind Breaker (Nii Satoru) Manga' sincronizado com sucesso.
[2025-10-08 13:48:21,479] INFO: [*] Buscando capítulos pela url: https://mangaonline.blog/manga/worthless-profession-dragon-tamer/
[2025-10-08 13:48:22,773] INFO: [*] Capítulos encontrados: 30
[2025-10-08 13:48:22,774] INFO: [*] Total de capítulos extraídos: 30
[2025-10-08 13:48:22,774] INFO: [*] Mangá 'Worthless Profession: Dragon Tamer' sincronizado com sucesso.
[2025-10-08 13:48:22,791] INFO: [*] Buscando capítulos pela url: https://mangaonline.blog/manga/solo-leveling/
[2025-10-08 13:48:25,479] INFO: [*] Capítulos encontrados: 200
[2025-10-08 13:48:25,490] INFO: [*] Total de capítulos extraídos: 200
[2025-10-08 13:48:25,490] INFO: [!] Capítulo 1 já existente em 'Solo Leveling'.
[2025-10-08 13:48:25,490] INFO: [!] Capítulo 2 já existente em 'Solo Leveling'.
[2025-10-08 13:48:25,490] INFO: [!] Capítulo 3 já existente em 'Solo Leveling'.
[2025-10-08 13:48:25,490] INFO: [!] Capítulo 4 já existente em 'Solo Leveling'.
[2025-10-08 13:48:25,490] INFO: [!] Capítulo 5 já existente em 'Solo Leveling'.
[2025-10-08 13:48:25,490] INFO: [!] Capítulo 6 já existente em 'Solo Leveling'.
[2025-10-08 13:48:25,490] INFO: [!] Capítulo 7 já existente em 'Solo Leveling'.
[2025-10-08 13:48:25,491] INFO: [!] Capítulo 8 já existente em 'Solo Leveling'.
[2025-10-08 13:48:25,491] INFO: [!] Capítulo 9 já existente em 'Solo Leveling'.
[2025-10-08 13:48:25,491] INFO: [!] Capítulo 10 já existente em 'Solo Leveling'.
[2025-10-08 13:48:25,491] INFO: [!] Capítulo 11 já existente em 'Solo Leveling'.
[2025-10-08 13:48:25,491] INFO: [!] Capítulo 12 já existente em 'Solo Leveling'.
[2025-10-08 13:48:25,491] INFO: [!] Capítulo 13 já existente em 'Solo Leveling'.
[2025-10-08 13:48:25,491] INFO: [!] Capítulo 14 já existente em 'Solo Leveling'.
[2025-10-08 13:48:25,491] INFO: [!] Capítulo 15 já existente em 'Solo Leveling'.
[2025-10-08 13:48:25,491] INFO: [!] Capítulo 16 já existente em 'Solo Leveling'.
[2025-10-08 13:48:25,491] INFO: [!] Capítulo 17 já existente em 'Solo Leveling'.
[2025-10-08 13:48:25,491] INFO: [!] Capítulo 18 já existente em 'Solo Leveling'.
[2025-10-08 13:48:25,491] INFO: [!] Capítulo 19 já existente em 'Solo Leveling'.
[2025-10-08 13:48:25,491] INFO: [!] Capítulo 20 já existente em 'Solo Leveling'.
[2025-10-08 13:48:25,491] INFO: [!] Capítulo 21 já existente em 'Solo Leveling'.
[2025-10-08 13:48:25,491] INFO: [!] Capítulo 22 já existente em 'Solo Leveling'.
[2025-10-08 13:48:25,491] INFO: [!] Capítulo 23 já existente em 'Solo Leveling'.
[2025-10-08 13:48:25,491] INFO: [!] Capítulo 24 já existente em 'Solo Leveling'.
[2025-10-08 13:48:25,491] INFO: [!] Capítulo 25 já existente em 'Solo Leveling'.
[2025-10-08 13:48:25,491] INFO: [!] Capítulo 26 já existente em 'Solo Leveling'.
[2025-10-08 13:48:25,491] INFO: [!] Capítulo 27 já existente em 'Solo Leveling'.
[2025-10-08 13:48:25,492] INFO: [!] Capítulo 28 já existente em 'Solo Leveling'.
[2025-10-08 13:48:25,492] INFO: [!] Capítulo 29 já existente em 'Solo Leveling'.
[2025-10-08 13:48:25,492] INFO: [!] Capítulo 30 já existente em 'Solo Leveling'.
[2025-10-08 13:48:25,492] INFO: [!] Capítulo 31 já existente em 'Solo Leveling'.
[2025-10-08 13:48:25,492] INFO: [!] Capítulo 32 já existente em 'Solo Leveling'.
[2025-10-08 13:48:25,492] INFO: [!] Capítulo 33 já existente em 'Solo Leveling'.
[2025-10-08 13:48:25,492] INFO: [!] Capítulo 34 já existente em 'Solo Leveling'.
[2025-10-08 13:48:25,492] INFO: [!] Capítulo 35 já existente em 'Solo Leveling'.
[2025-10-08 13:48:25,492] INFO: [!] Capítulo 36 já existente em 'Solo Leveling'.
[2025-10-08 13:48:25,492] INFO: [!] Capítulo 37 já existente em 'Solo Leveling'.
[2025-10-08 13:48:25,492] INFO: [!] Capítulo 38 já existente em 'Solo Leveling'.
[2025-10-08 13:48:25,492] INFO: [!] Capítulo 39 já existente em 'Solo Leveling'.
[2025-10-08 13:48:25,492] INFO: [!] Capítulo 40 já existente em 'Solo Leveling'.
[2025-10-08 13:48:25,492] INFO: [!] Capítulo 41 já existente em 'Solo Leveling'.
[2025-10-08 13:48:25,492] INFO: [!] Capítulo 42 já existente em 'Solo Leveling'.
[2025-10-08 13:48:25,492] INFO: [!] Capítulo 43 já existente em 'Solo Leveling'.
[2025-10-08 13:48:25,492] INFO: [!] Capítulo 44 já existente em 'Solo Leveling'.
[2025-10-08 13:48:25,492] INFO: [!] Capítulo 45 já existente em 'Solo Leveling'.
[2025-10-08 13:48:25,492] INFO: [!] Capítulo 46 já existente em 'Solo Leveling'.
[2025-10-08 13:48:25,493] INFO: [!] Capítulo 47 já existente em 'Solo Leveling'.
[2025-10-08 13:48:25,493] INFO: [!] Capítulo 48 já existente em 'Solo Leveling'.
[2025-10-08 13:48:25,493] INFO: [!] Capítulo 49 já existente em 'Solo Leveling'.
[2025-10-08 13:48:25,493] INFO: [!] Capítulo 50 já existente em 'Solo Leveling'.
[2025-10-08 13:48:25,493] INFO: [!] Capítulo 51 já existente em 'Solo Leveling'.
[2025-10-08 13:48:25,493] INFO: [!] Capítulo 52 já existente em 'Solo Leveling'.
[2025-10-08 13:48:25,493] INFO: [!] Capítulo 53 já existente em 'Solo Leveling'.
[2025-10-08 13:48:25,493] INFO: [!] Capítulo 54 já existente em 'Solo Leveling'.
[2025-10-08 13:48:25,493] INFO: [!] Capítulo 55 já existente em 'Solo Leveling'.
[2025-10-08 13:48:25,493] INFO: [!] Capítulo 56 já existente em 'Solo Leveling'.
[2025-10-08 13:48:25,493] INFO: [!] Capítulo 57 já existente em 'Solo Leveling'.
[2025-10-08 13:48:25,493] INFO: [!] Capítulo 58 já existente em 'Solo Leveling'.
[2025-10-08 13:48:25,493] INFO: [!] Capítulo 59 já existente em 'Solo Leveling'.
[2025-10-08 13:48:25,493] INFO: [!] Capítulo 60 já existente em 'Solo Leveling'.
[2025-10-08 13:48:25,493] INFO: [!] Capítulo 61 já existente em 'Solo Leveling'.
[2025-10-08 13:48:25,493] INFO: [!] Capítulo 62 já existente em 'Solo Leveling'.
[2025-10-08 13:48:25,493] INFO: [!] Capítulo 63 já existente em 'Solo Leveling'.
[2025-10-08 13:48:25,493] INFO: [!] Capítulo 64 já existente em 'Solo Leveling'.
[2025-10-08 13:48:25,494] INFO: [!] Capítulo 65 já existente em 'Solo Leveling'.
[2025-10-08 13:48:25,494] INFO: [!] Capítulo 66 já existente em 'Solo Leveling'.
[2025-10-08 13:48:25,494] INFO: [!] Capítulo 67 já existente em 'Solo Leveling'.
[2025-10-08 13:48:25,494] INFO: [!] Capítulo 68 já existente em 'Solo Leveling'.
[2025-10-08 13:48:25,494] INFO: [!] Capítulo 69 já existente em 'Solo Leveling'.
[2025-10-08 13:48:25,494] INFO: [!] Capítulo 70 já existente em 'Solo Leveling'.
[2025-10-08 13:48:25,494] INFO: [!] Capítulo 71 já existente em 'Solo Leveling'.
[2025-10-08 13:48:25,494] INFO: [!] Capítulo 72 já existente em 'Solo Leveling'.
[2025-10-08 13:48:25,494] INFO: [!] Capítulo 73 já existente em 'Solo Leveling'.
[2025-10-08 13:48:25,494] INFO: [!] Capítulo 74 já existente em 'Solo Leveling'.
[2025-10-08 13:48:25,494] INFO: [!] Capítulo 75 já existente em 'Solo Leveling'.
[2025-10-08 13:48:25,494] INFO: [!] Capítulo 76 já existente em 'Solo Leveling'.
[2025-10-08 13:48:25,494] INFO: [!] Capítulo 77 já existente em 'Solo Leveling'.
[2025-10-08 13:48:25,494] INFO: [!] Capítulo 78 já existente em 'Solo Leveling'.
[2025-10-08 13:48:25,494] INFO: [!] Capítulo 79 já existente em 'Solo Leveling'.
[2025-10-08 13:48:25,494] INFO: [!] Capítulo 80 já existente em 'Solo Leveling'.
[2025-10-08 13:48:25,494] INFO: [!] Capítulo 81 já existente em 'Solo Leveling'.
[2025-10-08 13:48:25,495] INFO: [!] Capítulo 82 já existente em 'Solo Leveling'.
[2025-10-08 13:48:25,495] INFO: [!] Capítulo 83 já existente em 'Solo Leveling'.
[2025-10-08 13:48:25,495] INFO: [!] Capítulo 84 já existente em 'Solo Leveling'.
[2025-10-08 13:48:25,495] INFO: [!] Capítulo 85 já existente em 'Solo Leveling'.
[2025-10-08 13:48:25,495] INFO: [!] Capítulo 86 já existente em 'Solo Leveling'.
[2025-10-08 13:48:25,495] INFO: [!] Capítulo 87 já existente em 'Solo Leveling'.
[2025-10-08 13:48:25,495] INFO: [!] Capítulo 88 já existente em 'Solo Leveling'.
[2025-10-08 13:48:25,495] INFO: [!] Capítulo 89 já existente em 'Solo Leveling'.
[2025-10-08 13:48:25,495] INFO: [!] Capítulo 90 já existente em 'Solo Leveling'.
[2025-10-08 13:48:25,495] INFO: [!] Capítulo 91 já existente em 'Solo Leveling'.
[2025-10-08 13:48:25,495] INFO: [!] Capítulo 92 já existente em 'Solo Leveling'.
[2025-10-08 13:48:25,495] INFO: [!] Capítulo 93 já existente em 'Solo Leveling'.
[2025-10-08 13:48:25,495] INFO: [!] Capítulo 94 já existente em 'Solo Leveling'.
[2025-10-08 13:48:25,495] INFO: [!] Capítulo 95 já existente em 'Solo Leveling'.
[2025-10-08 13:48:25,495] INFO: [!] Capítulo 96 já existente em 'Solo Leveling'.
[2025-10-08 13:48:25,495] INFO: [!] Capítulo 97 já existente em 'Solo Leveling'.
[2025-10-08 13:48:25,495] INFO: [!] Capítulo 98 já existente em 'Solo Leveling'.
[2025-10-08 13:48:25,495] INFO: [!] Capítulo 99 já existente em 'Solo Leveling'.
[2025-10-08 13:48:25,495] INFO: [!] Capítulo 100 já existente em 'Solo Leveling'.
[2025-10-08 13:48:25,496] INFO: [!] Capítulo 101 já existente em 'Solo Leveling'.
[2025-10-08 13:48:25,496] INFO: [!] Capítulo 102 já existente em 'Solo Leveling'.
[2025-10-08 13:48:25,496] INFO: [!] Capítulo 103 já existente em 'Solo Leveling'.
[2025-10-08 13:48:25,496] INFO: [!] Capítulo 104 já existente em 'Solo Leveling'.
[2025-10-08 13:48:25,496] INFO: [!] Capítulo 105 já existente em 'Solo Leveling'.
[2025-10-08 13:48:25,496] INFO: [!] Capítulo 106 já existente em 'Solo Leveling'.
[2025-10-08 13:48:25,496] INFO: [!] Capítulo 107 já existente em 'Solo Leveling'.
[2025-10-08 13:48:25,496] INFO: [!] Capítulo 108 já existente em 'Solo Leveling'.
[2025-10-08 13:48:25,496] INFO: [!] Capítulo 109 já existente em 'Solo Leveling'.
[2025-10-08 13:48:25,496] INFO: [!] Capítulo 110 já existente em 'Solo Leveling'.
[2025-10-08 13:48:25,496] INFO: [!] Capítulo 111 já existente em 'Solo Leveling'.
[2025-10-08 13:48:25,496] INFO: [!] Capítulo 112 já existente em 'Solo Leveling'.
[2025-10-08 13:48:25,496] INFO: [!] Capítulo 113 já existente em 'Solo Leveling'.
[2025-10-08 13:48:25,496] INFO: [!] Capítulo 114 já existente em 'Solo Leveling'.
[2025-10-08 13:48:25,496] INFO: [!] Capítulo 115 já existente em 'Solo Leveling'.
[2025-10-08 13:48:25,496] INFO: [!] Capítulo 116 já existente em 'Solo Leveling'.
[2025-10-08 13:48:25,496] INFO: [!] Capítulo 117 já existente em 'Solo Leveling'.
[2025-10-08 13:48:25,496] INFO: [!] Capítulo 118 já existente em 'Solo Leveling'.
[2025-10-08 13:48:25,496] INFO: [!] Capítulo 119 já existente em 'Solo Leveling'.
[2025-10-08 13:48:25,497] INFO: [!] Capítulo 120 já existente em 'Solo Leveling'.
[2025-10-08 13:48:25,497] INFO: [!] Capítulo 121 já existente em 'Solo Leveling'.
[2025-10-08 13:48:25,497] INFO: [!] Capítulo 122 já existente em 'Solo Leveling'.
[2025-10-08 13:48:25,497] INFO: [!] Capítulo 123 já existente em 'Solo Leveling'.
[2025-10-08 13:48:25,497] INFO: [!] Capítulo 124 já existente em 'Solo Leveling'.
[2025-10-08 13:48:25,497] INFO: [!] Capítulo 125 já existente em 'Solo Leveling'.
[2025-10-08 13:48:25,497] INFO: [!] Capítulo 126 já existente em 'Solo Leveling'.
[2025-10-08 13:48:25,497] INFO: [!] Capítulo 127 já existente em 'Solo Leveling'.
[2025-10-08 13:48:25,497] INFO: [!] Capítulo 128 já existente em 'Solo Leveling'.
[2025-10-08 13:48:25,497] INFO: [!] Capítulo 129 já existente em 'Solo Leveling'.
[2025-10-08 13:48:25,497] INFO: [!] Capítulo 130 já existente em 'Solo Leveling'.
[2025-10-08 13:48:25,497] INFO: [!] Capítulo 131 já existente em 'Solo Leveling'.
[2025-10-08 13:48:25,497] INFO: [!] Capítulo 132 já existente em 'Solo Leveling'.
[2025-10-08 13:48:25,497] INFO: [!] Capítulo 133 já existente em 'Solo Leveling'.
[2025-10-08 13:48:25,497] INFO: [!] Capítulo 134 já existente em 'Solo Leveling'.
[2025-10-08 13:48:25,497] INFO: [!] Capítulo 135 já existente em 'Solo Leveling'.
[2025-10-08 13:48:25,497] INFO: [!] Capítulo 136 já existente em 'Solo Leveling'.
[2025-10-08 13:48:25,497] INFO: [!] Capítulo 137 já existente em 'Solo Leveling'.
[2025-10-08 13:48:25,498] INFO: [!] Capítulo 138 já existente em 'Solo Leveling'.
[2025-10-08 13:48:25,498] INFO: [!] Capítulo 139 já existente em 'Solo Leveling'.
[2025-10-08 13:48:25,498] INFO: [!] Capítulo 140 já existente em 'Solo Leveling'.
[2025-10-08 13:48:25,498] INFO: [!] Capítulo 141 já existente em 'Solo Leveling'.
[2025-10-08 13:48:25,498] INFO: [!] Capítulo 142 já existente em 'Solo Leveling'.
[2025-10-08 13:48:25,498] INFO: [!] Capítulo 143 já existente em 'Solo Leveling'.
[2025-10-08 13:48:25,498] INFO: [!] Capítulo 144 já existente em 'Solo Leveling'.
[2025-10-08 13:48:25,498] INFO: [!] Capítulo 145 já existente em 'Solo Leveling'.
[2025-10-08 13:48:25,498] INFO: [!] Capítulo 146 já existente em 'Solo Leveling'.
[2025-10-08 13:48:25,498] INFO: [!] Capítulo 147 já existente em 'Solo Leveling'.
[2025-10-08 13:48:25,498] INFO: [!] Capítulo 148 já existente em 'Solo Leveling'.
[2025-10-08 13:48:25,498] INFO: [!] Capítulo 149 já existente em 'Solo Leveling'.
[2025-10-08 13:48:25,498] INFO: [!] Capítulo 150 já existente em 'Solo Leveling'.
[2025-10-08 13:48:25,498] INFO: [!] Capítulo 151 já existente em 'Solo Leveling'.
[2025-10-08 13:48:25,498] INFO: [!] Capítulo 152 já existente em 'Solo Leveling'.
[2025-10-08 13:48:25,498] INFO: [!] Capítulo 153 já existente em 'Solo Leveling'.
[2025-10-08 13:48:25,498] INFO: [!] Capítulo 154 já existente em 'Solo Leveling'.
[2025-10-08 13:48:25,499] INFO: [!] Capítulo 155 já existente em 'Solo Leveling'.
[2025-10-08 13:48:25,499] INFO: [!] Capítulo 156 já existente em 'Solo Leveling'.
[2025-10-08 13:48:25,499] INFO: [!] Capítulo 157 já existente em 'Solo Leveling'.
[2025-10-08 13:48:25,499] INFO: [!] Capítulo 158 já existente em 'Solo Leveling'.
[2025-10-08 13:48:25,499] INFO: [!] Capítulo 159 já existente em 'Solo Leveling'.
[2025-10-08 13:48:25,499] INFO: [!] Capítulo 160 já existente em 'Solo Leveling'.
[2025-10-08 13:48:25,499] INFO: [!] Capítulo 161 já existente em 'Solo Leveling'.
[2025-10-08 13:48:25,499] INFO: [!] Capítulo 162 já existente em 'Solo Leveling'.
[2025-10-08 13:48:25,499] INFO: [!] Capítulo 163 já existente em 'Solo Leveling'.
[2025-10-08 13:48:25,499] INFO: [!] Capítulo 164 já existente em 'Solo Leveling'.
[2025-10-08 13:48:25,499] INFO: [!] Capítulo 165 já existente em 'Solo Leveling'.
[2025-10-08 13:48:25,499] INFO: [!] Capítulo 166 já existente em 'Solo Leveling'.
[2025-10-08 13:48:25,499] INFO: [!] Capítulo 167 já existente em 'Solo Leveling'.
[2025-10-08 13:48:25,499] INFO: [!] Capítulo 168 já existente em 'Solo Leveling'.
[2025-10-08 13:48:25,499] INFO: [!] Capítulo 169 já existente em 'Solo Leveling'.
[2025-10-08 13:48:25,499] INFO: [!] Capítulo 170 já existente em 'Solo Leveling'.
[2025-10-08 13:48:25,499] INFO: [!] Capítulo 171 já existente em 'Solo Leveling'.
[2025-10-08 13:48:25,499] INFO: [!] Capítulo 172 já existente em 'Solo Leveling'.
[2025-10-08 13:48:25,500] INFO: [!] Capítulo 173 já existente em 'Solo Leveling'.
[2025-10-08 13:48:25,500] INFO: [!] Capítulo 174 já existente em 'Solo Leveling'.
[2025-10-08 13:48:25,500] INFO: [!] Capítulo 175 já existente em 'Solo Leveling'.
[2025-10-08 13:48:25,500] INFO: [!] Capítulo 176 já existente em 'Solo Leveling'.
[2025-10-08 13:48:25,500] INFO: [!] Capítulo 177 já existente em 'Solo Leveling'.
[2025-10-08 13:48:25,500] INFO: [!] Capítulo 178 já existente em 'Solo Leveling'.
[2025-10-08 13:48:25,500] INFO: [!] Capítulo 179 já existente em 'Solo Leveling'.
[2025-10-08 13:48:25,500] INFO: [!] Capítulo 180 já existente em 'Solo Leveling'.
[2025-10-08 13:48:25,500] INFO: [!] Capítulo 181 já existente em 'Solo Leveling'.
[2025-10-08 13:48:25,500] INFO: [!] Capítulo 182 já existente em 'Solo Leveling'.
[2025-10-08 13:48:25,500] INFO: [!] Capítulo 183 já existente em 'Solo Leveling'.
[2025-10-08 13:48:25,500] INFO: [!] Capítulo 184 já existente em 'Solo Leveling'.
[2025-10-08 13:48:25,500] INFO: [!] Capítulo 185 já existente em 'Solo Leveling'.
[2025-10-08 13:48:25,500] INFO: [!] Capítulo 186 já existente em 'Solo Leveling'.
[2025-10-08 13:48:25,500] INFO: [!] Capítulo 187 já existente em 'Solo Leveling'.
[2025-10-08 13:48:25,500] INFO: [!] Capítulo 188 já existente em 'Solo Leveling'.
[2025-10-08 13:48:25,500] INFO: [!] Capítulo 189 já existente em 'Solo Leveling'.
[2025-10-08 13:48:25,500] INFO: [!] Capítulo 190 já existente em 'Solo Leveling'.
[2025-10-08 13:48:25,501] INFO: [!] Capítulo 191 já existente em 'Solo Leveling'.
[2025-10-08 13:48:25,501] INFO: [!] Capítulo 192 já existente em 'Solo Leveling'.
[2025-10-08 13:48:25,501] INFO: [!] Capítulo 193 já existente em 'Solo Leveling'.
[2025-10-08 13:48:25,501] INFO: [!] Capítulo 194 já existente em 'Solo Leveling'.
[2025-10-08 13:48:25,501] INFO: [!] Capítulo 195 já existente em 'Solo Leveling'.
[2025-10-08 13:48:25,501] INFO: [!] Capítulo 196 já existente em 'Solo Leveling'.
[2025-10-08 13:48:25,501] INFO: [!] Capítulo 197 já existente em 'Solo Leveling'.
[2025-10-08 13:48:25,501] INFO: [!] Capítulo 198 já existente em 'Solo Leveling'.
[2025-10-08 13:48:25,501] INFO: [!] Capítulo 199 já existente em 'Solo Leveling'.
[2025-10-08 13:48:25,501] INFO: [!] Capítulo 200 já existente em 'Solo Leveling'.
[2025-10-08 13:48:25,522] INFO: [*] Buscando capítulos pela url: https://mangaonline.blog/manga/sono-bisque-doll-wa-koi-wo-suru/
[2025-10-08 13:48:27,199] INFO: [*] Capítulos encontrados: 34
[2025-10-08 13:48:27,202] INFO: [*] Total de capítulos extraídos: 34
[2025-10-08 13:48:27,202] INFO: [!] Capítulo 1 já existente em 'Sono Bisque Doll wa Koi wo Suru'.
[2025-10-08 13:48:27,202] INFO: [!] Capítulo 2 já existente em 'Sono Bisque Doll wa Koi wo Suru'.
[2025-10-08 13:48:27,202] INFO: [!] Capítulo 3 já existente em 'Sono Bisque Doll wa Koi wo Suru'.
[2025-10-08 13:48:27,202] INFO: [!] Capítulo 4 já existente em 'Sono Bisque Doll wa Koi wo Suru'.
[2025-10-08 13:48:27,202] INFO: [!] Capítulo 5 já existente em 'Sono Bisque Doll wa Koi wo Suru'.
[2025-10-08 13:48:27,202] INFO: [!] Capítulo 6 já existente em 'Sono Bisque Doll wa Koi wo Suru'.
[2025-10-08 13:48:27,202] INFO: [!] Capítulo 7 já existente em 'Sono Bisque Doll wa Koi wo Suru'.
[2025-10-08 13:48:27,202] INFO: [!] Capítulo 8 já existente em 'Sono Bisque Doll wa Koi wo Suru'.
[2025-10-08 13:48:27,202] INFO: [!] Capítulo 9 já existente em 'Sono Bisque Doll wa Koi wo Suru'.
[2025-10-08 13:48:27,203] INFO: [!] Capítulo 10 já existente em 'Sono Bisque Doll wa Koi wo Suru'.
[2025-10-08 13:48:27,203] INFO: [!] Capítulo 11 já existente em 'Sono Bisque Doll wa Koi wo Suru'.
[2025-10-08 13:48:27,203] INFO: [!] Capítulo 12 já existente em 'Sono Bisque Doll wa Koi wo Suru'.
[2025-10-08 13:48:27,203] INFO: [!] Capítulo 13 já existente em 'Sono Bisque Doll wa Koi wo Suru'.
[2025-10-08 13:48:27,203] INFO: [!] Capítulo 14 já existente em 'Sono Bisque Doll wa Koi wo Suru'.
[2025-10-08 13:48:27,203] INFO: [!] Capítulo 15 já existente em 'Sono Bisque Doll wa Koi wo Suru'.
[2025-10-08 13:48:27,203] INFO: [!] Capítulo 16 já existente em 'Sono Bisque Doll wa Koi wo Suru'.
[2025-10-08 13:48:27,203] INFO: [!] Capítulo 17 já existente em 'Sono Bisque Doll wa Koi wo Suru'.
[2025-10-08 13:48:27,203] INFO: [!] Capítulo 18 já existente em 'Sono Bisque Doll wa Koi wo Suru'.
[2025-10-08 13:48:27,203] INFO: [!] Capítulo 19 já existente em 'Sono Bisque Doll wa Koi wo Suru'.
[2025-10-08 13:48:27,203] INFO: [!] Capítulo 20 já existente em 'Sono Bisque Doll wa Koi wo Suru'.
[2025-10-08 13:48:27,203] INFO: [!] Capítulo 100 já existente em 'Sono Bisque Doll wa Koi wo Suru'.
[2025-10-08 13:48:27,203] INFO: [!] Capítulo 101 já existente em 'Sono Bisque Doll wa Koi wo Suru'.
[2025-10-08 13:48:27,203] INFO: [!] Capítulo 102 já existente em 'Sono Bisque Doll wa Koi wo Suru'.
[2025-10-08 13:48:27,203] INFO: [!] Capítulo 103 já existente em 'Sono Bisque Doll wa Koi wo Suru'.
[2025-10-08 13:48:27,203] INFO: [!] Capítulo 104 já existente em 'Sono Bisque Doll wa Koi wo Suru'.
[2025-10-08 13:48:27,203] INFO: [!] Capítulo 105 já existente em 'Sono Bisque Doll wa Koi wo Suru'.
[2025-10-08 13:48:27,203] INFO: [!] Capítulo 106 já existente em 'Sono Bisque Doll wa Koi wo Suru'.
[2025-10-08 13:48:27,203] INFO: [!] Capítulo 107 já existente em 'Sono Bisque Doll wa Koi wo Suru'.
[2025-10-08 13:48:27,204] INFO: [!] Capítulo 108 já existente em 'Sono Bisque Doll wa Koi wo Suru'.
[2025-10-08 13:48:27,204] INFO: [!] Capítulo 109 já existente em 'Sono Bisque Doll wa Koi wo Suru'.
[2025-10-08 13:48:27,204] INFO: [!] Capítulo 110 já existente em 'Sono Bisque Doll wa Koi wo Suru'.
[2025-10-08 13:48:27,204] INFO: [!] Capítulo 111 já existente em 'Sono Bisque Doll wa Koi wo Suru'.
[2025-10-08 13:48:27,204] INFO: [!] Capítulo 112 já existente em 'Sono Bisque Doll wa Koi wo Suru'.
[2025-10-08 13:48:27,204] INFO: [!] Capítulo 113 já existente em 'Sono Bisque Doll wa Koi wo Suru'.
[2025-10-08 13:48:27,234] INFO: [*] Buscando capítulos pela url: https://mangaonline.blog/manga/jujutsu-kaisen-manga-pt-br/
[2025-10-08 13:48:29,414] INFO: [*] Capítulos encontrados: 273
[2025-10-08 13:48:29,427] INFO: [*] Total de capítulos extraídos: 273
[2025-10-08 13:48:29,427] INFO: [!] Capítulo 1 já existente em 'Jujutsu Kaisen Mangá'.
[2025-10-08 13:48:29,427] INFO: [!] Capítulo 2 já existente em 'Jujutsu Kaisen Mangá'.
[2025-10-08 13:48:29,427] INFO: [!] Capítulo 3 já existente em 'Jujutsu Kaisen Mangá'.
[2025-10-08 13:48:29,427] INFO: [!] Capítulo 4 já existente em 'Jujutsu Kaisen Mangá'.
[2025-10-08 13:48:29,428] INFO: [!] Capítulo 5 já existente em 'Jujutsu Kaisen Mangá'.
[2025-10-08 13:48:29,428] INFO: [!] Capítulo 6 já existente em 'Jujutsu Kaisen Mangá'.
[2025-10-08 13:48:29,428] INFO: [!] Capítulo 7 já existente em 'Jujutsu Kaisen Mangá'.
[2025-10-08 13:48:29,428] INFO: [!] Capítulo 8 já existente em 'Jujutsu Kaisen Mangá'.
[2025-10-08 13:48:29,428] INFO: [!] Capítulo 9 já existente em 'Jujutsu Kaisen Mangá'.
[2025-10-08 13:48:29,428] INFO: [!] Capítulo 10 já existente em 'Jujutsu Kaisen Mangá'.
[2025-10-08 13:48:29,428] INFO: [!] Capítulo 11 já existente em 'Jujutsu Kaisen Mangá'.
[2025-10-08 13:48:29,428] INFO: [!] Capítulo 12 já existente em 'Jujutsu Kaisen Mangá'.
[2025-10-08 13:48:29,428] INFO: [!] Capítulo 13 já existente em 'Jujutsu Kaisen Mangá'.
[2025-10-08 13:48:29,428] INFO: [!] Capítulo 14 já existente em 'Jujutsu Kaisen Mangá'.
[2025-10-08 13:48:29,428] INFO: [!] Capítulo 15 já existente em 'Jujutsu Kaisen Mangá'.
[2025-10-08 13:48:29,428] INFO: [!] Capítulo 16 já existente em 'Jujutsu Kaisen Mangá'.
[2025-10-08 13:48:29,428] INFO: [!] Capítulo 17 já existente em 'Jujutsu Kaisen Mangá'.
[2025-10-08 13:48:29,428] INFO: [!] Capítulo 18 já existente em 'Jujutsu Kaisen Mangá'.
[2025-10-08 13:48:29,428] INFO: [!] Capítulo 19 já existente em 'Jujutsu Kaisen Mangá'.
[2025-10-08 13:48:29,428] INFO: [!] Capítulo 20 já existente em 'Jujutsu Kaisen Mangá'.
[2025-10-08 13:48:29,428] INFO: [!] Capítulo 21 já existente em 'Jujutsu Kaisen Mangá'.
[2025-10-08 13:48:29,428] INFO: [!] Capítulo 22 já existente em 'Jujutsu Kaisen Mangá'.
[2025-10-08 13:48:29,428] INFO: [!] Capítulo 23 já existente em 'Jujutsu Kaisen Mangá'.
[2025-10-08 13:48:29,429] INFO: [!] Capítulo 24 já existente em 'Jujutsu Kaisen Mangá'.
[2025-10-08 13:48:29,429] INFO: [!] Capítulo 25 já existente em 'Jujutsu Kaisen Mangá'.
[2025-10-08 13:48:29,429] INFO: [!] Capítulo 26 já existente em 'Jujutsu Kaisen Mangá'.
[2025-10-08 13:48:29,429] INFO: [!] Capítulo 27 já existente em 'Jujutsu Kaisen Mangá'.
[2025-10-08 13:48:29,429] INFO: [!] Capítulo 28 já existente em 'Jujutsu Kaisen Mangá'.
[2025-10-08 13:48:29,429] INFO: [!] Capítulo 29 já existente em 'Jujutsu Kaisen Mangá'.
[2025-10-08 13:48:29,429] INFO: [!] Capítulo 30 já existente em 'Jujutsu Kaisen Mangá'.
[2025-10-08 13:48:29,429] INFO: [!] Capítulo 31 já existente em 'Jujutsu Kaisen Mangá'.
[2025-10-08 13:48:29,429] INFO: [!] Capítulo 32 já existente em 'Jujutsu Kaisen Mangá'.
[2025-10-08 13:48:29,429] INFO: [!] Capítulo 33 já existente em 'Jujutsu Kaisen Mangá'.
[2025-10-08 13:48:29,429] INFO: [!] Capítulo 34 já existente em 'Jujutsu Kaisen Mangá'.
[2025-10-08 13:48:29,429] INFO: [!] Capítulo 35 já existente em 'Jujutsu Kaisen Mangá'.
[2025-10-08 13:48:29,429] INFO: [!] Capítulo 36 já existente em 'Jujutsu Kaisen Mangá'.
[2025-10-08 13:48:29,429] INFO: [!] Capítulo 37 já existente em 'Jujutsu Kaisen Mangá'.
[2025-10-08 13:48:29,429] INFO: [!] Capítulo 38 já existente em 'Jujutsu Kaisen Mangá'.
[2025-10-08 13:48:29,429] INFO: [!] Capítulo 39 já existente em 'Jujutsu Kaisen Mangá'.
[2025-10-08 13:48:29,429] INFO: [!] Capítulo 40 já existente em 'Jujutsu Kaisen Mangá'.
[2025-10-08 13:48:29,429] INFO: [!] Capítulo 41 já existente em 'Jujutsu Kaisen Mangá'.
[2025-10-08 13:48:29,429] INFO: [!] Capítulo 42 já existente em 'Jujutsu Kaisen Mangá'.
[2025-10-08 13:48:29,430] INFO: [!] Capítulo 43 já existente em 'Jujutsu Kaisen Mangá'.
[2025-10-08 13:48:29,430] INFO: [!] Capítulo 44 já existente em 'Jujutsu Kaisen Mangá'.
[2025-10-08 13:48:29,430] INFO: [!] Capítulo 45 já existente em 'Jujutsu Kaisen Mangá'.
[2025-10-08 13:48:29,430] INFO: [!] Capítulo 46 já existente em 'Jujutsu Kaisen Mangá'.
[2025-10-08 13:48:29,430] INFO: [!] Capítulo 47 já existente em 'Jujutsu Kaisen Mangá'.
[2025-10-08 13:48:29,430] INFO: [!] Capítulo 48 já existente em 'Jujutsu Kaisen Mangá'.
[2025-10-08 13:48:29,430] INFO: [!] Capítulo 49 já existente em 'Jujutsu Kaisen Mangá'.
[2025-10-08 13:48:29,430] INFO: [!] Capítulo 50 já existente em 'Jujutsu Kaisen Mangá'.
[2025-10-08 13:48:29,430] INFO: [!] Capítulo 51 já existente em 'Jujutsu Kaisen Mangá'.
[2025-10-08 13:48:29,430] INFO: [!] Capítulo 52 já existente em 'Jujutsu Kaisen Mangá'.
[2025-10-08 13:48:29,430] INFO: [!] Capítulo 53 já existente em 'Jujutsu Kaisen Mangá'.
[2025-10-08 13:48:29,430] INFO: [!] Capítulo 54 já existente em 'Jujutsu Kaisen Mangá'.
[2025-10-08 13:48:29,430] INFO: [!] Capítulo 55 já existente em 'Jujutsu Kaisen Mangá'.
[2025-10-08 13:48:29,430] INFO: [!] Capítulo 56 já existente em 'Jujutsu Kaisen Mangá'.
[2025-10-08 13:48:29,430] INFO: [!] Capítulo 57 já existente em 'Jujutsu Kaisen Mangá'.
[2025-10-08 13:48:29,430] INFO: [!] Capítulo 59 já existente em 'Jujutsu Kaisen Mangá'.
[2025-10-08 13:48:29,430] INFO: [!] Capítulo 60 já existente em 'Jujutsu Kaisen Mangá'.
[2025-10-08 13:48:29,430] INFO: [!] Capítulo 61 já existente em 'Jujutsu Kaisen Mangá'.
[2025-10-08 13:48:29,430] INFO: [!] Capítulo 62 já existente em 'Jujutsu Kaisen Mangá'.
[2025-10-08 13:48:29,430] INFO: [!] Capítulo 63 já existente em 'Jujutsu Kaisen Mangá'.
[2025-10-08 13:48:29,431] INFO: [!] Capítulo 64 já existente em 'Jujutsu Kaisen Mangá'.
[2025-10-08 13:48:29,431] INFO: [!] Capítulo 65 já existente em 'Jujutsu Kaisen Mangá'.
[2025-10-08 13:48:29,431] INFO: [!] Capítulo 66 já existente em 'Jujutsu Kaisen Mangá'.
[2025-10-08 13:48:29,431] INFO: [!] Capítulo 67 já existente em 'Jujutsu Kaisen Mangá'.
[2025-10-08 13:48:29,431] INFO: [!] Capítulo 68 já existente em 'Jujutsu Kaisen Mangá'.
[2025-10-08 13:48:29,431] INFO: [!] Capítulo 69 já existente em 'Jujutsu Kaisen Mangá'.
[2025-10-08 13:48:29,431] INFO: [!] Capítulo 70 já existente em 'Jujutsu Kaisen Mangá'.
[2025-10-08 13:48:29,431] INFO: [!] Capítulo 71 já existente em 'Jujutsu Kaisen Mangá'.
[2025-10-08 13:48:29,431] INFO: [!] Capítulo 72 já existente em 'Jujutsu Kaisen Mangá'.
[2025-10-08 13:48:29,431] INFO: [!] Capítulo 73 já existente em 'Jujutsu Kaisen Mangá'.
[2025-10-08 13:48:29,431] INFO: [!] Capítulo 74 já existente em 'Jujutsu Kaisen Mangá'.
[2025-10-08 13:48:29,431] INFO: [!] Capítulo 75 já existente em 'Jujutsu Kaisen Mangá'.
[2025-10-08 13:48:29,431] INFO: [!] Capítulo 76 já existente em 'Jujutsu Kaisen Mangá'.
[2025-10-08 13:48:29,431] INFO: [!] Capítulo 77 já existente em 'Jujutsu Kaisen Mangá'.
[2025-10-08 13:48:29,431] INFO: [!] Capítulo 78 já existente em 'Jujutsu Kaisen Mangá'.
[2025-10-08 13:48:29,431] INFO: [!] Capítulo 79 já existente em 'Jujutsu Kaisen Mangá'.
[2025-10-08 13:48:29,431] INFO: [!] Capítulo 80 já existente em 'Jujutsu Kaisen Mangá'.
[2025-10-08 13:48:29,431] INFO: [!] Capítulo 81 já existente em 'Jujutsu Kaisen Mangá'.
[2025-10-08 13:48:29,431] INFO: [!] Capítulo 82 já existente em 'Jujutsu Kaisen Mangá'.
[2025-10-08 13:48:29,431] INFO: [!] Capítulo 83 já existente em 'Jujutsu Kaisen Mangá'.
[2025-10-08 13:48:29,431] INFO: [!] Capítulo 84 já existente em 'Jujutsu Kaisen Mangá'.
[2025-10-08 13:48:29,432] INFO: [!] Capítulo 85 já existente em 'Jujutsu Kaisen Mangá'.
[2025-10-08 13:48:29,432] INFO: [!] Capítulo 86 já existente em 'Jujutsu Kaisen Mangá'.
[2025-10-08 13:48:29,432] INFO: [!] Capítulo 87 já existente em 'Jujutsu Kaisen Mangá'.
[2025-10-08 13:48:29,432] INFO: [!] Capítulo 88 já existente em 'Jujutsu Kaisen Mangá'.
[2025-10-08 13:48:29,432] INFO: [!] Capítulo 89 já existente em 'Jujutsu Kaisen Mangá'.
[2025-10-08 13:48:29,432] INFO: [!] Capítulo 90 já existente em 'Jujutsu Kaisen Mangá'.
[2025-10-08 13:48:29,432] INFO: [!] Capítulo 91 já existente em 'Jujutsu Kaisen Mangá'.
[2025-10-08 13:48:29,432] INFO: [!] Capítulo 92 já existente em 'Jujutsu Kaisen Mangá'.
[2025-10-08 13:48:29,432] INFO: [!] Capítulo 93 já existente em 'Jujutsu Kaisen Mangá'.
[2025-10-08 13:48:29,432] INFO: [!] Capítulo 94 já existente em 'Jujutsu Kaisen Mangá'.
[2025-10-08 13:48:29,432] INFO: [!] Capítulo 95 já existente em 'Jujutsu Kaisen Mangá'.
[2025-10-08 13:48:29,432] INFO: [!] Capítulo 96 já existente em 'Jujutsu Kaisen Mangá'.
[2025-10-08 13:48:29,432] INFO: [!] Capítulo 97 já existente em 'Jujutsu Kaisen Mangá'.
[2025-10-08 13:48:29,432] INFO: [!] Capítulo 98 já existente em 'Jujutsu Kaisen Mangá'.
[2025-10-08 13:48:29,432] INFO: [!] Capítulo 99 já existente em 'Jujutsu Kaisen Mangá'.
[2025-10-08 13:48:29,432] INFO: [!] Capítulo 100 já existente em 'Jujutsu Kaisen Mangá'.
[2025-10-08 13:48:29,432] INFO: [!] Capítulo 101 já existente em 'Jujutsu Kaisen Mangá'.
[2025-10-08 13:48:29,432] INFO: [!] Capítulo 102 já existente em 'Jujutsu Kaisen Mangá'.
[2025-10-08 13:48:29,432] INFO: [!] Capítulo 103 já existente em 'Jujutsu Kaisen Mangá'.
[2025-10-08 13:48:29,433] INFO: [!] Capítulo 104 já existente em 'Jujutsu Kaisen Mangá'.
[2025-10-08 13:48:29,433] INFO: [!] Capítulo 105 já existente em 'Jujutsu Kaisen Mangá'.
[2025-10-08 13:48:29,433] INFO: [!] Capítulo 106 já existente em 'Jujutsu Kaisen Mangá'.
[2025-10-08 13:48:29,433] INFO: [!] Capítulo 107 já existente em 'Jujutsu Kaisen Mangá'.
[2025-10-08 13:48:29,433] INFO: [!] Capítulo 108 já existente em 'Jujutsu Kaisen Mangá'.
[2025-10-08 13:48:29,433] INFO: [!] Capítulo 109 já existente em 'Jujutsu Kaisen Mangá'.
[2025-10-08 13:48:29,433] INFO: [!] Capítulo 110 já existente em 'Jujutsu Kaisen Mangá'.
[2025-10-08 13:48:29,433] INFO: [!] Capítulo 111 já existente em 'Jujutsu Kaisen Mangá'.
[2025-10-08 13:48:29,433] INFO: [!] Capítulo 112 já existente em 'Jujutsu Kaisen Mangá'.
[2025-10-08 13:48:29,433] INFO: [!] Capítulo 113 já existente em 'Jujutsu Kaisen Mangá'.
[2025-10-08 13:48:29,433] INFO: [!] Capítulo 114 já existente em 'Jujutsu Kaisen Mangá'.
[2025-10-08 13:48:29,433] INFO: [!] Capítulo 115 já existente em 'Jujutsu Kaisen Mangá'.
[2025-10-08 13:48:29,433] INFO: [!] Capítulo 116 já existente em 'Jujutsu Kaisen Mangá'.
[2025-10-08 13:48:29,433] INFO: [!] Capítulo 117 já existente em 'Jujutsu Kaisen Mangá'.
[2025-10-08 13:48:29,433] INFO: [!] Capítulo 118 já existente em 'Jujutsu Kaisen Mangá'.
[2025-10-08 13:48:29,433] INFO: [!] Capítulo 119 já existente em 'Jujutsu Kaisen Mangá'.
[2025-10-08 13:48:29,433] INFO: [!] Capítulo 120 já existente em 'Jujutsu Kaisen Mangá'.
[2025-10-08 13:48:29,433] INFO: [!] Capítulo 121 já existente em 'Jujutsu Kaisen Mangá'.
[2025-10-08 13:48:29,433] INFO: [!] Capítulo 122 já existente em 'Jujutsu Kaisen Mangá'.
[2025-10-08 13:48:29,433] INFO: [!] Capítulo 123 já existente em 'Jujutsu Kaisen Mangá'.
[2025-10-08 13:48:29,434] INFO: [!] Capítulo 124 já existente em 'Jujutsu Kaisen Mangá'.
[2025-10-08 13:48:29,434] INFO: [!] Capítulo 125 já existente em 'Jujutsu Kaisen Mangá'.
[2025-10-08 13:48:29,434] INFO: [!] Capítulo 126 já existente em 'Jujutsu Kaisen Mangá'.
[2025-10-08 13:48:29,434] INFO: [!] Capítulo 127 já existente em 'Jujutsu Kaisen Mangá'.
[2025-10-08 13:48:29,434] INFO: [!] Capítulo 128 já existente em 'Jujutsu Kaisen Mangá'.
[2025-10-08 13:48:29,434] INFO: [!] Capítulo 129 já existente em 'Jujutsu Kaisen Mangá'.
[2025-10-08 13:48:29,434] INFO: [!] Capítulo 130 já existente em 'Jujutsu Kaisen Mangá'.
[2025-10-08 13:48:29,434] INFO: [!] Capítulo 131 já existente em 'Jujutsu Kaisen Mangá'.
[2025-10-08 13:48:29,434] INFO: [!] Capítulo 132 já existente em 'Jujutsu Kaisen Mangá'.
[2025-10-08 13:48:29,434] INFO: [!] Capítulo 133 já existente em 'Jujutsu Kaisen Mangá'.
[2025-10-08 13:48:29,434] INFO: [!] Capítulo 134 já existente em 'Jujutsu Kaisen Mangá'.
[2025-10-08 13:48:29,434] INFO: [!] Capítulo 135 já existente em 'Jujutsu Kaisen Mangá'.
[2025-10-08 13:48:29,434] INFO: [!] Capítulo 136 já existente em 'Jujutsu Kaisen Mangá'.
[2025-10-08 13:48:29,434] INFO: [!] Capítulo 137 já existente em 'Jujutsu Kaisen Mangá'.
[2025-10-08 13:48:29,434] INFO: [!] Capítulo 138 já existente em 'Jujutsu Kaisen Mangá'.
[2025-10-08 13:48:29,434] INFO: [!] Capítulo 139 já existente em 'Jujutsu Kaisen Mangá'.
[2025-10-08 13:48:29,434] INFO: [!] Capítulo 140 já existente em 'Jujutsu Kaisen Mangá'.
[2025-10-08 13:48:29,434] INFO: [!] Capítulo 141 já existente em 'Jujutsu Kaisen Mangá'.
[2025-10-08 13:48:29,434] INFO: [!] Capítulo 142 já existente em 'Jujutsu Kaisen Mangá'.
[2025-10-08 13:48:29,435] INFO: [!] Capítulo 143 já existente em 'Jujutsu Kaisen Mangá'.
[2025-10-08 13:48:29,435] INFO: [!] Capítulo 144 já existente em 'Jujutsu Kaisen Mangá'.
[2025-10-08 13:48:29,435] INFO: [!] Capítulo 145 já existente em 'Jujutsu Kaisen Mangá'.
[2025-10-08 13:48:29,435] INFO: [!] Capítulo 146 já existente em 'Jujutsu Kaisen Mangá'.
[2025-10-08 13:48:29,435] INFO: [!] Capítulo 147 já existente em 'Jujutsu Kaisen Mangá'.
[2025-10-08 13:48:29,435] INFO: [!] Capítulo 148 já existente em 'Jujutsu Kaisen Mangá'.
[2025-10-08 13:48:29,435] INFO: [!] Capítulo 149 já existente em 'Jujutsu Kaisen Mangá'.
[2025-10-08 13:48:29,435] INFO: [!] Capítulo 150 já existente em 'Jujutsu Kaisen Mangá'.
[2025-10-08 13:48:29,435] INFO: [!] Capítulo 151 já existente em 'Jujutsu Kaisen Mangá'.
[2025-10-08 13:48:29,435] INFO: [!] Capítulo 152 já existente em 'Jujutsu Kaisen Mangá'.
[2025-10-08 13:48:29,435] INFO: [!] Capítulo 153 já existente em 'Jujutsu Kaisen Mangá'.
[2025-10-08 13:48:29,435] INFO: [!] Capítulo 154 já existente em 'Jujutsu Kaisen Mangá'.
[2025-10-08 13:48:29,435] INFO: [!] Capítulo 155 já existente em 'Jujutsu Kaisen Mangá'.
[2025-10-08 13:48:29,435] INFO: [!] Capítulo 156 já existente em 'Jujutsu Kaisen Mangá'.
[2025-10-08 13:48:29,435] INFO: [!] Capítulo 157 já existente em 'Jujutsu Kaisen Mangá'.
[2025-10-08 13:48:29,435] INFO: [!] Capítulo 158 já existente em 'Jujutsu Kaisen Mangá'.
[2025-10-08 13:48:29,435] INFO: [!] Capítulo 159 já existente em 'Jujutsu Kaisen Mangá'.
[2025-10-08 13:48:29,435] INFO: [!] Capítulo 160 já existente em 'Jujutsu Kaisen Mangá'.
[2025-10-08 13:48:29,435] INFO: [!] Capítulo 161 já existente em 'Jujutsu Kaisen Mangá'.
[2025-10-08 13:48:29,435] INFO: [!] Capítulo 162 já existente em 'Jujutsu Kaisen Mangá'.
[2025-10-08 13:48:29,435] INFO: [!] Capítulo 163 já existente em 'Jujutsu Kaisen Mangá'.
[2025-10-08 13:48:29,436] INFO: [!] Capítulo 164 já existente em 'Jujutsu Kaisen Mangá'.
[2025-10-08 13:48:29,436] INFO: [!] Capítulo 165 já existente em 'Jujutsu Kaisen Mangá'.
[2025-10-08 13:48:29,436] INFO: [!] Capítulo 166 já existente em 'Jujutsu Kaisen Mangá'.
[2025-10-08 13:48:29,436] INFO: [!] Capítulo 167 já existente em 'Jujutsu Kaisen Mangá'.
[2025-10-08 13:48:29,436] INFO: [!] Capítulo 168 já existente em 'Jujutsu Kaisen Mangá'.
[2025-10-08 13:48:29,436] INFO: [!] Capítulo 169 já existente em 'Jujutsu Kaisen Mangá'.
[2025-10-08 13:48:29,436] INFO: [!] Capítulo 170 já existente em 'Jujutsu Kaisen Mangá'.
[2025-10-08 13:48:29,436] INFO: [!] Capítulo 171 já existente em 'Jujutsu Kaisen Mangá'.
[2025-10-08 13:48:29,436] INFO: [!] Capítulo 172 já existente em 'Jujutsu Kaisen Mangá'.
[2025-10-08 13:48:29,436] INFO: [!] Capítulo 173 já existente em 'Jujutsu Kaisen Mangá'.
[2025-10-08 13:48:29,436] INFO: [!] Capítulo 174 já existente em 'Jujutsu Kaisen Mangá'.
[2025-10-08 13:48:29,436] INFO: [!] Capítulo 175 já existente em 'Jujutsu Kaisen Mangá'.
[2025-10-08 13:48:29,436] INFO: [!] Capítulo 176 já existente em 'Jujutsu Kaisen Mangá'.
[2025-10-08 13:48:29,436] INFO: [!] Capítulo 177 já existente em 'Jujutsu Kaisen Mangá'.
[2025-10-08 13:48:29,436] INFO: [!] Capítulo 178 já existente em 'Jujutsu Kaisen Mangá'.
[2025-10-08 13:48:29,436] INFO: [!] Capítulo 179 já existente em 'Jujutsu Kaisen Mangá'.
[2025-10-08 13:48:29,436] INFO: [!] Capítulo 180 já existente em 'Jujutsu Kaisen Mangá'.
[2025-10-08 13:48:29,436] INFO: [!] Capítulo 181 já existente em 'Jujutsu Kaisen Mangá'.
[2025-10-08 13:48:29,436] INFO: [!] Capítulo 182 já existente em 'Jujutsu Kaisen Mangá'.
[2025-10-08 13:48:29,437] INFO: [!] Capítulo 183 já existente em 'Jujutsu Kaisen Mangá'.
[2025-10-08 13:48:29,437] INFO: [!] Capítulo 184 já existente em 'Jujutsu Kaisen Mangá'.
[2025-10-08 13:48:29,437] INFO: [!] Capítulo 185 já existente em 'Jujutsu Kaisen Mangá'.
[2025-10-08 13:48:29,437] INFO: [!] Capítulo 186 já existente em 'Jujutsu Kaisen Mangá'.
[2025-10-08 13:48:29,437] INFO: [!] Capítulo 187 já existente em 'Jujutsu Kaisen Mangá'.
[2025-10-08 13:48:29,437] INFO: [!] Capítulo 188 já existente em 'Jujutsu Kaisen Mangá'.
[2025-10-08 13:48:29,437] INFO: [!] Capítulo 189 já existente em 'Jujutsu Kaisen Mangá'.
[2025-10-08 13:48:29,437] INFO: [!] Capítulo 190 já existente em 'Jujutsu Kaisen Mangá'.
[2025-10-08 13:48:29,437] INFO: [!] Capítulo 191 já existente em 'Jujutsu Kaisen Mangá'.
[2025-10-08 13:48:29,437] INFO: [!] Capítulo 192 já existente em 'Jujutsu Kaisen Mangá'.
[2025-10-08 13:48:29,437] INFO: [!] Capítulo 193 já existente em 'Jujutsu Kaisen Mangá'.
[2025-10-08 13:48:29,437] INFO: [!] Capítulo 194 já existente em 'Jujutsu Kaisen Mangá'.
[2025-10-08 13:48:29,437] INFO: [!] Capítulo 195 já existente em 'Jujutsu Kaisen Mangá'.
[2025-10-08 13:48:29,437] INFO: [!] Capítulo 196 já existente em 'Jujutsu Kaisen Mangá'.
[2025-10-08 13:48:29,437] INFO: [!] Capítulo 197 já existente em 'Jujutsu Kaisen Mangá'.
[2025-10-08 13:48:29,437] INFO: [!] Capítulo 198 já existente em 'Jujutsu Kaisen Mangá'.
[2025-10-08 13:48:29,437] INFO: [!] Capítulo 199 já existente em 'Jujutsu Kaisen Mangá'.
[2025-10-08 13:48:29,437] INFO: [!] Capítulo 200 já existente em 'Jujutsu Kaisen Mangá'.
[2025-10-08 13:48:29,437] INFO: [!] Capítulo 201 já existente em 'Jujutsu Kaisen Mangá'.
[2025-10-08 13:48:29,437] INFO: [!] Capítulo 202 já existente em 'Jujutsu Kaisen Mangá'.
[2025-10-08 13:48:29,438] INFO: [!] Capítulo 203 já existente em 'Jujutsu Kaisen Mangá'.
[2025-10-08 13:48:29,438] INFO: [!] Capítulo 204 já existente em 'Jujutsu Kaisen Mangá'.
[2025-10-08 13:48:29,438] INFO: [!] Capítulo 205 já existente em 'Jujutsu Kaisen Mangá'.
[2025-10-08 13:48:29,438] INFO: [!] Capítulo 206 já existente em 'Jujutsu Kaisen Mangá'.
[2025-10-08 13:48:29,438] INFO: [!] Capítulo 207 já existente em 'Jujutsu Kaisen Mangá'.
[2025-10-08 13:48:29,438] INFO: [!] Capítulo 208 já existente em 'Jujutsu Kaisen Mangá'.
[2025-10-08 13:48:29,438] INFO: [!] Capítulo 209 já existente em 'Jujutsu Kaisen Mangá'.
[2025-10-08 13:48:29,438] INFO: [!] Capítulo 210 já existente em 'Jujutsu Kaisen Mangá'.
[2025-10-08 13:48:29,438] INFO: [!] Capítulo 211 já existente em 'Jujutsu Kaisen Mangá'.
[2025-10-08 13:48:29,438] INFO: [!] Capítulo 212 já existente em 'Jujutsu Kaisen Mangá'.
[2025-10-08 13:48:29,438] INFO: [!] Capítulo 213 já existente em 'Jujutsu Kaisen Mangá'.
[2025-10-08 13:48:29,438] INFO: [!] Capítulo 214 já existente em 'Jujutsu Kaisen Mangá'.
[2025-10-08 13:48:29,438] INFO: [!] Capítulo 215 já existente em 'Jujutsu Kaisen Mangá'.
[2025-10-08 13:48:29,438] INFO: [!] Capítulo 216 já existente em 'Jujutsu Kaisen Mangá'.
[2025-10-08 13:48:29,438] INFO: [!] Capítulo 217 já existente em 'Jujutsu Kaisen Mangá'.
[2025-10-08 13:48:29,438] INFO: [!] Capítulo 218 já existente em 'Jujutsu Kaisen Mangá'.
[2025-10-08 13:48:29,438] INFO: [!] Capítulo 219 já existente em 'Jujutsu Kaisen Mangá'.
[2025-10-08 13:48:29,438] INFO: [!] Capítulo 220 já existente em 'Jujutsu Kaisen Mangá'.
[2025-10-08 13:48:29,438] INFO: [!] Capítulo 221 já existente em 'Jujutsu Kaisen Mangá'.
[2025-10-08 13:48:29,438] INFO: [!] Capítulo 222 já existente em 'Jujutsu Kaisen Mangá'.
[2025-10-08 13:48:29,439] INFO: [!] Capítulo 223 já existente em 'Jujutsu Kaisen Mangá'.
[2025-10-08 13:48:29,439] INFO: [!] Capítulo 224 já existente em 'Jujutsu Kaisen Mangá'.
[2025-10-08 13:48:29,439] INFO: [!] Capítulo 225 já existente em 'Jujutsu Kaisen Mangá'.
[2025-10-08 13:48:29,439] INFO: [!] Capítulo 226 já existente em 'Jujutsu Kaisen Mangá'.
[2025-10-08 13:48:29,439] INFO: [!] Capítulo 227 já existente em 'Jujutsu Kaisen Mangá'.
[2025-10-08 13:48:29,439] INFO: [!] Capítulo 228 já existente em 'Jujutsu Kaisen Mangá'.
[2025-10-08 13:48:29,439] INFO: [!] Capítulo 229 já existente em 'Jujutsu Kaisen Mangá'.
[2025-10-08 13:48:29,439] INFO: [!] Capítulo 230 já existente em 'Jujutsu Kaisen Mangá'.
[2025-10-08 13:48:29,439] INFO: [!] Capítulo 231 já existente em 'Jujutsu Kaisen Mangá'.
[2025-10-08 13:48:29,439] INFO: [!] Capítulo 232 já existente em 'Jujutsu Kaisen Mangá'.
[2025-10-08 13:48:29,439] INFO: [!] Capítulo 233 já existente em 'Jujutsu Kaisen Mangá'.
[2025-10-08 13:48:29,439] INFO: [!] Capítulo 234 já existente em 'Jujutsu Kaisen Mangá'.
[2025-10-08 13:48:29,439] INFO: [!] Capítulo 235 já existente em 'Jujutsu Kaisen Mangá'.
[2025-10-08 13:48:29,439] INFO: [!] Capítulo 236 já existente em 'Jujutsu Kaisen Mangá'.
[2025-10-08 13:48:29,439] INFO: [!] Capítulo 237 já existente em 'Jujutsu Kaisen Mangá'.
[2025-10-08 13:48:29,439] INFO: [!] Capítulo 238 já existente em 'Jujutsu Kaisen Mangá'.
[2025-10-08 13:48:29,439] INFO: [!] Capítulo 239 já existente em 'Jujutsu Kaisen Mangá'.
[2025-10-08 13:48:29,439] INFO: [!] Capítulo 240 já existente em 'Jujutsu Kaisen Mangá'.
[2025-10-08 13:48:29,439] INFO: [!] Capítulo 241 já existente em 'Jujutsu Kaisen Mangá'.
[2025-10-08 13:48:29,439] INFO: [!] Capítulo 242 já existente em 'Jujutsu Kaisen Mangá'.
[2025-10-08 13:48:29,440] INFO: [!] Capítulo 243 já existente em 'Jujutsu Kaisen Mangá'.
[2025-10-08 13:48:29,440] INFO: [!] Capítulo 244 já existente em 'Jujutsu Kaisen Mangá'.
[2025-10-08 13:48:29,440] INFO: [!] Capítulo 245 já existente em 'Jujutsu Kaisen Mangá'.
[2025-10-08 13:48:29,440] INFO: [!] Capítulo 246 já existente em 'Jujutsu Kaisen Mangá'.
[2025-10-08 13:48:29,440] INFO: [!] Capítulo 247 já existente em 'Jujutsu Kaisen Mangá'.
[2025-10-08 13:48:29,440] INFO: [!] Capítulo 250 já existente em 'Jujutsu Kaisen Mangá'.
[2025-10-08 13:48:29,440] INFO: [!] Capítulo 251 já existente em 'Jujutsu Kaisen Mangá'.
[2025-10-08 13:48:29,440] INFO: [!] Capítulo 252 já existente em 'Jujutsu Kaisen Mangá'.
[2025-10-08 13:48:29,440] INFO: [!] Capítulo 253 já existente em 'Jujutsu Kaisen Mangá'.
[2025-10-08 13:48:29,440] INFO: [!] Capítulo 254 já existente em 'Jujutsu Kaisen Mangá'.
[2025-10-08 13:48:29,440] INFO: [!] Capítulo 255 já existente em 'Jujutsu Kaisen Mangá'.
[2025-10-08 13:48:29,440] INFO: [!] Capítulo 256 já existente em 'Jujutsu Kaisen Mangá'.
[2025-10-08 13:48:29,440] INFO: [!] Capítulo 257 já existente em 'Jujutsu Kaisen Mangá'.
[2025-10-08 13:48:29,440] INFO: [!] Capítulo 258 já existente em 'Jujutsu Kaisen Mangá'.
[2025-10-08 13:48:29,440] INFO: [!] Capítulo 259 já existente em 'Jujutsu Kaisen Mangá'.
[2025-10-08 13:48:29,440] INFO: [!] Capítulo 260 já existente em 'Jujutsu Kaisen Mangá'.
[2025-10-08 13:48:29,440] INFO: [!] Capítulo 261 já existente em 'Jujutsu Kaisen Mangá'.
[2025-10-08 13:48:29,440] INFO: [!] Capítulo 262 já existente em 'Jujutsu Kaisen Mangá'.
[2025-10-08 13:48:29,441] INFO: [!] Capítulo 263 já existente em 'Jujutsu Kaisen Mangá'.
[2025-10-08 13:48:29,441] INFO: [!] Capítulo 264 já existente em 'Jujutsu Kaisen Mangá'.
[2025-10-08 13:48:29,441] INFO: [!] Capítulo 264 já existente em 'Jujutsu Kaisen Mangá'.
[2025-10-08 13:48:29,441] INFO: [!] Capítulo 265 já existente em 'Jujutsu Kaisen Mangá'.
[2025-10-08 13:48:29,441] INFO: [!] Capítulo 266 já existente em 'Jujutsu Kaisen Mangá'.
[2025-10-08 13:48:29,441] INFO: [!] Capítulo 267 já existente em 'Jujutsu Kaisen Mangá'.
[2025-10-08 13:48:29,441] INFO: [!] Capítulo 267 já existente em 'Jujutsu Kaisen Mangá'.
[2025-10-08 13:48:29,441] INFO: [!] Capítulo 268 já existente em 'Jujutsu Kaisen Mangá'.
[2025-10-08 13:48:29,441] INFO: [!] Capítulo 268 já existente em 'Jujutsu Kaisen Mangá'.
[2025-10-08 13:48:29,441] INFO: [!] Capítulo 269 já existente em 'Jujutsu Kaisen Mangá'.
[2025-10-08 13:48:29,441] INFO: [!] Capítulo 270 já existente em 'Jujutsu Kaisen Mangá'.
[2025-10-08 13:48:29,441] INFO: [!] Capítulo 271 já existente em 'Jujutsu Kaisen Mangá'.
[2025-10-08 13:48:29,441] INFO: [!] Capítulo 271.5 já existente em 'Jujutsu Kaisen Mangá'.
[2025-10-08 13:48:29,441] INFO: [!] Capítulo 271.6 já existente em 'Jujutsu Kaisen Mangá'.
[2025-10-08 13:48:29,606] INFO: [*] Buscando capítulos pela url: https://mangaonline.blog/manga/tower-of-god-3-season-manga/
[2025-10-08 13:48:31,299] INFO: [*] Capítulos encontrados: 14
[2025-10-08 13:48:31,300] INFO: [*] Total de capítulos extraídos: 14
[2025-10-08 13:48:31,300] INFO: [*] Mangá 'Tower of God 3 season Manga' sincronizado com sucesso.
[2025-10-08 13:48:31,828] INFO: [*] Buscando capítulos pela url: https://mangaonline.blog/manga/the-novels-extra/
[2025-10-08 13:48:34,575] INFO: [*] Capítulos encontrados: 104
[2025-10-08 13:48:34,581] INFO: [*] Total de capítulos extraídos: 104
[2025-10-08 13:48:34,581] INFO: [*] Mangá 'The Novel’s Extra' sincronizado com sucesso.
[2025-10-08 13:48:34,625] INFO: [*] Buscando capítulos pela url: https://mangaonline.blog/manga/expelled-hero-is-too-strong/
[2025-10-08 13:48:35,866] INFO: [*] Capítulos encontrados: 29
[2025-10-08 13:48:35,867] INFO: [*] Total de capítulos extraídos: 29
[2025-10-08 13:48:35,867] INFO: [*] Mangá 'Expelled Hero Is Too Strong' sincronizado com sucesso.
[2025-10-08 13:48:35,888] INFO: [*] Buscando capítulos pela url: https://mangaonline.blog/manga/i-robbed-the-storehouse-of-the-god/
[2025-10-08 13:48:37,163] INFO: [*] Capítulos encontrados: 34
[2025-10-08 13:48:37,164] INFO: [*] Total de capítulos extraídos: 34
[2025-10-08 13:48:37,165] INFO: [*] Mangá 'I Robbed The Storehouse Of The God' sincronizado com sucesso.
[2025-10-08 13:48:37,182] INFO: [*] Buscando capítulos pela url: https://mangaonline.blog/manga/the-return-of-the-crazy-demon/
[2025-10-08 13:48:39,021] INFO: [*] Capítulos encontrados: 29
[2025-10-08 13:48:39,022] INFO: [*] Total de capítulos extraídos: 29
[2025-10-08 13:48:39,022] INFO: [*] Mangá 'The Return of The Crazy Demon' sincronizado com sucesso.
[2025-10-08 13:48:39,039] INFO: [*] Buscando capítulos pela url: https://mangaonline.blog/manga/infinite-level-up-in-murim/
[2025-10-08 13:48:40,522] INFO: [*] Capítulos encontrados: 34
[2025-10-08 13:48:40,524] INFO: [*] Total de capítulos extraídos: 34
[2025-10-08 13:48:40,524] INFO: [*] Mangá 'Infinite Level up in Murim' sincronizado com sucesso.
[2025-10-08 13:48:40,619] INFO: [*] Buscando capítulos pela url: https://mangaonline.blog/manga/hunter-x-hunter-manga/
[2025-10-08 13:48:41,871] INFO: [*] Capítulos encontrados: 19
[2025-10-08 13:48:41,872] INFO: [*] Total de capítulos extraídos: 19
[2025-10-08 13:48:41,872] INFO: [*] Mangá 'Hunter X Hunter – Mangá' sincronizado com sucesso.
[2025-10-08 13:48:41,888] INFO: [*] Buscando capítulos pela url: https://mangaonline.blog/manga/evolution-begins-with-a-big-tree/
[2025-10-08 13:48:43,795] INFO: [*] Capítulos encontrados: 16
[2025-10-08 13:48:43,796] INFO: [*] Total de capítulos extraídos: 16
[2025-10-08 13:48:43,796] INFO: [*] Mangá 'Evolution Begins With A Big Tree' sincronizado com sucesso.
[2025-10-08 13:48:43,815] INFO: [*] Buscando capítulos pela url: https://mangaonline.blog/manga/oshi-no-ko-manga/
[2025-10-08 13:48:45,492] INFO: [*] Capítulos encontrados: 14
[2025-10-08 13:48:45,493] INFO: [*] Total de capítulos extraídos: 14
[2025-10-08 13:48:45,493] INFO: [*] Mangá 'Oshi No Ko Manga' sincronizado com sucesso.
[2025-10-08 13:48:45,509] INFO: [*] Buscando capítulos pela url: https://mangaonline.blog/manga/i-became-the-king-by-scavenging/
[2025-10-08 13:48:47,526] INFO: [*] Capítulos encontrados: 36
[2025-10-08 13:48:47,528] INFO: [*] Total de capítulos extraídos: 36
[2025-10-08 13:48:47,529] INFO: [*] Mangá 'I Became The King by Scavenging' sincronizado com sucesso.
[2025-10-08 13:48:47,693] INFO: [*] Buscando capítulos pela url: https://mangaonline.blog/manga/the-heros-younger-brother-is-a-deceased-person-in-the-academy/
[2025-10-08 13:48:48,932] INFO: [*] Capítulos encontrados: 12
[2025-10-08 13:48:48,932] INFO: [*] Total de capítulos extraídos: 12
[2025-10-08 13:48:48,932] INFO: [*] Mangá 'The Hero’s Younger Brother Is a Deceased Person in the Academy' sincronizado com sucesso.
[2025-10-08 13:48:48,950] INFO: [*] Buscando capítulos pela url: https://mangaonline.blog/manga/wistoria-wand-and-sword-manga/
[2025-10-08 13:48:51,052] INFO: [*] Capítulos encontrados: 27
[2025-10-08 13:48:51,053] INFO: [*] Total de capítulos extraídos: 27
[2025-10-08 13:48:51,053] INFO: [*] Mangá 'Wistoria: Wand and Sword Manga' sincronizado com sucesso.
[2025-10-08 13:48:51,077] INFO: [*] Buscando capítulos pela url: https://mangaonline.blog/manga/serpent-ancestor/
[2025-10-08 13:48:52,826] INFO: [*] Capítulos encontrados: 10
[2025-10-08 13:48:52,827] INFO: [*] Total de capítulos extraídos: 10
[2025-10-08 13:48:52,827] INFO: [*] Mangá 'Serpent Ancestor' sincronizado com sucesso.
[2025-10-08 13:48:52,911] INFO: [*] Buscando capítulos pela url: https://mangaonline.blog/manga/anime-dan-da-dan/
[2025-10-08 13:48:54,498] INFO: [*] Capítulos encontrados: 4
[2025-10-08 13:48:54,498] WARNING: [!] Capítulo sem número detectado: 'Episodio 4 Online - Anime Dan Da Dan' — pulando...
[2025-10-08 13:48:54,498] WARNING: [!] Capítulo sem número detectado: 'Episodio 3 - Anime Dan Da Dan' — pulando...
[2025-10-08 13:48:54,498] WARNING: [!] Capítulo sem número detectado: 'Episodio 2 - Anime Dan Da Dan' — pulando...
[2025-10-08 13:48:54,499] WARNING: [!] Capítulo sem número detectado: 'Episodio 1 Online - Anime Dan Da Dan' — pulando...
[2025-10-08 13:48:54,499] INFO: [*] Total de capítulos extraídos: 0
[2025-10-08 13:48:54,499] INFO: [*] Mangá 'Anime Dan Da Dan' sincronizado com sucesso.
[2025-10-08 13:48:54,514] INFO: [*] Buscando capítulos pela url: https://mangaonline.blog/manga/heroi-x-rainha-dos-demonios/
[2025-10-08 13:48:55,900] INFO: [*] Capítulos encontrados: 67
[2025-10-08 13:48:55,904] INFO: [*] Total de capítulos extraídos: 67
[2025-10-08 13:48:55,904] INFO: [*] Mangá 'Herói x Rainha dos Demônios' sincronizado com sucesso.
[2025-10-08 13:48:55,926] INFO: [*] Buscando capítulos pela url: https://mangaonline.blog/manga/tsuki-ga-michibiku-isekai-douchuu/
[2025-10-08 13:48:57,622] INFO: [*] Capítulos encontrados: 11
[2025-10-08 13:48:57,623] INFO: [*] Total de capítulos extraídos: 11
[2025-10-08 13:48:57,623] INFO: [!] Capítulo 90 já existente em 'Tsuki ga Michibiku Isekai Douchuu'.
[2025-10-08 13:48:57,623] INFO: [!] Capítulo 91 já existente em 'Tsuki ga Michibiku Isekai Douchuu'.
[2025-10-08 13:48:57,623] INFO: [!] Capítulo 92 já existente em 'Tsuki ga Michibiku Isekai Douchuu'.
[2025-10-08 13:48:57,623] INFO: [!] Capítulo 93 já existente em 'Tsuki ga Michibiku Isekai Douchuu'.
[2025-10-08 13:48:57,623] INFO: [!] Capítulo 94 já existente em 'Tsuki ga Michibiku Isekai Douchuu'.
[2025-10-08 13:48:57,623] INFO: [!] Capítulo 95 já existente em 'Tsuki ga Michibiku Isekai Douchuu'.
[2025-10-08 13:48:57,624] INFO: [!] Capítulo 96 já existente em 'Tsuki ga Michibiku Isekai Douchuu'.
[2025-10-08 13:48:57,624] INFO: [!] Capítulo 97 já existente em 'Tsuki ga Michibiku Isekai Douchuu'.
[2025-10-08 13:48:57,624] INFO: [!] Capítulo 98 já existente em 'Tsuki ga Michibiku Isekai Douchuu'.
[2025-10-08 13:48:57,624] INFO: [!] Capítulo 99 já existente em 'Tsuki ga Michibiku Isekai Douchuu'.
[2025-10-08 13:48:57,624] INFO: [!] Capítulo 100 já existente em 'Tsuki ga Michibiku Isekai Douchuu'.
[2025-10-08 13:48:57,649] INFO: [*] Buscando capítulos pela url: https://mangaonline.blog/manga/nanatsu-no-taizai-os-quatro-cavaleiros-do-apocalipse/
[2025-10-08 13:48:59,250] INFO: [*] Capítulos encontrados: 14
[2025-10-08 13:48:59,251] INFO: [*] Total de capítulos extraídos: 14
[2025-10-08 13:48:59,251] INFO: [*] Mangá 'Nanatsu no Taizai: Os Quatro Cavaleiros do Apocalipse' sincronizado com sucesso.
[2025-10-08 13:48:59,270] INFO: [*] Buscando capítulos pela url: https://mangaonline.blog/manga/the-dark-magician-transmigrates-after-66666-years/
[2025-10-08 13:49:00,882] INFO: [*] Capítulos encontrados: 80
[2025-10-08 13:49:00,887] INFO: [*] Total de capítulos extraídos: 80
[2025-10-08 13:49:00,887] INFO: [!] Capítulo 1 já existente em 'The Dark Magician Transmigrates After 66666 Years'.
[2025-10-08 13:49:00,887] INFO: [!] Capítulo 2 já existente em 'The Dark Magician Transmigrates After 66666 Years'.
[2025-10-08 13:49:00,887] INFO: [!] Capítulo 3 já existente em 'The Dark Magician Transmigrates After 66666 Years'.
[2025-10-08 13:49:00,887] INFO: [!] Capítulo 4 já existente em 'The Dark Magician Transmigrates After 66666 Years'.
[2025-10-08 13:49:00,887] INFO: [!] Capítulo 5 já existente em 'The Dark Magician Transmigrates After 66666 Years'.
[2025-10-08 13:49:00,887] INFO: [!] Capítulo 6 já existente em 'The Dark Magician Transmigrates After 66666 Years'.
[2025-10-08 13:49:00,887] INFO: [!] Capítulo 7 já existente em 'The Dark Magician Transmigrates After 66666 Years'.
[2025-10-08 13:49:00,887] INFO: [!] Capítulo 8 já existente em 'The Dark Magician Transmigrates After 66666 Years'.
[2025-10-08 13:49:00,887] INFO: [!] Capítulo 9 já existente em 'The Dark Magician Transmigrates After 66666 Years'.
[2025-10-08 13:49:00,887] INFO: [!] Capítulo 10 já existente em 'The Dark Magician Transmigrates After 66666 Years'.
[2025-10-08 13:49:00,887] INFO: [!] Capítulo 11 já existente em 'The Dark Magician Transmigrates After 66666 Years'.
[2025-10-08 13:49:00,888] INFO: [!] Capítulo 14 já existente em 'The Dark Magician Transmigrates After 66666 Years'.
[2025-10-08 13:49:00,888] INFO: [!] Capítulo 68 já existente em 'The Dark Magician Transmigrates After 66666 Years'.
[2025-10-08 13:49:00,888] INFO: [!] Capítulo 69 já existente em 'The Dark Magician Transmigrates After 66666 Years'.
[2025-10-08 13:49:00,888] INFO: [!] Capítulo 70 já existente em 'The Dark Magician Transmigrates After 66666 Years'.
[2025-10-08 13:49:00,888] INFO: [!] Capítulo 71 já existente em 'The Dark Magician Transmigrates After 66666 Years'.
[2025-10-08 13:49:00,888] INFO: [!] Capítulo 72 já existente em 'The Dark Magician Transmigrates After 66666 Years'.
[2025-10-08 13:49:00,888] INFO: [!] Capítulo 73 já existente em 'The Dark Magician Transmigrates After 66666 Years'.
[2025-10-08 13:49:00,888] INFO: [!] Capítulo 74 já existente em 'The Dark Magician Transmigrates After 66666 Years'.
[2025-10-08 13:49:00,888] INFO: [!] Capítulo 75 já existente em 'The Dark Magician Transmigrates After 66666 Years'.
[2025-10-08 13:49:00,888] INFO: [!] Capítulo 76 já existente em 'The Dark Magician Transmigrates After 66666 Years'.
[2025-10-08 13:49:00,888] INFO: [!] Capítulo 77 já existente em 'The Dark Magician Transmigrates After 66666 Years'.
[2025-10-08 13:49:00,888] INFO: [!] Capítulo 78 já existente em 'The Dark Magician Transmigrates After 66666 Years'.
[2025-10-08 13:49:00,888] INFO: [!] Capítulo 79 já existente em 'The Dark Magician Transmigrates After 66666 Years'.
[2025-10-08 13:49:00,888] INFO: [!] Capítulo 80 já existente em 'The Dark Magician Transmigrates After 66666 Years'.
[2025-10-08 13:49:00,888] INFO: [!] Capítulo 81 já existente em 'The Dark Magician Transmigrates After 66666 Years'.
[2025-10-08 13:49:00,888] INFO: [!] Capítulo 82 já existente em 'The Dark Magician Transmigrates After 66666 Years'.
[2025-10-08 13:49:00,888] INFO: [!] Capítulo 83 já existente em 'The Dark Magician Transmigrates After 66666 Years'.
[2025-10-08 13:49:00,888] INFO: [!] Capítulo 84 já existente em 'The Dark Magician Transmigrates After 66666 Years'.
[2025-10-08 13:49:00,889] INFO: [!] Capítulo 85 já existente em 'The Dark Magician Transmigrates After 66666 Years'.
[2025-10-08 13:49:00,889] INFO: [!] Capítulo 86 já existente em 'The Dark Magician Transmigrates After 66666 Years'.
[2025-10-08 13:49:00,889] INFO: [!] Capítulo 87 já existente em 'The Dark Magician Transmigrates After 66666 Years'.
[2025-10-08 13:49:00,889] INFO: [!] Capítulo 88 já existente em 'The Dark Magician Transmigrates After 66666 Years'.
[2025-10-08 13:49:00,889] INFO: [!] Capítulo 89 já existente em 'The Dark Magician Transmigrates After 66666 Years'.
[2025-10-08 13:49:00,889] INFO: [!] Capítulo 90 já existente em 'The Dark Magician Transmigrates After 66666 Years'.
[2025-10-08 13:49:00,889] INFO: [!] Capítulo 91 já existente em 'The Dark Magician Transmigrates After 66666 Years'.
[2025-10-08 13:49:00,889] INFO: [!] Capítulo 92 já existente em 'The Dark Magician Transmigrates After 66666 Years'.
[2025-10-08 13:49:00,889] INFO: [!] Capítulo 93 já existente em 'The Dark Magician Transmigrates After 66666 Years'.
[2025-10-08 13:49:00,889] INFO: [!] Capítulo 94 já existente em 'The Dark Magician Transmigrates After 66666 Years'.
[2025-10-08 13:49:00,889] INFO: [!] Capítulo 95 já existente em 'The Dark Magician Transmigrates After 66666 Years'.
[2025-10-08 13:49:00,889] INFO: [!] Capítulo 96 já existente em 'The Dark Magician Transmigrates After 66666 Years'.
[2025-10-08 13:49:00,889] INFO: [!] Capítulo 97 já existente em 'The Dark Magician Transmigrates After 66666 Years'.
[2025-10-08 13:49:00,889] INFO: [!] Capítulo 98 já existente em 'The Dark Magician Transmigrates After 66666 Years'.
[2025-10-08 13:49:00,889] INFO: [!] Capítulo 99 já existente em 'The Dark Magician Transmigrates After 66666 Years'.
[2025-10-08 13:49:00,889] INFO: [!] Capítulo 100 já existente em 'The Dark Magician Transmigrates After 66666 Years'.
[2025-10-08 13:49:00,889] INFO: [!] Capítulo 101 já existente em 'The Dark Magician Transmigrates After 66666 Years'.
[2025-10-08 13:49:00,889] INFO: [!] Capítulo 102 já existente em 'The Dark Magician Transmigrates After 66666 Years'.
[2025-10-08 13:49:00,889] INFO: [!] Capítulo 103 já existente em 'The Dark Magician Transmigrates After 66666 Years'.
[2025-10-08 13:49:00,890] INFO: [!] Capítulo 104 já existente em 'The Dark Magician Transmigrates After 66666 Years'.
[2025-10-08 13:49:00,890] INFO: [!] Capítulo 105 já existente em 'The Dark Magician Transmigrates After 66666 Years'.
[2025-10-08 13:49:00,890] INFO: [!] Capítulo 106 já existente em 'The Dark Magician Transmigrates After 66666 Years'.
[2025-10-08 13:49:00,890] INFO: [!] Capítulo 107 já existente em 'The Dark Magician Transmigrates After 66666 Years'.
[2025-10-08 13:49:00,890] INFO: [!] Capítulo 108 já existente em 'The Dark Magician Transmigrates After 66666 Years'.
[2025-10-08 13:49:00,890] INFO: [!] Capítulo 109 já existente em 'The Dark Magician Transmigrates After 66666 Years'.
[2025-10-08 13:49:00,890] INFO: [!] Capítulo 110 já existente em 'The Dark Magician Transmigrates After 66666 Years'.
[2025-10-08 13:49:00,890] INFO: [!] Capítulo 111 já existente em 'The Dark Magician Transmigrates After 66666 Years'.
[2025-10-08 13:49:00,890] INFO: [!] Capítulo 112 já existente em 'The Dark Magician Transmigrates After 66666 Years'.
[2025-10-08 13:49:00,890] INFO: [!] Capítulo 113 já existente em 'The Dark Magician Transmigrates After 66666 Years'.
[2025-10-08 13:49:00,890] INFO: [!] Capítulo 114 já existente em 'The Dark Magician Transmigrates After 66666 Years'.
[2025-10-08 13:49:00,890] INFO: [!] Capítulo 115 já existente em 'The Dark Magician Transmigrates After 66666 Years'.
[2025-10-08 13:49:00,890] INFO: [!] Capítulo 116 já existente em 'The Dark Magician Transmigrates After 66666 Years'.
[2025-10-08 13:49:00,890] INFO: [!] Capítulo 117 já existente em 'The Dark Magician Transmigrates After 66666 Years'.
[2025-10-08 13:49:00,890] INFO: [!] Capítulo 118 já existente em 'The Dark Magician Transmigrates After 66666 Years'.
[2025-10-08 13:49:00,890] INFO: [!] Capítulo 119 já existente em 'The Dark Magician Transmigrates After 66666 Years'.
[2025-10-08 13:49:00,890] INFO: [!] Capítulo 120 já existente em 'The Dark Magician Transmigrates After 66666 Years'.
[2025-10-08 13:49:00,890] INFO: [!] Capítulo 121 já existente em 'The Dark Magician Transmigrates After 66666 Years'.
[2025-10-08 13:49:00,891] INFO: [!] Capítulo 122 já existente em 'The Dark Magician Transmigrates After 66666 Years'.
[2025-10-08 13:49:00,891] INFO: [!] Capítulo 123 já existente em 'The Dark Magician Transmigrates After 66666 Years'.
[2025-10-08 13:49:00,891] INFO: [!] Capítulo 124 já existente em 'The Dark Magician Transmigrates After 66666 Years'.
[2025-10-08 13:49:00,891] INFO: [!] Capítulo 125 já existente em 'The Dark Magician Transmigrates After 66666 Years'.
[2025-10-08 13:49:00,891] INFO: [!] Capítulo 126 já existente em 'The Dark Magician Transmigrates After 66666 Years'.
[2025-10-08 13:49:00,891] INFO: [!] Capítulo 127 já existente em 'The Dark Magician Transmigrates After 66666 Years'.
[2025-10-08 13:49:00,891] INFO: [!] Capítulo 128 já existente em 'The Dark Magician Transmigrates After 66666 Years'.
[2025-10-08 13:49:00,891] INFO: [!] Capítulo 129 já existente em 'The Dark Magician Transmigrates After 66666 Years'.
[2025-10-08 13:49:00,891] INFO: [!] Capítulo 130 já existente em 'The Dark Magician Transmigrates After 66666 Years'.
[2025-10-08 13:49:00,891] INFO: [!] Capítulo 131 já existente em 'The Dark Magician Transmigrates After 66666 Years'.
[2025-10-08 13:49:00,891] INFO: [!] Capítulo 132 já existente em 'The Dark Magician Transmigrates After 66666 Years'.
[2025-10-08 13:49:00,891] INFO: [!] Capítulo 133 já existente em 'The Dark Magician Transmigrates After 66666 Years'.
[2025-10-08 13:49:00,891] INFO: [!] Capítulo 134 já existente em 'The Dark Magician Transmigrates After 66666 Years'.
[2025-10-08 13:49:00,891] INFO: [!] Capítulo 135 já existente em 'The Dark Magician Transmigrates After 66666 Years'.
[2025-10-08 13:49:00,913] INFO: [*] Buscando capítulos pela url: https://mangaonline.blog/manga/sakamoto-days-manga/
[2025-10-08 13:49:02,132] INFO: [*] Capítulos encontrados: 12
[2025-10-08 13:49:02,132] INFO: [*] Total de capítulos extraídos: 12
[2025-10-08 13:49:02,133] INFO: [*] Mangá 'Sakamoto Days Mangá' sincronizado com sucesso.
[2025-10-08 13:49:02,147] INFO: [*] Buscando capítulos pela url: https://mangaonline.blog/manga/kagurabachi-manga-pt-br/
[2025-10-08 13:49:03,871] INFO: [*] Capítulos encontrados: 10
[2025-10-08 13:49:03,872] INFO: [*] Total de capítulos extraídos: 10
[2025-10-08 13:49:03,872] INFO: [*] Mangá 'Kagurabachi Manga' sincronizado com sucesso.
[2025-10-08 13:49:03,994] INFO: [*] Buscando capítulos pela url: https://mangaonline.blog/manga/rezero-kara-hajimeru-isekai-seikatsu/
[2025-10-08 13:49:05,258] INFO: [*] Capítulos encontrados: 1
[2025-10-08 13:49:05,258] WARNING: [!] Capítulo sem número detectado: '3 Episodio 1 Online - Re:Zero kara Hajimeru Isekai Seikatsu' — pulando...
[2025-10-08 13:49:05,258] INFO: [*] Total de capítulos extraídos: 0
[2025-10-08 13:49:05,258] INFO: [*] Mangá 'Re:Zero kara Hajimeru Isekai Seikatsu' sincronizado com sucesso.
[2025-10-08 13:49:05,284] INFO: [*] Buscando capítulos pela url: https://mangaonline.blog/manga/the-guy-she-was-interested-in-wasnt-a-guy-at-all/
[2025-10-08 13:49:06,911] INFO: [*] Capítulos encontrados: 4
[2025-10-08 13:49:06,912] INFO: [*] Total de capítulos extraídos: 4
[2025-10-08 13:49:06,912] INFO: [*] Mangá 'The Guy She Was Interested in Wasn’t a Guy At All' sincronizado com sucesso.
[2025-10-08 13:49:06,925] INFO: [*] Buscando capítulos pela url: https://mangaonline.blog/manga/mairimashita-iruma-kun-manga/
[2025-10-08 13:49:08,317] INFO: [*] Capítulos encontrados: 19
[2025-10-08 13:49:08,318] INFO: [*] Total de capítulos extraídos: 19
[2025-10-08 13:49:08,319] INFO: [*] Mangá 'Mairimashita! Iruma-kun Manga' sincronizado com sucesso.
[2025-10-08 13:49:08,336] INFO: [*] Buscando capítulos pela url: https://mangaonline.blog/manga/han-dong-woo/
[2025-10-08 13:49:09,949] INFO: [*] Capítulos encontrados: 3
[2025-10-08 13:49:09,949] INFO: [*] Total de capítulos extraídos: 3
[2025-10-08 13:49:09,949] INFO: [*] Mangá 'han dong woo' sincronizado com sucesso.
[2025-10-08 13:49:10,012] INFO: [*] Buscando capítulos pela url: https://mangaonline.blog/manga/eternal-club/
[2025-10-08 13:49:11,635] INFO: [*] Capítulos encontrados: 15
[2025-10-08 13:49:11,636] INFO: [*] Total de capítulos extraídos: 15
[2025-10-08 13:49:11,636] INFO: [!] Capítulo 280 já existente em 'Eternal Club'.
[2025-10-08 13:49:11,636] INFO: [!] Capítulo 281 já existente em 'Eternal Club'.
[2025-10-08 13:49:11,636] INFO: [!] Capítulo 282 já existente em 'Eternal Club'.
[2025-10-08 13:49:11,636] INFO: [!] Capítulo 283 já existente em 'Eternal Club'.
[2025-10-08 13:49:11,637] INFO: [!] Capítulo 284 já existente em 'Eternal Club'.
[2025-10-08 13:49:11,637] INFO: [!] Capítulo 285 já existente em 'Eternal Club'.
[2025-10-08 13:49:11,637] INFO: [!] Capítulo 286 já existente em 'Eternal Club'.
[2025-10-08 13:49:11,637] INFO: [!] Capítulo 287 já existente em 'Eternal Club'.
[2025-10-08 13:49:11,637] INFO: [!] Capítulo 288 já existente em 'Eternal Club'.
[2025-10-08 13:49:11,637] INFO: [!] Capítulo 289 já existente em 'Eternal Club'.
[2025-10-08 13:49:11,637] INFO: [!] Capítulo 290 já existente em 'Eternal Club'.
[2025-10-08 13:49:11,637] INFO: [!] Capítulo 291 já existente em 'Eternal Club'.
[2025-10-08 13:49:11,637] INFO: [!] Capítulo 292 já existente em 'Eternal Club'.
[2025-10-08 13:49:11,637] INFO: [!] Capítulo 293 já existente em 'Eternal Club'.
[2025-10-08 13:49:11,637] INFO: [!] Capítulo 294 já existente em 'Eternal Club'.
[2025-10-08 13:49:11,656] INFO: [*] Buscando capítulos pela url: https://mangaonline.blog/manga/level-1-kara-hajimaru-shoukan-musou-the-comic/
[2025-10-08 13:49:12,893] INFO: [*] Capítulos encontrados: 25
[2025-10-08 13:49:12,895] INFO: [*] Total de capítulos extraídos: 25
[2025-10-08 13:49:12,895] INFO: [*] Mangá 'Level 1 kara Hajimaru Shoukan Musou the Comic' sincronizado com sucesso.
[2025-10-08 13:49:12,910] INFO: [*] Buscando capítulos pela url: https://mangaonline.blog/manga/ijiranaide-nagatoro-san-manga/
[2025-10-08 13:49:14,096] INFO: [*] Capítulos encontrados: 11
[2025-10-08 13:49:14,097] INFO: [*] Total de capítulos extraídos: 11
[2025-10-08 13:49:14,097] INFO: [*] Mangá 'Ijiranaide, Nagatoro-san Manga' sincronizado com sucesso.
[2025-10-08 13:49:14,413] INFO: [*] Buscando capítulos pela url: https://mangaonline.blog/manga/sousou-no-frieren-manga-pt-br/
[2025-10-08 13:49:15,659] INFO: [*] Capítulos encontrados: 14
[2025-10-08 13:49:15,660] INFO: [*] Total de capítulos extraídos: 14
[2025-10-08 13:49:15,660] INFO: [*] Mangá 'Sousou no Frieren Mangá' sincronizado com sucesso.
[2025-10-08 13:49:15,673] INFO: [*] Buscando capítulos pela url: https://mangaonline.blog/manga/the-beginning-after-the-end-novel/
[2025-10-08 13:49:17,616] INFO: [*] Capítulos encontrados: 5
[2025-10-08 13:49:17,617] INFO: [*] Total de capítulos extraídos: 5
[2025-10-08 13:49:17,617] INFO: [*] Mangá 'The Beginning After The End novel' sincronizado com sucesso.
[2025-10-08 13:49:17,635] INFO: [*] Buscando capítulos pela url: https://mangaonline.blog/manga/youkoso-jitsuryoku-shijou-shugi-no-kyoushitsu-e/
[2025-10-08 13:49:19,285] INFO: [*] Capítulos encontrados: 14
[2025-10-08 13:49:19,286] INFO: [*] Total de capítulos extraídos: 14
[2025-10-08 13:49:19,286] INFO: [*] Mangá 'Youkoso Jitsuryoku Shijou Shugi no Kyoushitsu e' sincronizado com sucesso.
[2025-10-08 13:49:19,299] INFO: [*] Buscando capítulos pela url: https://mangaonline.blog/manga/ore-wa-subete-wo-parry-suru-gyaku-kanchigai-no-sekai-saikyou-wa-boukensha-ni-naritai/
[2025-10-08 13:49:21,071] INFO: [*] Capítulos encontrados: 6
[2025-10-08 13:49:21,071] INFO: [*] Total de capítulos extraídos: 6
[2025-10-08 13:49:21,071] INFO: [*] Mangá 'Ore wa Subete wo “Parry” suru: Gyaku Kanchigai no Sekai Saikyou wa Boukensha ni Naritai' sincronizado com sucesso.
[2025-10-08 13:49:21,105] INFO: [*] Buscando capítulos pela url: https://mangaonline.blog/manga/eiyuu-to-kenja-no-tensei-kon/
[2025-10-08 13:49:22,337] INFO: [*] Capítulos encontrados: 9
[2025-10-08 13:49:22,338] INFO: [*] Total de capítulos extraídos: 9
[2025-10-08 13:49:22,338] INFO: [*] Mangá 'Eiyuu to Kenja no Tensei Kon' sincronizado com sucesso.
[2025-10-08 13:49:22,350] INFO: [*] Buscando capítulos pela url: https://mangaonline.blog/manga/kono-subarashii-sekai-ni-shukufuku-wo/
[2025-10-08 13:49:24,158] INFO: [*] Capítulos encontrados: 7
[2025-10-08 13:49:24,158] INFO: [*] Total de capítulos extraídos: 7
[2025-10-08 13:49:24,158] INFO: [!] Capítulo 95 já existente em 'Kono Subarashii Sekai ni Shukufuku wo!'.
[2025-10-08 13:49:24,158] INFO: [!] Capítulo 96 já existente em 'Kono Subarashii Sekai ni Shukufuku wo!'.
[2025-10-08 13:49:24,159] INFO: [!] Capítulo 97 já existente em 'Kono Subarashii Sekai ni Shukufuku wo!'.
[2025-10-08 13:49:24,159] INFO: [!] Capítulo 98 já existente em 'Kono Subarashii Sekai ni Shukufuku wo!'.
[2025-10-08 13:49:24,159] INFO: [!] Capítulo 99 já existente em 'Kono Subarashii Sekai ni Shukufuku wo!'.
[2025-10-08 13:49:24,159] INFO: [!] Capítulo 100 já existente em 'Kono Subarashii Sekai ni Shukufuku wo!'.
[2025-10-08 13:49:24,159] INFO: [!] Capítulo 101 já existente em 'Kono Subarashii Sekai ni Shukufuku wo!'.
[2025-10-08 13:49:24,172] INFO: [*] Buscando capítulos pela url: https://mangaonline.blog/manga/spy-x-family-manga/
[2025-10-08 13:49:25,854] INFO: [*] Capítulos encontrados: 6
[2025-10-08 13:49:25,854] INFO: [*] Total de capítulos extraídos: 6
[2025-10-08 13:49:25,854] INFO: [*] Mangá 'Spy x Family Manga' sincronizado com sucesso.
[2025-10-08 13:49:25,928] INFO: [*] Buscando capítulos pela url: https://mangaonline.blog/manga/kengan-omega-manga/
[2025-10-08 13:49:27,139] INFO: [*] Capítulos encontrados: 11
[2025-10-08 13:49:27,140] INFO: [*] Total de capítulos extraídos: 11
[2025-10-08 13:49:27,140] INFO: [*] Mangá 'Kengan Omega Mangá' sincronizado com sucesso.
[2025-10-08 13:49:27,155] INFO: [*] Buscando capítulos pela url: https://mangaonline.blog/manga/the-executioner/
[2025-10-08 13:49:28,813] INFO: [*] Capítulos encontrados: 20
[2025-10-08 13:49:28,814] INFO: [*] Total de capítulos extraídos: 20
[2025-10-08 13:49:28,814] INFO: [*] Mangá 'The Executioner' sincronizado com sucesso.
[2025-10-08 13:49:28,830] INFO: [*] Buscando capítulos pela url: https://mangaonline.blog/manga/boku-no-hero-academia-manga-pt-br/
[2025-10-08 13:49:30,408] INFO: [*] Capítulos encontrados: 4
[2025-10-08 13:49:30,408] INFO: [*] Total de capítulos extraídos: 4
[2025-10-08 13:49:30,409] INFO: [*] Mangá 'Boku no Hero Academia Manga  (PT-BR)' sincronizado com sucesso.
[2025-10-08 13:49:30,422] INFO: [*] Buscando capítulos pela url: https://mangaonline.blog/manga/wind-breaker-manga-pt-br/
[2025-10-08 13:49:31,593] INFO: [*] Capítulos encontrados: 7
[2025-10-08 13:49:31,593] INFO: [*] Total de capítulos extraídos: 7
[2025-10-08 13:49:31,594] INFO: [*] Mangá 'Wind Breaker Mangá' sincronizado com sucesso.
[2025-10-08 13:49:31,623] INFO: [*] Buscando capítulos pela url: https://mangaonline.blog/manga/shingeki-no-kyojin-attack-on-titan-manga/
[2025-10-08 13:49:32,817] INFO: [*] Capítulos encontrados: 30
[2025-10-08 13:49:32,818] INFO: [*] Total de capítulos extraídos: 30
[2025-10-08 13:49:32,818] INFO: [*] Mangá 'Shingeki no Kyojin (Attack on Titan) Mangá' sincronizado com sucesso.
[2025-10-08 13:49:32,835] INFO: [*] Buscando capítulos pela url: https://mangaonline.blog/manga/demon-slayer-kimetsu-no-yaiba-manga-pt-br/
[2025-10-08 13:49:34,098] INFO: [*] Capítulos encontrados: 3
[2025-10-08 13:49:34,099] INFO: [*] Total de capítulos extraídos: 3
[2025-10-08 13:49:34,099] INFO: [*] Mangá 'Demon Slayer: Kimetsu No Yaiba Mangá (PT-BR)' sincronizado com sucesso.
[2025-10-08 13:49:34,168] INFO: [*] Sincronização de mangas do provedor MangaOnline concluida.
[2025-10-08 13:49:34,168] INFO: [*] Sessão fechada com sucesso.
[2025-10-08 13:56:03,980] INFO: [*] Sincronizando mangás do provedor MangaOnline
[2025-10-08 13:56:03,983] INFO: [*] Buscando página 1: https://mangaonline.blog/manga/
[2025-10-08 13:56:04,127] INFO: [*] Buscando página 2: https://mangaonline.blog/manga/page/2/
[2025-10-08 13:56:04,224] INFO: [*] Buscando página 3: https://mangaonline.blog/manga/page/3/
[2025-10-08 13:56:04,353] INFO: [*] Buscando página 4: https://mangaonline.blog/manga/page/4/
[2025-10-08 13:56:04,457] INFO: [*] Buscando página 5: https://mangaonline.blog/manga/page/5/
[2025-10-08 13:56:04,576] INFO: [*] Buscando página 6: https://mangaonline.blog/manga/page/6/
[2025-10-08 13:56:04,759] INFO: [*] Buscando página 7: https://mangaonline.blog/manga/page/7/
[2025-10-08 13:56:04,863] INFO: [*] Buscando página 8: https://mangaonline.blog/manga/page/8/
[2025-10-08 13:56:04,880] INFO: [!] Página 8 não encontrada ou vazia. Encerrando.
[2025-10-08 13:56:04,973] INFO: [*] Buscando capítulos pela url: https://mangaonline.blog/manga/solo-leveling-ragnarok/
[2025-10-08 13:56:05,056] INFO: [*] Capítulos encontrados: 58
[2025-10-08 13:56:05,059] INFO: [*] Total de capítulos extraídos: 58
[2025-10-08 13:56:05,060] INFO: [*] Mangá 'Solo Leveling: Ragnarok' sincronizado com sucesso.
[2025-10-08 13:56:05,076] INFO: [*] Buscando capítulos pela url: https://mangaonline.blog/manga/the-legendary-hero-is-an-academy-honors-student/
[2025-10-08 13:56:05,312] INFO: [*] Capítulos encontrados: 52
[2025-10-08 13:56:05,314] INFO: [*] Total de capítulos extraídos: 52
[2025-10-08 13:56:05,315] INFO: [*] Mangá 'The Legendary Hero is an Academy Honors Student' sincronizado com sucesso.
[2025-10-08 13:56:05,379] INFO: [*] Buscando capítulos pela url: https://mangaonline.blog/manga/blue-lock-manga-pt-br/
[2025-10-08 13:56:05,582] INFO: [*] Capítulos encontrados: 322
[2025-10-08 13:56:05,586] WARNING: [!] Capítulo sem número detectado: 'capitulo  (241)' — pulando...
[2025-10-08 13:56:05,586] WARNING: [!] Capítulo sem número detectado: 'capitulo  (240)' — pulando...
[2025-10-08 13:56:05,586] WARNING: [!] Capítulo sem número detectado: 'capitulo  (239)' — pulando...
[2025-10-08 13:56:05,586] WARNING: [!] Capítulo sem número detectado: 'capitulo  (238)' — pulando...
[2025-10-08 13:56:05,586] WARNING: [!] Capítulo sem número detectado: 'capitulo  (237)' — pulando...
[2025-10-08 13:56:05,587] WARNING: [!] Capítulo sem número detectado: 'capitulo  (236)' — pulando...
[2025-10-08 13:56:05,587] WARNING: [!] Capítulo sem número detectado: 'capitulo  (235)' — pulando...
[2025-10-08 13:56:05,587] WARNING: [!] Capítulo sem número detectado: 'capitulo  (234)' — pulando...
[2025-10-08 13:56:05,587] WARNING: [!] Capítulo sem número detectado: 'capitulo  (233)' — pulando...
[2025-10-08 13:56:05,587] WARNING: [!] Capítulo sem número detectado: 'capitulo  (232)' — pulando...
[2025-10-08 13:56:05,587] WARNING: [!] Capítulo sem número detectado: 'capitulo  (231)' — pulando...
[2025-10-08 13:56:05,587] WARNING: [!] Capítulo sem número detectado: 'capitulo  (230)' — pulando...
[2025-10-08 13:56:05,587] WARNING: [!] Capítulo sem número detectado: 'capitulo  (229)' — pulando...
[2025-10-08 13:56:05,587] WARNING: [!] Capítulo sem número detectado: 'capitulo  (228)' — pulando...
[2025-10-08 13:56:05,588] WARNING: [!] Capítulo sem número detectado: 'capitulo  (227)' — pulando...
[2025-10-08 13:56:05,588] WARNING: [!] Capítulo sem número detectado: 'capitulo  (226)' — pulando...
[2025-10-08 13:56:05,588] WARNING: [!] Capítulo sem número detectado: 'capitulo  (225)' — pulando...
[2025-10-08 13:56:05,588] WARNING: [!] Capítulo sem número detectado: 'capitulo  (224)' — pulando...
[2025-10-08 13:56:05,588] WARNING: [!] Capítulo sem número detectado: 'capitulo  (223)' — pulando...
[2025-10-08 13:56:05,588] WARNING: [!] Capítulo sem número detectado: 'capitulo  (222)' — pulando...
[2025-10-08 13:56:05,588] WARNING: [!] Capítulo sem número detectado: 'capitulo  (221)' — pulando...
[2025-10-08 13:56:05,588] WARNING: [!] Capítulo sem número detectado: 'capitulo  (220)' — pulando...
[2025-10-08 13:56:05,588] WARNING: [!] Capítulo sem número detectado: 'capitulo  (219)' — pulando...
[2025-10-08 13:56:05,589] WARNING: [!] Capítulo sem número detectado: 'capitulo  (218)' — pulando...
[2025-10-08 13:56:05,589] WARNING: [!] Capítulo sem número detectado: 'capitulo  (217)' — pulando...
[2025-10-08 13:56:05,589] WARNING: [!] Capítulo sem número detectado: 'capitulo  (216)' — pulando...
[2025-10-08 13:56:05,589] WARNING: [!] Capítulo sem número detectado: 'capitulo  (215)' — pulando...
[2025-10-08 13:56:05,589] WARNING: [!] Capítulo sem número detectado: 'capitulo  (214)' — pulando...
[2025-10-08 13:56:05,589] WARNING: [!] Capítulo sem número detectado: 'capitulo  (213)' — pulando...
[2025-10-08 13:56:05,589] WARNING: [!] Capítulo sem número detectado: 'capitulo  (212)' — pulando...
[2025-10-08 13:56:05,589] WARNING: [!] Capítulo sem número detectado: 'capitulo  (211)' — pulando...
[2025-10-08 13:56:05,589] WARNING: [!] Capítulo sem número detectado: 'capitulo  (210)' — pulando...
[2025-10-08 13:56:05,590] WARNING: [!] Capítulo sem número detectado: 'capitulo  (209)' — pulando...
[2025-10-08 13:56:05,590] WARNING: [!] Capítulo sem número detectado: 'capitulo  (208)' — pulando...
[2025-10-08 13:56:05,590] WARNING: [!] Capítulo sem número detectado: 'capitulo  (207)' — pulando...
[2025-10-08 13:56:05,590] WARNING: [!] Capítulo sem número detectado: 'capitulo  (206)' — pulando...
[2025-10-08 13:56:05,590] WARNING: [!] Capítulo sem número detectado: 'capitulo  (205)' — pulando...
[2025-10-08 13:56:05,590] WARNING: [!] Capítulo sem número detectado: 'capitulo  (204)' — pulando...
[2025-10-08 13:56:05,590] WARNING: [!] Capítulo sem número detectado: 'capitulo  (203)' — pulando...
[2025-10-08 13:56:05,590] WARNING: [!] Capítulo sem número detectado: 'capitulo  (202)' — pulando...
[2025-10-08 13:56:05,590] WARNING: [!] Capítulo sem número detectado: 'capitulo  (201)' — pulando...
[2025-10-08 13:56:05,590] WARNING: [!] Capítulo sem número detectado: 'capitulo  (200)' — pulando...
[2025-10-08 13:56:05,591] WARNING: [!] Capítulo sem número detectado: 'capitulo  (199)' — pulando...
[2025-10-08 13:56:05,591] WARNING: [!] Capítulo sem número detectado: 'capitulo  (198)' — pulando...
[2025-10-08 13:56:05,591] WARNING: [!] Capítulo sem número detectado: 'capitulo  (197)' — pulando...
[2025-10-08 13:56:05,591] WARNING: [!] Capítulo sem número detectado: 'capitulo  (196)' — pulando...
[2025-10-08 13:56:05,591] WARNING: [!] Capítulo sem número detectado: 'capitulo  (195)' — pulando...
[2025-10-08 13:56:05,591] WARNING: [!] Capítulo sem número detectado: 'capitulo  (194)' — pulando...
[2025-10-08 13:56:05,591] WARNING: [!] Capítulo sem número detectado: 'capitulo  (193)' — pulando...
[2025-10-08 13:56:05,591] WARNING: [!] Capítulo sem número detectado: 'capitulo  (192)' — pulando...
[2025-10-08 13:56:05,591] WARNING: [!] Capítulo sem número detectado: 'capitulo  (191)' — pulando...
[2025-10-08 13:56:05,591] WARNING: [!] Capítulo sem número detectado: 'capitulo  (190)' — pulando...
[2025-10-08 13:56:05,592] WARNING: [!] Capítulo sem número detectado: 'capitulo  (189)' — pulando...
[2025-10-08 13:56:05,592] WARNING: [!] Capítulo sem número detectado: 'capitulo  (188)' — pulando...
[2025-10-08 13:56:05,592] WARNING: [!] Capítulo sem número detectado: 'capitulo  (187)' — pulando...
[2025-10-08 13:56:05,592] WARNING: [!] Capítulo sem número detectado: 'capitulo  (186)' — pulando...
[2025-10-08 13:56:05,592] WARNING: [!] Capítulo sem número detectado: 'capitulo  (185)' — pulando...
[2025-10-08 13:56:05,592] WARNING: [!] Capítulo sem número detectado: 'capitulo  (184)' — pulando...
[2025-10-08 13:56:05,592] WARNING: [!] Capítulo sem número detectado: 'capitulo  (183)' — pulando...
[2025-10-08 13:56:05,592] WARNING: [!] Capítulo sem número detectado: 'capitulo  (182)' — pulando...
[2025-10-08 13:56:05,592] WARNING: [!] Capítulo sem número detectado: 'capitulo  (181)' — pulando...
[2025-10-08 13:56:05,593] WARNING: [!] Capítulo sem número detectado: 'capitulo  (180)' — pulando...
[2025-10-08 13:56:05,593] WARNING: [!] Capítulo sem número detectado: 'capitulo  (179)' — pulando...
[2025-10-08 13:56:05,593] WARNING: [!] Capítulo sem número detectado: 'capitulo  (178)' — pulando...
[2025-10-08 13:56:05,593] WARNING: [!] Capítulo sem número detectado: 'capitulo  (177)' — pulando...
[2025-10-08 13:56:05,593] WARNING: [!] Capítulo sem número detectado: 'capitulo  (176)' — pulando...
[2025-10-08 13:56:05,593] WARNING: [!] Capítulo sem número detectado: 'capitulo  (175)' — pulando...
[2025-10-08 13:56:05,593] WARNING: [!] Capítulo sem número detectado: 'capitulo  (174)' — pulando...
[2025-10-08 13:56:05,593] WARNING: [!] Capítulo sem número detectado: 'capitulo  (173)' — pulando...
[2025-10-08 13:56:05,594] WARNING: [!] Capítulo sem número detectado: 'capitulo  (172)' — pulando...
[2025-10-08 13:56:05,594] WARNING: [!] Capítulo sem número detectado: 'capitulo  (171)' — pulando...
[2025-10-08 13:56:05,594] WARNING: [!] Capítulo sem número detectado: 'capitulo  (170)' — pulando...
[2025-10-08 13:56:05,594] WARNING: [!] Capítulo sem número detectado: 'capitulo  (169)' — pulando...
[2025-10-08 13:56:05,594] WARNING: [!] Capítulo sem número detectado: 'capitulo  (168)' — pulando...
[2025-10-08 13:56:05,594] WARNING: [!] Capítulo sem número detectado: 'capitulo  (167)' — pulando...
[2025-10-08 13:56:05,594] WARNING: [!] Capítulo sem número detectado: 'capitulo  (166)' — pulando...
[2025-10-08 13:56:05,594] WARNING: [!] Capítulo sem número detectado: 'capitulo  (165)' — pulando...
[2025-10-08 13:56:05,594] WARNING: [!] Capítulo sem número detectado: 'capitulo  (164)' — pulando...
[2025-10-08 13:56:05,595] WARNING: [!] Capítulo sem número detectado: 'capitulo  (163)' — pulando...
[2025-10-08 13:56:05,595] WARNING: [!] Capítulo sem número detectado: 'capitulo  (162)' — pulando...
[2025-10-08 13:56:05,595] WARNING: [!] Capítulo sem número detectado: 'capitulo  (161)' — pulando...
[2025-10-08 13:56:05,595] WARNING: [!] Capítulo sem número detectado: 'capitulo  (160)' — pulando...
[2025-10-08 13:56:05,595] WARNING: [!] Capítulo sem número detectado: 'capitulo  (159)' — pulando...
[2025-10-08 13:56:05,595] WARNING: [!] Capítulo sem número detectado: 'capitulo  (158)' — pulando...
[2025-10-08 13:56:05,595] WARNING: [!] Capítulo sem número detectado: 'capitulo  (157)' — pulando...
[2025-10-08 13:56:05,595] WARNING: [!] Capítulo sem número detectado: 'capitulo  (156)' — pulando...
[2025-10-08 13:56:05,595] WARNING: [!] Capítulo sem número detectado: 'capitulo  (155)' — pulando...
[2025-10-08 13:56:05,596] WARNING: [!] Capítulo sem número detectado: 'capitulo  (154)' — pulando...
[2025-10-08 13:56:05,596] WARNING: [!] Capítulo sem número detectado: 'capitulo  (153)' — pulando...
[2025-10-08 13:56:05,596] WARNING: [!] Capítulo sem número detectado: 'capitulo  (152)' — pulando...
[2025-10-08 13:56:05,596] WARNING: [!] Capítulo sem número detectado: 'capitulo  (151)' — pulando...
[2025-10-08 13:56:05,596] WARNING: [!] Capítulo sem número detectado: 'capitulo  (150)' — pulando...
[2025-10-08 13:56:05,596] WARNING: [!] Capítulo sem número detectado: 'capitulo  (149)' — pulando...
[2025-10-08 13:56:05,596] WARNING: [!] Capítulo sem número detectado: 'capitulo  (148)' — pulando...
[2025-10-08 13:56:05,596] WARNING: [!] Capítulo sem número detectado: 'capitulo  (147)' — pulando...
[2025-10-08 13:56:05,596] WARNING: [!] Capítulo sem número detectado: 'capitulo  (146)' — pulando...
[2025-10-08 13:56:05,596] WARNING: [!] Capítulo sem número detectado: 'capitulo  (145)' — pulando...
[2025-10-08 13:56:05,597] WARNING: [!] Capítulo sem número detectado: 'capitulo  (144)' — pulando...
[2025-10-08 13:56:05,597] WARNING: [!] Capítulo sem número detectado: 'capitulo  (143)' — pulando...
[2025-10-08 13:56:05,597] WARNING: [!] Capítulo sem número detectado: 'capitulo  (142)' — pulando...
[2025-10-08 13:56:05,597] WARNING: [!] Capítulo sem número detectado: 'capitulo  (141)' — pulando...
[2025-10-08 13:56:05,597] WARNING: [!] Capítulo sem número detectado: 'capitulo  (140)' — pulando...
[2025-10-08 13:56:05,597] WARNING: [!] Capítulo sem número detectado: 'capitulo  (139)' — pulando...
[2025-10-08 13:56:05,597] WARNING: [!] Capítulo sem número detectado: 'capitulo  (138)' — pulando...
[2025-10-08 13:56:05,597] WARNING: [!] Capítulo sem número detectado: 'capitulo  (137)' — pulando...
[2025-10-08 13:56:05,597] WARNING: [!] Capítulo sem número detectado: 'capitulo  (136)' — pulando...
[2025-10-08 13:56:05,598] WARNING: [!] Capítulo sem número detectado: 'capitulo  (135)' — pulando...
[2025-10-08 13:56:05,598] WARNING: [!] Capítulo sem número detectado: 'capitulo  (134)' — pulando...
[2025-10-08 13:56:05,598] WARNING: [!] Capítulo sem número detectado: 'capitulo  (133)' — pulando...
[2025-10-08 13:56:05,598] WARNING: [!] Capítulo sem número detectado: 'capitulo  (132)' — pulando...
[2025-10-08 13:56:05,598] WARNING: [!] Capítulo sem número detectado: 'capitulo  (131)' — pulando...
[2025-10-08 13:56:05,598] WARNING: [!] Capítulo sem número detectado: 'capitulo  (130)' — pulando...
[2025-10-08 13:56:05,598] WARNING: [!] Capítulo sem número detectado: 'capitulo  (129)' — pulando...
[2025-10-08 13:56:05,598] WARNING: [!] Capítulo sem número detectado: 'capitulo  (128)' — pulando...
[2025-10-08 13:56:05,598] WARNING: [!] Capítulo sem número detectado: 'capitulo  (127)' — pulando...
[2025-10-08 13:56:05,599] WARNING: [!] Capítulo sem número detectado: 'capitulo  (126)' — pulando...
[2025-10-08 13:56:05,599] WARNING: [!] Capítulo sem número detectado: 'capitulo  (125)' — pulando...
[2025-10-08 13:56:05,599] WARNING: [!] Capítulo sem número detectado: 'capitulo  (124)' — pulando...
[2025-10-08 13:56:05,599] WARNING: [!] Capítulo sem número detectado: 'capitulo  (123)' — pulando...
[2025-10-08 13:56:05,599] WARNING: [!] Capítulo sem número detectado: 'capitulo  (122)' — pulando...
[2025-10-08 13:56:05,599] WARNING: [!] Capítulo sem número detectado: 'capitulo  (121)' — pulando...
[2025-10-08 13:56:05,599] WARNING: [!] Capítulo sem número detectado: 'capitulo  (120)' — pulando...
[2025-10-08 13:56:05,599] WARNING: [!] Capítulo sem número detectado: 'capitulo  (119)' — pulando...
[2025-10-08 13:56:05,599] WARNING: [!] Capítulo sem número detectado: 'capitulo  (118)' — pulando...
[2025-10-08 13:56:05,600] WARNING: [!] Capítulo sem número detectado: 'capitulo  (117)' — pulando...
[2025-10-08 13:56:05,600] WARNING: [!] Capítulo sem número detectado: 'capitulo  (116)' — pulando...
[2025-10-08 13:56:05,600] WARNING: [!] Capítulo sem número detectado: 'capitulo  (115)' — pulando...
[2025-10-08 13:56:05,600] WARNING: [!] Capítulo sem número detectado: 'capitulo  (114)' — pulando...
[2025-10-08 13:56:05,600] WARNING: [!] Capítulo sem número detectado: 'capitulo  (113)' — pulando...
[2025-10-08 13:56:05,600] WARNING: [!] Capítulo sem número detectado: 'capitulo  (112)' — pulando...
[2025-10-08 13:56:05,600] WARNING: [!] Capítulo sem número detectado: 'capitulo  (111)' — pulando...
[2025-10-08 13:56:05,600] WARNING: [!] Capítulo sem número detectado: 'capitulo  (110)' — pulando...
[2025-10-08 13:56:05,601] WARNING: [!] Capítulo sem número detectado: 'capitulo  (109)' — pulando...
[2025-10-08 13:56:05,601] WARNING: [!] Capítulo sem número detectado: 'capitulo  (108)' — pulando...
[2025-10-08 13:56:05,601] WARNING: [!] Capítulo sem número detectado: 'capitulo  (107)' — pulando...
[2025-10-08 13:56:05,601] WARNING: [!] Capítulo sem número detectado: 'capitulo  (106)' — pulando...
[2025-10-08 13:56:05,601] WARNING: [!] Capítulo sem número detectado: 'capitulo  (105)' — pulando...
[2025-10-08 13:56:05,601] WARNING: [!] Capítulo sem número detectado: 'capitulo  (104)' — pulando...
[2025-10-08 13:56:05,601] WARNING: [!] Capítulo sem número detectado: 'capitulo  (103)' — pulando...
[2025-10-08 13:56:05,601] WARNING: [!] Capítulo sem número detectado: 'capitulo  (102)' — pulando...
[2025-10-08 13:56:05,601] WARNING: [!] Capítulo sem número detectado: 'capitulo  (101)' — pulando...
[2025-10-08 13:56:05,602] WARNING: [!] Capítulo sem número detectado: 'capitulo  (100)' — pulando...
[2025-10-08 13:56:05,602] WARNING: [!] Capítulo sem número detectado: 'capitulo  (99)' — pulando...
[2025-10-08 13:56:05,602] WARNING: [!] Capítulo sem número detectado: 'capitulo  (98)' — pulando...
[2025-10-08 13:56:05,602] WARNING: [!] Capítulo sem número detectado: 'capitulo  (97)' — pulando...
[2025-10-08 13:56:05,602] WARNING: [!] Capítulo sem número detectado: 'capitulo  (96)' — pulando...
[2025-10-08 13:56:05,602] WARNING: [!] Capítulo sem número detectado: 'capitulo  (95)' — pulando...
[2025-10-08 13:56:05,602] WARNING: [!] Capítulo sem número detectado: 'capitulo  (94)' — pulando...
[2025-10-08 13:56:05,602] WARNING: [!] Capítulo sem número detectado: 'capitulo  (93)' — pulando...
[2025-10-08 13:56:05,602] WARNING: [!] Capítulo sem número detectado: 'capitulo  (92)' — pulando...
[2025-10-08 13:56:05,602] WARNING: [!] Capítulo sem número detectado: 'capitulo  (91)' — pulando...
[2025-10-08 13:56:05,603] WARNING: [!] Capítulo sem número detectado: 'capitulo  (90)' — pulando...
[2025-10-08 13:56:05,603] WARNING: [!] Capítulo sem número detectado: 'capitulo  (89)' — pulando...
[2025-10-08 13:56:05,603] WARNING: [!] Capítulo sem número detectado: 'capitulo  (88)' — pulando...
[2025-10-08 13:56:05,603] WARNING: [!] Capítulo sem número detectado: 'capitulo  (87)' — pulando...
[2025-10-08 13:56:05,603] WARNING: [!] Capítulo sem número detectado: 'capitulo  (86)' — pulando...
[2025-10-08 13:56:05,603] WARNING: [!] Capítulo sem número detectado: 'capitulo  (85)' — pulando...
[2025-10-08 13:56:05,603] WARNING: [!] Capítulo sem número detectado: 'capitulo  (84)' — pulando...
[2025-10-08 13:56:05,603] WARNING: [!] Capítulo sem número detectado: 'capitulo  (83)' — pulando...
[2025-10-08 13:56:05,603] WARNING: [!] Capítulo sem número detectado: 'capitulo  (82)' — pulando...
[2025-10-08 13:56:05,604] WARNING: [!] Capítulo sem número detectado: 'capitulo  (81)' — pulando...
[2025-10-08 13:56:05,604] WARNING: [!] Capítulo sem número detectado: 'capitulo  (80)' — pulando...
[2025-10-08 13:56:05,604] WARNING: [!] Capítulo sem número detectado: 'capitulo  (79)' — pulando...
[2025-10-08 13:56:05,604] WARNING: [!] Capítulo sem número detectado: 'capitulo  (78)' — pulando...
[2025-10-08 13:56:05,604] WARNING: [!] Capítulo sem número detectado: 'capitulo  (77)' — pulando...
[2025-10-08 13:56:05,604] WARNING: [!] Capítulo sem número detectado: 'capitulo  (76)' — pulando...
[2025-10-08 13:56:05,604] WARNING: [!] Capítulo sem número detectado: 'capitulo  (75)' — pulando...
[2025-10-08 13:56:05,604] WARNING: [!] Capítulo sem número detectado: 'capitulo  (74)' — pulando...
[2025-10-08 13:56:05,604] WARNING: [!] Capítulo sem número detectado: 'capitulo  (73)' — pulando...
[2025-10-08 13:56:05,604] WARNING: [!] Capítulo sem número detectado: 'capitulo  (72)' — pulando...
[2025-10-08 13:56:05,605] WARNING: [!] Capítulo sem número detectado: 'capitulo  (71)' — pulando...
[2025-10-08 13:56:05,605] WARNING: [!] Capítulo sem número detectado: 'capitulo  (70)' — pulando...
[2025-10-08 13:56:05,605] WARNING: [!] Capítulo sem número detectado: 'capitulo  (69)' — pulando...
[2025-10-08 13:56:05,605] WARNING: [!] Capítulo sem número detectado: 'capitulo  (68)' — pulando...
[2025-10-08 13:56:05,605] WARNING: [!] Capítulo sem número detectado: 'capitulo  (67)' — pulando...
[2025-10-08 13:56:05,605] WARNING: [!] Capítulo sem número detectado: 'capitulo  (66)' — pulando...
[2025-10-08 13:56:05,605] WARNING: [!] Capítulo sem número detectado: 'capitulo  (65)' — pulando...
[2025-10-08 13:56:05,605] WARNING: [!] Capítulo sem número detectado: 'capitulo  (64)' — pulando...
[2025-10-08 13:56:05,605] WARNING: [!] Capítulo sem número detectado: 'capitulo  (63)' — pulando...
[2025-10-08 13:56:05,606] WARNING: [!] Capítulo sem número detectado: 'capitulo  (62)' — pulando...
[2025-10-08 13:56:05,606] WARNING: [!] Capítulo sem número detectado: 'capitulo  (61)' — pulando...
[2025-10-08 13:56:05,606] WARNING: [!] Capítulo sem número detectado: 'capitulo  (60)' — pulando...
[2025-10-08 13:56:05,606] WARNING: [!] Capítulo sem número detectado: 'capitulo  (59)' — pulando...
[2025-10-08 13:56:05,606] WARNING: [!] Capítulo sem número detectado: 'capitulo  (58)' — pulando...
[2025-10-08 13:56:05,606] WARNING: [!] Capítulo sem número detectado: 'capitulo  (57)' — pulando...
[2025-10-08 13:56:05,606] WARNING: [!] Capítulo sem número detectado: 'capitulo  (56)' — pulando...
[2025-10-08 13:56:05,606] WARNING: [!] Capítulo sem número detectado: 'capitulo  (55)' — pulando...
[2025-10-08 13:56:05,606] WARNING: [!] Capítulo sem número detectado: 'capitulo  (54)' — pulando...
[2025-10-08 13:56:05,606] WARNING: [!] Capítulo sem número detectado: 'capitulo  (53)' — pulando...
[2025-10-08 13:56:05,607] WARNING: [!] Capítulo sem número detectado: 'capitulo  (52)' — pulando...
[2025-10-08 13:56:05,607] WARNING: [!] Capítulo sem número detectado: 'capitulo  (51)' — pulando...
[2025-10-08 13:56:05,607] WARNING: [!] Capítulo sem número detectado: 'capitulo  (50)' — pulando...
[2025-10-08 13:56:05,607] WARNING: [!] Capítulo sem número detectado: 'capitulo  (49)' — pulando...
[2025-10-08 13:56:05,607] WARNING: [!] Capítulo sem número detectado: 'capitulo  (48)' — pulando...
[2025-10-08 13:56:05,607] WARNING: [!] Capítulo sem número detectado: 'capitulo  (47)' — pulando...
[2025-10-08 13:56:05,607] WARNING: [!] Capítulo sem número detectado: 'capitulo  (46)' — pulando...
[2025-10-08 13:56:05,607] WARNING: [!] Capítulo sem número detectado: 'capitulo  (45)' — pulando...
[2025-10-08 13:56:05,607] WARNING: [!] Capítulo sem número detectado: 'capitulo  (44)' — pulando...
[2025-10-08 13:56:05,608] WARNING: [!] Capítulo sem número detectado: 'capitulo  (43)' — pulando...
[2025-10-08 13:56:05,608] WARNING: [!] Capítulo sem número detectado: 'capitulo  (42)' — pulando...
[2025-10-08 13:56:05,608] WARNING: [!] Capítulo sem número detectado: 'capitulo  (41)' — pulando...
[2025-10-08 13:56:05,608] WARNING: [!] Capítulo sem número detectado: 'capitulo  (40)' — pulando...
[2025-10-08 13:56:05,608] WARNING: [!] Capítulo sem número detectado: 'capitulo  (39)' — pulando...
[2025-10-08 13:56:05,608] WARNING: [!] Capítulo sem número detectado: 'capitulo  (38)' — pulando...
[2025-10-08 13:56:05,608] WARNING: [!] Capítulo sem número detectado: 'capitulo  (37)' — pulando...
[2025-10-08 13:56:05,608] WARNING: [!] Capítulo sem número detectado: 'capitulo  (36)' — pulando...
[2025-10-08 13:56:05,608] WARNING: [!] Capítulo sem número detectado: 'capitulo  (35)' — pulando...
[2025-10-08 13:56:05,609] WARNING: [!] Capítulo sem número detectado: 'capitulo  (34)' — pulando...
[2025-10-08 13:56:05,609] WARNING: [!] Capítulo sem número detectado: 'capitulo  (33)' — pulando...
[2025-10-08 13:56:05,609] WARNING: [!] Capítulo sem número detectado: 'capitulo  (32)' — pulando...
[2025-10-08 13:56:05,609] WARNING: [!] Capítulo sem número detectado: 'capitulo  (31)' — pulando...
[2025-10-08 13:56:05,609] WARNING: [!] Capítulo sem número detectado: 'capitulo  (30)' — pulando...
[2025-10-08 13:56:05,609] WARNING: [!] Capítulo sem número detectado: 'capitulo  (29)' — pulando...
[2025-10-08 13:56:05,609] WARNING: [!] Capítulo sem número detectado: 'capitulo  (28)' — pulando...
[2025-10-08 13:56:05,609] WARNING: [!] Capítulo sem número detectado: 'capitulo  (27)' — pulando...
[2025-10-08 13:56:05,609] WARNING: [!] Capítulo sem número detectado: 'capitulo  (26)' — pulando...
[2025-10-08 13:56:05,610] WARNING: [!] Capítulo sem número detectado: 'capitulo  (25)' — pulando...
[2025-10-08 13:56:05,610] WARNING: [!] Capítulo sem número detectado: 'capitulo  (24)' — pulando...
[2025-10-08 13:56:05,610] WARNING: [!] Capítulo sem número detectado: 'capitulo  (23)' — pulando...
[2025-10-08 13:56:05,610] WARNING: [!] Capítulo sem número detectado: 'capitulo  (22)' — pulando...
[2025-10-08 13:56:05,610] WARNING: [!] Capítulo sem número detectado: 'capitulo  (21)' — pulando...
[2025-10-08 13:56:05,610] WARNING: [!] Capítulo sem número detectado: 'capitulo  (20)' — pulando...
[2025-10-08 13:56:05,610] WARNING: [!] Capítulo sem número detectado: 'capitulo  (19)' — pulando...
[2025-10-08 13:56:05,610] WARNING: [!] Capítulo sem número detectado: 'capitulo  (18)' — pulando...
[2025-10-08 13:56:05,610] WARNING: [!] Capítulo sem número detectado: 'capitulo  (17)' — pulando...
[2025-10-08 13:56:05,611] WARNING: [!] Capítulo sem número detectado: 'capitulo  (16)' — pulando...
[2025-10-08 13:56:05,611] WARNING: [!] Capítulo sem número detectado: 'capitulo  (15)' — pulando...
[2025-10-08 13:56:05,611] WARNING: [!] Capítulo sem número detectado: 'capitulo  (14)' — pulando...
[2025-10-08 13:56:05,611] WARNING: [!] Capítulo sem número detectado: 'capitulo  (13)' — pulando...
[2025-10-08 13:56:05,611] WARNING: [!] Capítulo sem número detectado: 'capitulo  (12)' — pulando...
[2025-10-08 13:56:05,611] WARNING: [!] Capítulo sem número detectado: 'capitulo  (11)' — pulando...
[2025-10-08 13:56:05,611] WARNING: [!] Capítulo sem número detectado: 'capitulo  (10)' — pulando...
[2025-10-08 13:56:05,611] WARNING: [!] Capítulo sem número detectado: 'capitulo  (9)' — pulando...
[2025-10-08 13:56:05,611] WARNING: [!] Capítulo sem número detectado: 'capitulo  (8)' — pulando...
[2025-10-08 13:56:05,611] WARNING: [!] Capítulo sem número detectado: 'capitulo  (7)' — pulando...
[2025-10-08 13:56:05,612] WARNING: [!] Capítulo sem número detectado: 'capitulo  (6)' — pulando...
[2025-10-08 13:56:05,612] WARNING: [!] Capítulo sem número detectado: 'capitulo  (5)' — pulando...
[2025-10-08 13:56:05,612] WARNING: [!] Capítulo sem número detectado: 'capitulo  (4)' — pulando...
[2025-10-08 13:56:05,612] WARNING: [!] Capítulo sem número detectado: 'capitulo  (3)' — pulando...
[2025-10-08 13:56:05,612] WARNING: [!] Capítulo sem número detectado: 'capitulo  (2)' — pulando...
[2025-10-08 13:56:05,612] WARNING: [!] Capítulo sem número detectado: 'capitulo  (1)' — pulando...
[2025-10-08 13:56:05,612] INFO: [*] Total de capítulos extraídos: 81
[2025-10-08 13:56:05,612] INFO: [!] Capítulo 242 já existente em 'Blue Lock'.
[2025-10-08 13:56:05,612] INFO: [!] Capítulo 243 já existente em 'Blue Lock'.
[2025-10-08 13:56:05,612] INFO: [!] Capítulo 244 já existente em 'Blue Lock'.
[2025-10-08 13:56:05,612] INFO: [!] Capítulo 245 já existente em 'Blue Lock'.
[2025-10-08 13:56:05,612] INFO: [!] Capítulo 246 já existente em 'Blue Lock'.
[2025-10-08 13:56:05,613] INFO: [!] Capítulo 247 já existente em 'Blue Lock'.
[2025-10-08 13:56:05,613] INFO: [!] Capítulo 248 já existente em 'Blue Lock'.
[2025-10-08 13:56:05,613] INFO: [!] Capítulo 249 já existente em 'Blue Lock'.
[2025-10-08 13:56:05,613] INFO: [!] Capítulo 250 já existente em 'Blue Lock'.
[2025-10-08 13:56:05,613] INFO: [!] Capítulo 251 já existente em 'Blue Lock'.
[2025-10-08 13:56:05,613] INFO: [!] Capítulo 252 já existente em 'Blue Lock'.
[2025-10-08 13:56:05,613] INFO: [!] Capítulo 253 já existente em 'Blue Lock'.
[2025-10-08 13:56:05,613] INFO: [!] Capítulo 254 já existente em 'Blue Lock'.
[2025-10-08 13:56:05,613] INFO: [!] Capítulo 255 já existente em 'Blue Lock'.
[2025-10-08 13:56:05,613] INFO: [!] Capítulo 256 já existente em 'Blue Lock'.
[2025-10-08 13:56:05,613] INFO: [!] Capítulo 257 já existente em 'Blue Lock'.
[2025-10-08 13:56:05,613] INFO: [!] Capítulo 258 já existente em 'Blue Lock'.
[2025-10-08 13:56:05,613] INFO: [!] Capítulo 259 já existente em 'Blue Lock'.
[2025-10-08 13:56:05,613] INFO: [!] Capítulo 260 já existente em 'Blue Lock'.
[2025-10-08 13:56:05,613] INFO: [!] Capítulo 261 já existente em 'Blue Lock'.
[2025-10-08 13:56:05,613] INFO: [!] Capítulo 262 já existente em 'Blue Lock'.
[2025-10-08 13:56:05,613] INFO: [!] Capítulo 263 já existente em 'Blue Lock'.
[2025-10-08 13:56:05,613] INFO: [!] Capítulo 264 já existente em 'Blue Lock'.
[2025-10-08 13:56:05,613] INFO: [!] Capítulo 265 já existente em 'Blue Lock'.
[2025-10-08 13:56:05,613] INFO: [!] Capítulo 266 já existente em 'Blue Lock'.
[2025-10-08 13:56:05,614] INFO: [!] Capítulo 267 já existente em 'Blue Lock'.
[2025-10-08 13:56:05,614] INFO: [!] Capítulo 268 já existente em 'Blue Lock'.
[2025-10-08 13:56:05,614] INFO: [!] Capítulo 269 já existente em 'Blue Lock'.
[2025-10-08 13:56:05,614] INFO: [!] Capítulo 270 já existente em 'Blue Lock'.
[2025-10-08 13:56:05,614] INFO: [!] Capítulo 271 já existente em 'Blue Lock'.
[2025-10-08 13:56:05,614] INFO: [!] Capítulo 272 já existente em 'Blue Lock'.
[2025-10-08 13:56:05,614] INFO: [!] Capítulo 273 já existente em 'Blue Lock'.
[2025-10-08 13:56:05,614] INFO: [!] Capítulo 274 já existente em 'Blue Lock'.
[2025-10-08 13:56:05,614] INFO: [!] Capítulo 275 já existente em 'Blue Lock'.
[2025-10-08 13:56:05,614] INFO: [!] Capítulo 276 já existente em 'Blue Lock'.
[2025-10-08 13:56:05,614] INFO: [!] Capítulo 277 já existente em 'Blue Lock'.
[2025-10-08 13:56:05,614] INFO: [!] Capítulo 278 já existente em 'Blue Lock'.
[2025-10-08 13:56:05,614] INFO: [!] Capítulo 279 já existente em 'Blue Lock'.
[2025-10-08 13:56:05,614] INFO: [!] Capítulo 280 já existente em 'Blue Lock'.
[2025-10-08 13:56:05,614] INFO: [!] Capítulo 281 já existente em 'Blue Lock'.
[2025-10-08 13:56:05,614] INFO: [!] Capítulo 282 já existente em 'Blue Lock'.
[2025-10-08 13:56:05,614] INFO: [!] Capítulo 283 já existente em 'Blue Lock'.
[2025-10-08 13:56:05,614] INFO: [!] Capítulo 284 já existente em 'Blue Lock'.
[2025-10-08 13:56:05,614] INFO: [!] Capítulo 285 já existente em 'Blue Lock'.
[2025-10-08 13:56:05,614] INFO: [!] Capítulo 286 já existente em 'Blue Lock'.
[2025-10-08 13:56:05,615] INFO: [!] Capítulo 287 já existente em 'Blue Lock'.
[2025-10-08 13:56:05,615] INFO: [!] Capítulo 288 já existente em 'Blue Lock'.
[2025-10-08 13:56:05,615] INFO: [!] Capítulo 288.2 já existente em 'Blue Lock'.
[2025-10-08 13:56:05,615] INFO: [!] Capítulo 289 já existente em 'Blue Lock'.
[2025-10-08 13:56:05,615] INFO: [!] Capítulo 290 já existente em 'Blue Lock'.
[2025-10-08 13:56:05,615] INFO: [!] Capítulo 291 já existente em 'Blue Lock'.
[2025-10-08 13:56:05,615] INFO: [!] Capítulo 292 já existente em 'Blue Lock'.
[2025-10-08 13:56:05,615] INFO: [!] Capítulo 293 já existente em 'Blue Lock'.
[2025-10-08 13:56:05,615] INFO: [!] Capítulo 294 já existente em 'Blue Lock'.
[2025-10-08 13:56:05,615] INFO: [!] Capítulo 295 já existente em 'Blue Lock'.
[2025-10-08 13:56:05,615] INFO: [!] Capítulo 296 já existente em 'Blue Lock'.
[2025-10-08 13:56:05,615] INFO: [!] Capítulo 297 já existente em 'Blue Lock'.
[2025-10-08 13:56:05,615] INFO: [!] Capítulo 298 já existente em 'Blue Lock'.
[2025-10-08 13:56:05,615] INFO: [!] Capítulo 299 já existente em 'Blue Lock'.
[2025-10-08 13:56:05,615] INFO: [!] Capítulo 300 já existente em 'Blue Lock'.
[2025-10-08 13:56:05,615] INFO: [!] Capítulo 301 já existente em 'Blue Lock'.
[2025-10-08 13:56:05,615] INFO: [!] Capítulo 302 já existente em 'Blue Lock'.
[2025-10-08 13:56:05,615] INFO: [!] Capítulo 303 já existente em 'Blue Lock'.
[2025-10-08 13:56:05,615] INFO: [!] Capítulo 304 já existente em 'Blue Lock'.
[2025-10-08 13:56:05,616] INFO: [!] Capítulo 305 já existente em 'Blue Lock'.
[2025-10-08 13:56:05,616] INFO: [!] Capítulo 306 já existente em 'Blue Lock'.
[2025-10-08 13:56:05,616] INFO: [!] Capítulo 307 já existente em 'Blue Lock'.
[2025-10-08 13:56:05,616] INFO: [!] Capítulo 308 já existente em 'Blue Lock'.
[2025-10-08 13:56:05,616] INFO: [!] Capítulo 309 já existente em 'Blue Lock'.
[2025-10-08 13:56:05,616] INFO: [!] Capítulo 310 já existente em 'Blue Lock'.
[2025-10-08 13:56:05,616] INFO: [!] Capítulo 311 já existente em 'Blue Lock'.
[2025-10-08 13:56:05,616] INFO: [!] Capítulo 312 já existente em 'Blue Lock'.
[2025-10-08 13:56:05,616] INFO: [!] Capítulo 313 já existente em 'Blue Lock'.
[2025-10-08 13:56:05,616] INFO: [!] Capítulo 314.1 já existente em 'Blue Lock'.
[2025-10-08 13:56:05,616] INFO: [!] Capítulo 314.2 já existente em 'Blue Lock'.
[2025-10-08 13:56:05,616] INFO: [!] Capítulo 315 já existente em 'Blue Lock'.
[2025-10-08 13:56:05,616] INFO: [!] Capítulo 316 já existente em 'Blue Lock'.
[2025-10-08 13:56:05,616] INFO: [!] Capítulo 317 já existente em 'Blue Lock'.
[2025-10-08 13:56:05,616] INFO: [!] Capítulo 318 já existente em 'Blue Lock'.
[2025-10-08 13:56:05,616] INFO: [!] Capítulo 319 já existente em 'Blue Lock'.
[2025-10-08 13:56:05,616] INFO: [!] Capítulo 320 já existente em 'Blue Lock'.
[2025-10-08 13:56:05,680] INFO: [*] Buscando capítulos pela url: https://mangaonline.blog/manga/eleceed/
[2025-10-08 13:56:05,865] INFO: [*] Capítulos encontrados: 281
[2025-10-08 13:56:05,879] INFO: [*] Total de capítulos extraídos: 281
[2025-10-08 13:56:05,879] INFO: [!] Capítulo 1 já existente em 'Eleceed'.
[2025-10-08 13:56:05,879] INFO: [!] Capítulo 2 já existente em 'Eleceed'.
[2025-10-08 13:56:05,879] INFO: [!] Capítulo 3 já existente em 'Eleceed'.
[2025-10-08 13:56:05,879] INFO: [!] Capítulo 4 já existente em 'Eleceed'.
[2025-10-08 13:56:05,880] INFO: [!] Capítulo 5 já existente em 'Eleceed'.
[2025-10-08 13:56:05,880] INFO: [!] Capítulo 6 já existente em 'Eleceed'.
[2025-10-08 13:56:05,880] INFO: [!] Capítulo 7 já existente em 'Eleceed'.
[2025-10-08 13:56:05,880] INFO: [!] Capítulo 8 já existente em 'Eleceed'.
[2025-10-08 13:56:05,880] INFO: [!] Capítulo 9 já existente em 'Eleceed'.
[2025-10-08 13:56:05,880] INFO: [!] Capítulo 10 já existente em 'Eleceed'.
[2025-10-08 13:56:05,880] INFO: [!] Capítulo 11 já existente em 'Eleceed'.
[2025-10-08 13:56:05,880] INFO: [!] Capítulo 12 já existente em 'Eleceed'.
[2025-10-08 13:56:05,880] INFO: [!] Capítulo 13 já existente em 'Eleceed'.
[2025-10-08 13:56:05,880] INFO: [!] Capítulo 14 já existente em 'Eleceed'.
[2025-10-08 13:56:05,880] INFO: [!] Capítulo 15 já existente em 'Eleceed'.
[2025-10-08 13:56:05,880] INFO: [!] Capítulo 16 já existente em 'Eleceed'.
[2025-10-08 13:56:05,880] INFO: [!] Capítulo 17 já existente em 'Eleceed'.
[2025-10-08 13:56:05,880] INFO: [!] Capítulo 18 já existente em 'Eleceed'.
[2025-10-08 13:56:05,880] INFO: [!] Capítulo 19 já existente em 'Eleceed'.
[2025-10-08 13:56:05,880] INFO: [!] Capítulo 20 já existente em 'Eleceed'.
[2025-10-08 13:56:05,880] INFO: [!] Capítulo 21 já existente em 'Eleceed'.
[2025-10-08 13:56:05,880] INFO: [!] Capítulo 22 já existente em 'Eleceed'.
[2025-10-08 13:56:05,880] INFO: [!] Capítulo 23 já existente em 'Eleceed'.
[2025-10-08 13:56:05,881] INFO: [!] Capítulo 24 já existente em 'Eleceed'.
[2025-10-08 13:56:05,881] INFO: [!] Capítulo 25 já existente em 'Eleceed'.
[2025-10-08 13:56:05,881] INFO: [!] Capítulo 26 já existente em 'Eleceed'.
[2025-10-08 13:56:05,881] INFO: [!] Capítulo 27 já existente em 'Eleceed'.
[2025-10-08 13:56:05,881] INFO: [!] Capítulo 28 já existente em 'Eleceed'.
[2025-10-08 13:56:05,881] INFO: [!] Capítulo 29 já existente em 'Eleceed'.
[2025-10-08 13:56:05,881] INFO: [!] Capítulo 30 já existente em 'Eleceed'.
[2025-10-08 13:56:05,881] INFO: [!] Capítulo 31 já existente em 'Eleceed'.
[2025-10-08 13:56:05,881] INFO: [!] Capítulo 32 já existente em 'Eleceed'.
[2025-10-08 13:56:05,881] INFO: [!] Capítulo 33 já existente em 'Eleceed'.
[2025-10-08 13:56:05,881] INFO: [!] Capítulo 34 já existente em 'Eleceed'.
[2025-10-08 13:56:05,881] INFO: [!] Capítulo 35 já existente em 'Eleceed'.
[2025-10-08 13:56:05,881] INFO: [!] Capítulo 36 já existente em 'Eleceed'.
[2025-10-08 13:56:05,881] INFO: [!] Capítulo 37 já existente em 'Eleceed'.
[2025-10-08 13:56:05,881] INFO: [!] Capítulo 38 já existente em 'Eleceed'.
[2025-10-08 13:56:05,881] INFO: [!] Capítulo 39 já existente em 'Eleceed'.
[2025-10-08 13:56:05,881] INFO: [!] Capítulo 40 já existente em 'Eleceed'.
[2025-10-08 13:56:05,881] INFO: [!] Capítulo 41 já existente em 'Eleceed'.
[2025-10-08 13:56:05,881] INFO: [!] Capítulo 42 já existente em 'Eleceed'.
[2025-10-08 13:56:05,881] INFO: [!] Capítulo 43 já existente em 'Eleceed'.
[2025-10-08 13:56:05,882] INFO: [!] Capítulo 44 já existente em 'Eleceed'.
[2025-10-08 13:56:05,882] INFO: [!] Capítulo 45 já existente em 'Eleceed'.
[2025-10-08 13:56:05,882] INFO: [!] Capítulo 46 já existente em 'Eleceed'.
[2025-10-08 13:56:05,882] INFO: [!] Capítulo 47 já existente em 'Eleceed'.
[2025-10-08 13:56:05,882] INFO: [!] Capítulo 48 já existente em 'Eleceed'.
[2025-10-08 13:56:05,882] INFO: [!] Capítulo 49 já existente em 'Eleceed'.
[2025-10-08 13:56:05,882] INFO: [!] Capítulo 50 já existente em 'Eleceed'.
[2025-10-08 13:56:05,882] INFO: [!] Capítulo 51 já existente em 'Eleceed'.
[2025-10-08 13:56:05,882] INFO: [!] Capítulo 52 já existente em 'Eleceed'.
[2025-10-08 13:56:05,882] INFO: [!] Capítulo 53 já existente em 'Eleceed'.
[2025-10-08 13:56:05,882] INFO: [!] Capítulo 54 já existente em 'Eleceed'.
[2025-10-08 13:56:05,882] INFO: [!] Capítulo 55 já existente em 'Eleceed'.
[2025-10-08 13:56:05,882] INFO: [!] Capítulo 56 já existente em 'Eleceed'.
[2025-10-08 13:56:05,882] INFO: [!] Capítulo 57 já existente em 'Eleceed'.
[2025-10-08 13:56:05,882] INFO: [!] Capítulo 58 já existente em 'Eleceed'.
[2025-10-08 13:56:05,882] INFO: [!] Capítulo 59 já existente em 'Eleceed'.
[2025-10-08 13:56:05,882] INFO: [!] Capítulo 60 já existente em 'Eleceed'.
[2025-10-08 13:56:05,882] INFO: [!] Capítulo 61 já existente em 'Eleceed'.
[2025-10-08 13:56:05,882] INFO: [!] Capítulo 62 já existente em 'Eleceed'.
[2025-10-08 13:56:05,882] INFO: [!] Capítulo 63 já existente em 'Eleceed'.
[2025-10-08 13:56:05,883] INFO: [!] Capítulo 64 já existente em 'Eleceed'.
[2025-10-08 13:56:05,883] INFO: [!] Capítulo 65 já existente em 'Eleceed'.
[2025-10-08 13:56:05,883] INFO: [!] Capítulo 66 já existente em 'Eleceed'.
[2025-10-08 13:56:05,883] INFO: [!] Capítulo 67 já existente em 'Eleceed'.
[2025-10-08 13:56:05,883] INFO: [!] Capítulo 68 já existente em 'Eleceed'.
[2025-10-08 13:56:05,883] INFO: [!] Capítulo 69 já existente em 'Eleceed'.
[2025-10-08 13:56:05,883] INFO: [!] Capítulo 70 já existente em 'Eleceed'.
[2025-10-08 13:56:05,883] INFO: [!] Capítulo 71 já existente em 'Eleceed'.
[2025-10-08 13:56:05,883] INFO: [!] Capítulo 72 já existente em 'Eleceed'.
[2025-10-08 13:56:05,883] INFO: [!] Capítulo 73 já existente em 'Eleceed'.
[2025-10-08 13:56:05,883] INFO: [!] Capítulo 74 já existente em 'Eleceed'.
[2025-10-08 13:56:05,883] INFO: [!] Capítulo 75 já existente em 'Eleceed'.
[2025-10-08 13:56:05,883] INFO: [!] Capítulo 76 já existente em 'Eleceed'.
[2025-10-08 13:56:05,883] INFO: [!] Capítulo 77 já existente em 'Eleceed'.
[2025-10-08 13:56:05,883] INFO: [!] Capítulo 78 já existente em 'Eleceed'.
[2025-10-08 13:56:05,883] INFO: [!] Capítulo 79 já existente em 'Eleceed'.
[2025-10-08 13:56:05,883] INFO: [!] Capítulo 80 já existente em 'Eleceed'.
[2025-10-08 13:56:05,883] INFO: [!] Capítulo 81 já existente em 'Eleceed'.
[2025-10-08 13:56:05,883] INFO: [!] Capítulo 82 já existente em 'Eleceed'.
[2025-10-08 13:56:05,884] INFO: [!] Capítulo 83 já existente em 'Eleceed'.
[2025-10-08 13:56:05,884] INFO: [!] Capítulo 84 já existente em 'Eleceed'.
[2025-10-08 13:56:05,884] INFO: [!] Capítulo 85 já existente em 'Eleceed'.
[2025-10-08 13:56:05,884] INFO: [!] Capítulo 86 já existente em 'Eleceed'.
[2025-10-08 13:56:05,884] INFO: [!] Capítulo 87 já existente em 'Eleceed'.
[2025-10-08 13:56:05,884] INFO: [!] Capítulo 88 já existente em 'Eleceed'.
[2025-10-08 13:56:05,884] INFO: [!] Capítulo 89 já existente em 'Eleceed'.
[2025-10-08 13:56:05,884] INFO: [!] Capítulo 90 já existente em 'Eleceed'.
[2025-10-08 13:56:05,884] INFO: [!] Capítulo 91 já existente em 'Eleceed'.
[2025-10-08 13:56:05,884] INFO: [!] Capítulo 92 já existente em 'Eleceed'.
[2025-10-08 13:56:05,884] INFO: [!] Capítulo 93 já existente em 'Eleceed'.
[2025-10-08 13:56:05,884] INFO: [!] Capítulo 94 já existente em 'Eleceed'.
[2025-10-08 13:56:05,884] INFO: [!] Capítulo 95 já existente em 'Eleceed'.
[2025-10-08 13:56:05,884] INFO: [!] Capítulo 96 já existente em 'Eleceed'.
[2025-10-08 13:56:05,884] INFO: [!] Capítulo 97 já existente em 'Eleceed'.
[2025-10-08 13:56:05,884] INFO: [!] Capítulo 98 já existente em 'Eleceed'.
[2025-10-08 13:56:05,885] INFO: [!] Capítulo 99 já existente em 'Eleceed'.
[2025-10-08 13:56:05,885] INFO: [!] Capítulo 100 já existente em 'Eleceed'.
[2025-10-08 13:56:05,885] INFO: [!] Capítulo 101 já existente em 'Eleceed'.
[2025-10-08 13:56:05,885] INFO: [!] Capítulo 102 já existente em 'Eleceed'.
[2025-10-08 13:56:05,885] INFO: [!] Capítulo 103 já existente em 'Eleceed'.
[2025-10-08 13:56:05,885] INFO: [!] Capítulo 104 já existente em 'Eleceed'.
[2025-10-08 13:56:05,885] INFO: [!] Capítulo 105 já existente em 'Eleceed'.
[2025-10-08 13:56:05,885] INFO: [!] Capítulo 106 já existente em 'Eleceed'.
[2025-10-08 13:56:05,885] INFO: [!] Capítulo 107 já existente em 'Eleceed'.
[2025-10-08 13:56:05,885] INFO: [!] Capítulo 108 já existente em 'Eleceed'.
[2025-10-08 13:56:05,885] INFO: [!] Capítulo 109 já existente em 'Eleceed'.
[2025-10-08 13:56:05,885] INFO: [!] Capítulo 110 já existente em 'Eleceed'.
[2025-10-08 13:56:05,885] INFO: [!] Capítulo 111 já existente em 'Eleceed'.
[2025-10-08 13:56:05,885] INFO: [!] Capítulo 112 já existente em 'Eleceed'.
[2025-10-08 13:56:05,885] INFO: [!] Capítulo 113 já existente em 'Eleceed'.
[2025-10-08 13:56:05,885] INFO: [!] Capítulo 114 já existente em 'Eleceed'.
[2025-10-08 13:56:05,885] INFO: [!] Capítulo 115 já existente em 'Eleceed'.
[2025-10-08 13:56:05,886] INFO: [!] Capítulo 116 já existente em 'Eleceed'.
[2025-10-08 13:56:05,886] INFO: [!] Capítulo 117 já existente em 'Eleceed'.
[2025-10-08 13:56:05,886] INFO: [!] Capítulo 118 já existente em 'Eleceed'.
[2025-10-08 13:56:05,886] INFO: [!] Capítulo 119 já existente em 'Eleceed'.
[2025-10-08 13:56:05,886] INFO: [!] Capítulo 120 já existente em 'Eleceed'.
[2025-10-08 13:56:05,886] INFO: [!] Capítulo 121 já existente em 'Eleceed'.
[2025-10-08 13:56:05,886] INFO: [!] Capítulo 122 já existente em 'Eleceed'.
[2025-10-08 13:56:05,886] INFO: [!] Capítulo 123 já existente em 'Eleceed'.
[2025-10-08 13:56:05,887] INFO: [!] Capítulo 124 já existente em 'Eleceed'.
[2025-10-08 13:56:05,887] INFO: [!] Capítulo 125 já existente em 'Eleceed'.
[2025-10-08 13:56:05,887] INFO: [!] Capítulo 126 já existente em 'Eleceed'.
[2025-10-08 13:56:05,887] INFO: [!] Capítulo 127 já existente em 'Eleceed'.
[2025-10-08 13:56:05,887] INFO: [!] Capítulo 128 já existente em 'Eleceed'.
[2025-10-08 13:56:05,887] INFO: [!] Capítulo 129 já existente em 'Eleceed'.
[2025-10-08 13:56:05,887] INFO: [!] Capítulo 130 já existente em 'Eleceed'.
[2025-10-08 13:56:05,887] INFO: [!] Capítulo 131 já existente em 'Eleceed'.
[2025-10-08 13:56:05,887] INFO: [!] Capítulo 132 já existente em 'Eleceed'.
[2025-10-08 13:56:05,887] INFO: [!] Capítulo 133 já existente em 'Eleceed'.
[2025-10-08 13:56:05,887] INFO: [!] Capítulo 134 já existente em 'Eleceed'.
[2025-10-08 13:56:05,887] INFO: [!] Capítulo 135 já existente em 'Eleceed'.
[2025-10-08 13:56:05,887] INFO: [!] Capítulo 136 já existente em 'Eleceed'.
[2025-10-08 13:56:05,887] INFO: [!] Capítulo 137 já existente em 'Eleceed'.
[2025-10-08 13:56:05,887] INFO: [!] Capítulo 138 já existente em 'Eleceed'.
[2025-10-08 13:56:05,887] INFO: [!] Capítulo 139 já existente em 'Eleceed'.
[2025-10-08 13:56:05,887] INFO: [!] Capítulo 140 já existente em 'Eleceed'.
[2025-10-08 13:56:05,887] INFO: [!] Capítulo 141 já existente em 'Eleceed'.
[2025-10-08 13:56:05,888] INFO: [!] Capítulo 142 já existente em 'Eleceed'.
[2025-10-08 13:56:05,888] INFO: [!] Capítulo 143 já existente em 'Eleceed'.
[2025-10-08 13:56:05,888] INFO: [!] Capítulo 144 já existente em 'Eleceed'.
[2025-10-08 13:56:05,888] INFO: [!] Capítulo 145 já existente em 'Eleceed'.
[2025-10-08 13:56:05,888] INFO: [!] Capítulo 146 já existente em 'Eleceed'.
[2025-10-08 13:56:05,888] INFO: [!] Capítulo 147 já existente em 'Eleceed'.
[2025-10-08 13:56:05,888] INFO: [!] Capítulo 148 já existente em 'Eleceed'.
[2025-10-08 13:56:05,888] INFO: [!] Capítulo 149 já existente em 'Eleceed'.
[2025-10-08 13:56:05,888] INFO: [!] Capítulo 150 já existente em 'Eleceed'.
[2025-10-08 13:56:05,888] INFO: [!] Capítulo 151 já existente em 'Eleceed'.
[2025-10-08 13:56:05,888] INFO: [!] Capítulo 152 já existente em 'Eleceed'.
[2025-10-08 13:56:05,888] INFO: [!] Capítulo 153 já existente em 'Eleceed'.
[2025-10-08 13:56:05,888] INFO: [!] Capítulo 154 já existente em 'Eleceed'.
[2025-10-08 13:56:05,888] INFO: [!] Capítulo 155 já existente em 'Eleceed'.
[2025-10-08 13:56:05,888] INFO: [!] Capítulo 156 já existente em 'Eleceed'.
[2025-10-08 13:56:05,888] INFO: [!] Capítulo 157 já existente em 'Eleceed'.
[2025-10-08 13:56:05,888] INFO: [!] Capítulo 158 já existente em 'Eleceed'.
[2025-10-08 13:56:05,888] INFO: [!] Capítulo 159 já existente em 'Eleceed'.
[2025-10-08 13:56:05,888] INFO: [!] Capítulo 160 já existente em 'Eleceed'.
[2025-10-08 13:56:05,889] INFO: [!] Capítulo 161 já existente em 'Eleceed'.
[2025-10-08 13:56:05,889] INFO: [!] Capítulo 162 já existente em 'Eleceed'.
[2025-10-08 13:56:05,889] INFO: [!] Capítulo 163 já existente em 'Eleceed'.
[2025-10-08 13:56:05,889] INFO: [!] Capítulo 164 já existente em 'Eleceed'.
[2025-10-08 13:56:05,889] INFO: [!] Capítulo 165 já existente em 'Eleceed'.
[2025-10-08 13:56:05,889] INFO: [!] Capítulo 166 já existente em 'Eleceed'.
[2025-10-08 13:56:05,889] INFO: [!] Capítulo 167 já existente em 'Eleceed'.
[2025-10-08 13:56:05,889] INFO: [!] Capítulo 168 já existente em 'Eleceed'.
[2025-10-08 13:56:05,889] INFO: [!] Capítulo 169 já existente em 'Eleceed'.
[2025-10-08 13:56:05,889] INFO: [!] Capítulo 170 já existente em 'Eleceed'.
[2025-10-08 13:56:05,889] INFO: [!] Capítulo 171 já existente em 'Eleceed'.
[2025-10-08 13:56:05,889] INFO: [!] Capítulo 172 já existente em 'Eleceed'.
[2025-10-08 13:56:05,889] INFO: [!] Capítulo 173 já existente em 'Eleceed'.
[2025-10-08 13:56:05,889] INFO: [!] Capítulo 174 já existente em 'Eleceed'.
[2025-10-08 13:56:05,889] INFO: [!] Capítulo 175 já existente em 'Eleceed'.
[2025-10-08 13:56:05,889] INFO: [!] Capítulo 176 já existente em 'Eleceed'.
[2025-10-08 13:56:05,889] INFO: [!] Capítulo 177 já existente em 'Eleceed'.
[2025-10-08 13:56:05,889] INFO: [!] Capítulo 178 já existente em 'Eleceed'.
[2025-10-08 13:56:05,889] INFO: [!] Capítulo 179 já existente em 'Eleceed'.
[2025-10-08 13:56:05,890] INFO: [!] Capítulo 180 já existente em 'Eleceed'.
[2025-10-08 13:56:05,890] INFO: [!] Capítulo 181 já existente em 'Eleceed'.
[2025-10-08 13:56:05,890] INFO: [!] Capítulo 182 já existente em 'Eleceed'.
[2025-10-08 13:56:05,890] INFO: [!] Capítulo 183 já existente em 'Eleceed'.
[2025-10-08 13:56:05,890] INFO: [!] Capítulo 184 já existente em 'Eleceed'.
[2025-10-08 13:56:05,890] INFO: [!] Capítulo 185 já existente em 'Eleceed'.
[2025-10-08 13:56:05,890] INFO: [!] Capítulo 186 já existente em 'Eleceed'.
[2025-10-08 13:56:05,890] INFO: [!] Capítulo 187 já existente em 'Eleceed'.
[2025-10-08 13:56:05,890] INFO: [!] Capítulo 188 já existente em 'Eleceed'.
[2025-10-08 13:56:05,890] INFO: [!] Capítulo 189 já existente em 'Eleceed'.
[2025-10-08 13:56:05,890] INFO: [!] Capítulo 190 já existente em 'Eleceed'.
[2025-10-08 13:56:05,890] INFO: [!] Capítulo 191 já existente em 'Eleceed'.
[2025-10-08 13:56:05,890] INFO: [!] Capítulo 192 já existente em 'Eleceed'.
[2025-10-08 13:56:05,890] INFO: [!] Capítulo 193 já existente em 'Eleceed'.
[2025-10-08 13:56:05,890] INFO: [!] Capítulo 194 já existente em 'Eleceed'.
[2025-10-08 13:56:05,890] INFO: [!] Capítulo 195 já existente em 'Eleceed'.
[2025-10-08 13:56:05,890] INFO: [!] Capítulo 196 já existente em 'Eleceed'.
[2025-10-08 13:56:05,890] INFO: [!] Capítulo 197 já existente em 'Eleceed'.
[2025-10-08 13:56:05,890] INFO: [!] Capítulo 198 já existente em 'Eleceed'.
[2025-10-08 13:56:05,890] INFO: [!] Capítulo 199 já existente em 'Eleceed'.
[2025-10-08 13:56:05,891] INFO: [!] Capítulo 200 já existente em 'Eleceed'.
[2025-10-08 13:56:05,891] INFO: [!] Capítulo 201 já existente em 'Eleceed'.
[2025-10-08 13:56:05,891] INFO: [!] Capítulo 202 já existente em 'Eleceed'.
[2025-10-08 13:56:05,891] INFO: [!] Capítulo 203 já existente em 'Eleceed'.
[2025-10-08 13:56:05,891] INFO: [!] Capítulo 204 já existente em 'Eleceed'.
[2025-10-08 13:56:05,891] INFO: [!] Capítulo 205 já existente em 'Eleceed'.
[2025-10-08 13:56:05,891] INFO: [!] Capítulo 206 já existente em 'Eleceed'.
[2025-10-08 13:56:05,891] INFO: [!] Capítulo 207 já existente em 'Eleceed'.
[2025-10-08 13:56:05,891] INFO: [!] Capítulo 208 já existente em 'Eleceed'.
[2025-10-08 13:56:05,891] INFO: [!] Capítulo 209 já existente em 'Eleceed'.
[2025-10-08 13:56:05,891] INFO: [!] Capítulo 210 já existente em 'Eleceed'.
[2025-10-08 13:56:05,891] INFO: [!] Capítulo 300 já existente em 'Eleceed'.
[2025-10-08 13:56:05,891] INFO: [!] Capítulo 301 já existente em 'Eleceed'.
[2025-10-08 13:56:05,891] INFO: [!] Capítulo 302 já existente em 'Eleceed'.
[2025-10-08 13:56:05,891] INFO: [!] Capítulo 303 já existente em 'Eleceed'.
[2025-10-08 13:56:05,891] INFO: [!] Capítulo 304 já existente em 'Eleceed'.
[2025-10-08 13:56:05,891] INFO: [!] Capítulo 305 já existente em 'Eleceed'.
[2025-10-08 13:56:05,891] INFO: [!] Capítulo 306 já existente em 'Eleceed'.
[2025-10-08 13:56:05,891] INFO: [!] Capítulo 307 já existente em 'Eleceed'.
[2025-10-08 13:56:05,891] INFO: [!] Capítulo 308 já existente em 'Eleceed'.
[2025-10-08 13:56:05,892] INFO: [!] Capítulo 309 já existente em 'Eleceed'.
[2025-10-08 13:56:05,892] INFO: [!] Capítulo 310 já existente em 'Eleceed'.
[2025-10-08 13:56:05,892] INFO: [!] Capítulo 311 já existente em 'Eleceed'.
[2025-10-08 13:56:05,892] INFO: [!] Capítulo 313 já existente em 'Eleceed'.
[2025-10-08 13:56:05,892] INFO: [!] Capítulo 314 já existente em 'Eleceed'.
[2025-10-08 13:56:05,892] INFO: [!] Capítulo 315 já existente em 'Eleceed'.
[2025-10-08 13:56:05,892] INFO: [!] Capítulo 316 já existente em 'Eleceed'.
[2025-10-08 13:56:05,892] INFO: [!] Capítulo 317 já existente em 'Eleceed'.
[2025-10-08 13:56:05,892] INFO: [!] Capítulo 318 já existente em 'Eleceed'.
[2025-10-08 13:56:05,892] INFO: [!] Capítulo 319 já existente em 'Eleceed'.
[2025-10-08 13:56:05,892] INFO: [!] Capítulo 320 já existente em 'Eleceed'.
[2025-10-08 13:56:05,892] INFO: [!] Capítulo 321 já existente em 'Eleceed'.
[2025-10-08 13:56:05,892] INFO: [!] Capítulo 322 já existente em 'Eleceed'.
[2025-10-08 13:56:05,892] INFO: [!] Capítulo 323 já existente em 'Eleceed'.
[2025-10-08 13:56:05,892] INFO: [!] Capítulo 324 já existente em 'Eleceed'.
[2025-10-08 13:56:05,892] INFO: [!] Capítulo 325 já existente em 'Eleceed'.
[2025-10-08 13:56:05,892] INFO: [!] Capítulo 326 já existente em 'Eleceed'.
[2025-10-08 13:56:05,892] INFO: [!] Capítulo 327 já existente em 'Eleceed'.
[2025-10-08 13:56:05,892] INFO: [!] Capítulo 328 já existente em 'Eleceed'.
[2025-10-08 13:56:05,892] INFO: [!] Capítulo 329 já existente em 'Eleceed'.
[2025-10-08 13:56:05,893] INFO: [!] Capítulo 330 já existente em 'Eleceed'.
[2025-10-08 13:56:05,893] INFO: [!] Capítulo 331 já existente em 'Eleceed'.
[2025-10-08 13:56:05,893] INFO: [!] Capítulo 332 já existente em 'Eleceed'.
[2025-10-08 13:56:05,893] INFO: [!] Capítulo 333 já existente em 'Eleceed'.
[2025-10-08 13:56:05,893] INFO: [!] Capítulo 334 já existente em 'Eleceed'.
[2025-10-08 13:56:05,893] INFO: [!] Capítulo 335 já existente em 'Eleceed'.
[2025-10-08 13:56:05,893] INFO: [!] Capítulo 336 já existente em 'Eleceed'.
[2025-10-08 13:56:05,893] INFO: [!] Capítulo 337 já existente em 'Eleceed'.
[2025-10-08 13:56:05,893] INFO: [!] Capítulo 338 já existente em 'Eleceed'.
[2025-10-08 13:56:05,893] INFO: [!] Capítulo 339 já existente em 'Eleceed'.
[2025-10-08 13:56:05,893] INFO: [!] Capítulo 340 já existente em 'Eleceed'.
[2025-10-08 13:56:05,893] INFO: [!] Capítulo 341 já existente em 'Eleceed'.
[2025-10-08 13:56:05,893] INFO: [!] Capítulo 342 já existente em 'Eleceed'.
[2025-10-08 13:56:05,893] INFO: [!] Capítulo 343 já existente em 'Eleceed'.
[2025-10-08 13:56:05,893] INFO: [!] Capítulo 344 já existente em 'Eleceed'.
[2025-10-08 13:56:05,893] INFO: [!] Capítulo 345 já existente em 'Eleceed'.
[2025-10-08 13:56:05,893] INFO: [!] Capítulo 346 já existente em 'Eleceed'.
[2025-10-08 13:56:05,893] INFO: [!] Capítulo 347 já existente em 'Eleceed'.
[2025-10-08 13:56:05,893] INFO: [!] Capítulo 348 já existente em 'Eleceed'.
[2025-10-08 13:56:05,894] INFO: [!] Capítulo 349 já existente em 'Eleceed'.
[2025-10-08 13:56:05,894] INFO: [!] Capítulo 350 já existente em 'Eleceed'.
[2025-10-08 13:56:05,894] INFO: [!] Capítulo 351 já existente em 'Eleceed'.
[2025-10-08 13:56:05,894] INFO: [!] Capítulo 352 já existente em 'Eleceed'.
[2025-10-08 13:56:05,894] INFO: [!] Capítulo 353 já existente em 'Eleceed'.
[2025-10-08 13:56:05,894] INFO: [!] Capítulo 354 já existente em 'Eleceed'.
[2025-10-08 13:56:05,894] INFO: [!] Capítulo 355 já existente em 'Eleceed'.
[2025-10-08 13:56:05,894] INFO: [!] Capítulo 356 já existente em 'Eleceed'.
[2025-10-08 13:56:05,894] INFO: [!] Capítulo 357 já existente em 'Eleceed'.
[2025-10-08 13:56:05,894] INFO: [!] Capítulo 358 já existente em 'Eleceed'.
[2025-10-08 13:56:05,894] INFO: [!] Capítulo 359 já existente em 'Eleceed'.
[2025-10-08 13:56:05,894] INFO: [!] Capítulo 360 já existente em 'Eleceed'.
[2025-10-08 13:56:05,894] INFO: [!] Capítulo 361 já existente em 'Eleceed'.
[2025-10-08 13:56:05,894] INFO: [!] Capítulo 362 já existente em 'Eleceed'.
[2025-10-08 13:56:05,894] INFO: [!] Capítulo 363 já existente em 'Eleceed'.
[2025-10-08 13:56:05,894] INFO: [!] Capítulo 364 já existente em 'Eleceed'.
[2025-10-08 13:56:05,894] INFO: [!] Capítulo 365 já existente em 'Eleceed'.
[2025-10-08 13:56:05,894] INFO: [!] Capítulo 366 já existente em 'Eleceed'.
[2025-10-08 13:56:05,894] INFO: [!] Capítulo 367 já existente em 'Eleceed'.
[2025-10-08 13:56:05,894] INFO: [!] Capítulo 368 já existente em 'Eleceed'.
[2025-10-08 13:56:05,895] INFO: [!] Capítulo 369 já existente em 'Eleceed'.
[2025-10-08 13:56:05,895] INFO: [!] Capítulo 370 já existente em 'Eleceed'.
[2025-10-08 13:56:05,895] INFO: [!] Capítulo 371 já existente em 'Eleceed'.
[2025-10-08 13:56:05,958] INFO: [*] Buscando capítulos pela url: https://mangaonline.blog/manga/the-infinite-mage/
[2025-10-08 13:56:06,072] INFO: [*] Capítulos encontrados: 139
[2025-10-08 13:56:06,079] INFO: [*] Total de capítulos extraídos: 139
[2025-10-08 13:56:06,080] INFO: [*] Mangá 'The Infinite Mage' sincronizado com sucesso.
[2025-10-08 13:56:06,097] INFO: [*] Buscando capítulos pela url: https://mangaonline.blog/manga/mo-huang-da-guan-jia-magic-emperor-manga-pt-br/
[2025-10-08 13:56:06,612] INFO: [*] Capítulos encontrados: 742
[2025-10-08 13:56:06,619] WARNING: [!] Capítulo sem número detectado: 'capitulo (565)' — pulando...
[2025-10-08 13:56:06,619] WARNING: [!] Capítulo sem número detectado: 'capitulo (564)' — pulando...
[2025-10-08 13:56:06,619] WARNING: [!] Capítulo sem número detectado: 'capitulo (563)' — pulando...
[2025-10-08 13:56:06,619] WARNING: [!] Capítulo sem número detectado: 'capitulo (562)' — pulando...
[2025-10-08 13:56:06,620] WARNING: [!] Capítulo sem número detectado: 'capitulo (561)' — pulando...
[2025-10-08 13:56:06,620] WARNING: [!] Capítulo sem número detectado: 'capitulo (560)' — pulando...
[2025-10-08 13:56:06,620] WARNING: [!] Capítulo sem número detectado: 'capitulo (559)' — pulando...
[2025-10-08 13:56:06,620] WARNING: [!] Capítulo sem número detectado: 'capitulo (558)' — pulando...
[2025-10-08 13:56:06,620] WARNING: [!] Capítulo sem número detectado: 'capitulo (557)' — pulando...
[2025-10-08 13:56:06,620] WARNING: [!] Capítulo sem número detectado: 'capitulo (556)' — pulando...
[2025-10-08 13:56:06,620] WARNING: [!] Capítulo sem número detectado: 'capitulo (555)' — pulando...
[2025-10-08 13:56:06,620] WARNING: [!] Capítulo sem número detectado: 'capitulo (554)' — pulando...
[2025-10-08 13:56:06,621] WARNING: [!] Capítulo sem número detectado: 'capitulo (553)' — pulando...
[2025-10-08 13:56:06,621] WARNING: [!] Capítulo sem número detectado: 'capitulo (552)' — pulando...
[2025-10-08 13:56:06,621] WARNING: [!] Capítulo sem número detectado: 'capitulo (551)' — pulando...
[2025-10-08 13:56:06,621] WARNING: [!] Capítulo sem número detectado: 'capitulo (550)' — pulando...
[2025-10-08 13:56:06,621] WARNING: [!] Capítulo sem número detectado: 'capitulo (549)' — pulando...
[2025-10-08 13:56:06,621] WARNING: [!] Capítulo sem número detectado: 'capitulo (548)' — pulando...
[2025-10-08 13:56:06,621] WARNING: [!] Capítulo sem número detectado: 'capitulo (547)' — pulando...
[2025-10-08 13:56:06,621] WARNING: [!] Capítulo sem número detectado: 'capitulo (546)' — pulando...
[2025-10-08 13:56:06,621] WARNING: [!] Capítulo sem número detectado: 'capitulo (545)' — pulando...
[2025-10-08 13:56:06,621] WARNING: [!] Capítulo sem número detectado: 'capitulo (544)' — pulando...
[2025-10-08 13:56:06,622] WARNING: [!] Capítulo sem número detectado: 'capitulo (543)' — pulando...
[2025-10-08 13:56:06,622] WARNING: [!] Capítulo sem número detectado: 'capitulo (542)' — pulando...
[2025-10-08 13:56:06,622] WARNING: [!] Capítulo sem número detectado: 'capitulo (541)' — pulando...
[2025-10-08 13:56:06,622] WARNING: [!] Capítulo sem número detectado: 'capitulo (540)' — pulando...
[2025-10-08 13:56:06,622] WARNING: [!] Capítulo sem número detectado: 'capitulo (539)' — pulando...
[2025-10-08 13:56:06,622] WARNING: [!] Capítulo sem número detectado: 'capitulo (538)' — pulando...
[2025-10-08 13:56:06,622] WARNING: [!] Capítulo sem número detectado: 'capitulo (537)' — pulando...
[2025-10-08 13:56:06,622] WARNING: [!] Capítulo sem número detectado: 'capitulo (536)' — pulando...
[2025-10-08 13:56:06,622] WARNING: [!] Capítulo sem número detectado: 'capitulo (535)' — pulando...
[2025-10-08 13:56:06,623] WARNING: [!] Capítulo sem número detectado: 'capitulo (534)' — pulando...
[2025-10-08 13:56:06,623] WARNING: [!] Capítulo sem número detectado: 'capitulo (533)' — pulando...
[2025-10-08 13:56:06,623] WARNING: [!] Capítulo sem número detectado: 'capitulo (532)' — pulando...
[2025-10-08 13:56:06,623] WARNING: [!] Capítulo sem número detectado: 'capitulo (531)' — pulando...
[2025-10-08 13:56:06,623] WARNING: [!] Capítulo sem número detectado: 'capitulo (530)' — pulando...
[2025-10-08 13:56:06,623] WARNING: [!] Capítulo sem número detectado: 'capitulo (529)' — pulando...
[2025-10-08 13:56:06,623] WARNING: [!] Capítulo sem número detectado: 'capitulo (528)' — pulando...
[2025-10-08 13:56:06,623] WARNING: [!] Capítulo sem número detectado: 'capitulo (527)' — pulando...
[2025-10-08 13:56:06,623] WARNING: [!] Capítulo sem número detectado: 'capitulo (526)' — pulando...
[2025-10-08 13:56:06,624] WARNING: [!] Capítulo sem número detectado: 'capitulo (525)' — pulando...
[2025-10-08 13:56:06,624] WARNING: [!] Capítulo sem número detectado: 'capitulo (524)' — pulando...
[2025-10-08 13:56:06,624] WARNING: [!] Capítulo sem número detectado: 'capitulo (523)' — pulando...
[2025-10-08 13:56:06,624] WARNING: [!] Capítulo sem número detectado: 'capitulo (522)' — pulando...
[2025-10-08 13:56:06,624] WARNING: [!] Capítulo sem número detectado: 'capitulo (521)' — pulando...
[2025-10-08 13:56:06,624] WARNING: [!] Capítulo sem número detectado: 'capitulo (520)' — pulando...
[2025-10-08 13:56:06,624] WARNING: [!] Capítulo sem número detectado: 'capitulo (519)' — pulando...
[2025-10-08 13:56:06,624] WARNING: [!] Capítulo sem número detectado: 'capitulo (518)' — pulando...
[2025-10-08 13:56:06,624] WARNING: [!] Capítulo sem número detectado: 'capitulo (517)' — pulando...
[2025-10-08 13:56:06,625] WARNING: [!] Capítulo sem número detectado: 'capitulo (516)' — pulando...
[2025-10-08 13:56:06,625] WARNING: [!] Capítulo sem número detectado: 'capitulo (515)' — pulando...
[2025-10-08 13:56:06,625] WARNING: [!] Capítulo sem número detectado: 'capitulo (514)' — pulando...
[2025-10-08 13:56:06,625] WARNING: [!] Capítulo sem número detectado: 'capitulo (513)' — pulando...
[2025-10-08 13:56:06,625] WARNING: [!] Capítulo sem número detectado: 'capitulo (512)' — pulando...
[2025-10-08 13:56:06,625] WARNING: [!] Capítulo sem número detectado: 'capitulo (511)' — pulando...
[2025-10-08 13:56:06,625] WARNING: [!] Capítulo sem número detectado: 'capitulo (510)' — pulando...
[2025-10-08 13:56:06,625] WARNING: [!] Capítulo sem número detectado: 'capitulo (509)' — pulando...
[2025-10-08 13:56:06,625] WARNING: [!] Capítulo sem número detectado: 'capitulo (508)' — pulando...
[2025-10-08 13:56:06,626] WARNING: [!] Capítulo sem número detectado: 'capitulo (507)' — pulando...
[2025-10-08 13:56:06,626] WARNING: [!] Capítulo sem número detectado: 'capitulo (506)' — pulando...
[2025-10-08 13:56:06,626] WARNING: [!] Capítulo sem número detectado: 'capitulo (505)' — pulando...
[2025-10-08 13:56:06,626] WARNING: [!] Capítulo sem número detectado: 'capitulo (504)' — pulando...
[2025-10-08 13:56:06,626] WARNING: [!] Capítulo sem número detectado: 'capitulo (503)' — pulando...
[2025-10-08 13:56:06,626] WARNING: [!] Capítulo sem número detectado: 'capitulo (502)' — pulando...
[2025-10-08 13:56:06,626] WARNING: [!] Capítulo sem número detectado: 'capitulo (501)' — pulando...
[2025-10-08 13:56:06,626] WARNING: [!] Capítulo sem número detectado: 'capitulo (500)' — pulando...
[2025-10-08 13:56:06,626] WARNING: [!] Capítulo sem número detectado: 'capitulo (499)' — pulando...
[2025-10-08 13:56:06,626] WARNING: [!] Capítulo sem número detectado: 'capitulo (498)' — pulando...
[2025-10-08 13:56:06,627] WARNING: [!] Capítulo sem número detectado: 'capitulo (497)' — pulando...
[2025-10-08 13:56:06,627] WARNING: [!] Capítulo sem número detectado: 'capitulo (496)' — pulando...
[2025-10-08 13:56:06,627] WARNING: [!] Capítulo sem número detectado: 'capitulo (495)' — pulando...
[2025-10-08 13:56:06,627] WARNING: [!] Capítulo sem número detectado: 'capitulo (494)' — pulando...
[2025-10-08 13:56:06,627] WARNING: [!] Capítulo sem número detectado: 'capitulo (493)' — pulando...
[2025-10-08 13:56:06,627] WARNING: [!] Capítulo sem número detectado: 'capitulo (492)' — pulando...
[2025-10-08 13:56:06,627] WARNING: [!] Capítulo sem número detectado: 'capitulo (491)' — pulando...
[2025-10-08 13:56:06,627] WARNING: [!] Capítulo sem número detectado: 'capitulo (490)' — pulando...
[2025-10-08 13:56:06,627] WARNING: [!] Capítulo sem número detectado: 'capitulo (489)' — pulando...
[2025-10-08 13:56:06,628] WARNING: [!] Capítulo sem número detectado: 'capitulo (488)' — pulando...
[2025-10-08 13:56:06,628] WARNING: [!] Capítulo sem número detectado: 'capitulo (487)' — pulando...
[2025-10-08 13:56:06,628] WARNING: [!] Capítulo sem número detectado: 'capitulo (486)' — pulando...
[2025-10-08 13:56:06,628] WARNING: [!] Capítulo sem número detectado: 'capitulo (485)' — pulando...
[2025-10-08 13:56:06,628] WARNING: [!] Capítulo sem número detectado: 'capitulo (484)' — pulando...
[2025-10-08 13:56:06,628] WARNING: [!] Capítulo sem número detectado: 'capitulo (483)' — pulando...
[2025-10-08 13:56:06,628] WARNING: [!] Capítulo sem número detectado: 'capitulo (482)' — pulando...
[2025-10-08 13:56:06,628] WARNING: [!] Capítulo sem número detectado: 'capitulo (481)' — pulando...
[2025-10-08 13:56:06,628] WARNING: [!] Capítulo sem número detectado: 'capitulo (480)' — pulando...
[2025-10-08 13:56:06,628] WARNING: [!] Capítulo sem número detectado: 'capitulo (479)' — pulando...
[2025-10-08 13:56:06,629] WARNING: [!] Capítulo sem número detectado: 'capitulo (478)' — pulando...
[2025-10-08 13:56:06,629] WARNING: [!] Capítulo sem número detectado: 'capitulo (477)' — pulando...
[2025-10-08 13:56:06,629] WARNING: [!] Capítulo sem número detectado: 'capitulo (476)' — pulando...
[2025-10-08 13:56:06,629] WARNING: [!] Capítulo sem número detectado: 'capitulo (475)' — pulando...
[2025-10-08 13:56:06,629] WARNING: [!] Capítulo sem número detectado: 'capitulo (474)' — pulando...
[2025-10-08 13:56:06,629] WARNING: [!] Capítulo sem número detectado: 'capitulo (473)' — pulando...
[2025-10-08 13:56:06,629] WARNING: [!] Capítulo sem número detectado: 'capitulo (472)' — pulando...
[2025-10-08 13:56:06,629] WARNING: [!] Capítulo sem número detectado: 'capitulo (471)' — pulando...
[2025-10-08 13:56:06,629] WARNING: [!] Capítulo sem número detectado: 'capitulo (470)' — pulando...
[2025-10-08 13:56:06,630] WARNING: [!] Capítulo sem número detectado: 'capitulo (469)' — pulando...
[2025-10-08 13:56:06,630] WARNING: [!] Capítulo sem número detectado: 'capitulo (468)' — pulando...
[2025-10-08 13:56:06,630] WARNING: [!] Capítulo sem número detectado: 'capitulo (467)' — pulando...
[2025-10-08 13:56:06,630] WARNING: [!] Capítulo sem número detectado: 'capitulo (466)' — pulando...
[2025-10-08 13:56:06,630] WARNING: [!] Capítulo sem número detectado: 'capitulo (465)' — pulando...
[2025-10-08 13:56:06,630] WARNING: [!] Capítulo sem número detectado: 'capitulo (464)' — pulando...
[2025-10-08 13:56:06,630] WARNING: [!] Capítulo sem número detectado: 'capitulo (463)' — pulando...
[2025-10-08 13:56:06,630] WARNING: [!] Capítulo sem número detectado: 'capitulo (462)' — pulando...
[2025-10-08 13:56:06,630] WARNING: [!] Capítulo sem número detectado: 'capitulo (461)' — pulando...
[2025-10-08 13:56:06,631] WARNING: [!] Capítulo sem número detectado: 'capitulo (460)' — pulando...
[2025-10-08 13:56:06,631] WARNING: [!] Capítulo sem número detectado: 'capitulo (459)' — pulando...
[2025-10-08 13:56:06,631] WARNING: [!] Capítulo sem número detectado: 'capitulo (458)' — pulando...
[2025-10-08 13:56:06,631] WARNING: [!] Capítulo sem número detectado: 'capitulo (457)' — pulando...
[2025-10-08 13:56:06,631] WARNING: [!] Capítulo sem número detectado: 'capitulo (456)' — pulando...
[2025-10-08 13:56:06,631] WARNING: [!] Capítulo sem número detectado: 'capitulo (455)' — pulando...
[2025-10-08 13:56:06,631] WARNING: [!] Capítulo sem número detectado: 'capitulo (454)' — pulando...
[2025-10-08 13:56:06,631] WARNING: [!] Capítulo sem número detectado: 'capitulo (453)' — pulando...
[2025-10-08 13:56:06,631] WARNING: [!] Capítulo sem número detectado: 'capitulo (452)' — pulando...
[2025-10-08 13:56:06,632] WARNING: [!] Capítulo sem número detectado: 'capitulo (451)' — pulando...
[2025-10-08 13:56:06,632] WARNING: [!] Capítulo sem número detectado: 'capitulo (450)' — pulando...
[2025-10-08 13:56:06,632] WARNING: [!] Capítulo sem número detectado: 'capitulo (449)' — pulando...
[2025-10-08 13:56:06,632] WARNING: [!] Capítulo sem número detectado: 'capitulo (448)' — pulando...
[2025-10-08 13:56:06,632] WARNING: [!] Capítulo sem número detectado: 'capitulo (447)' — pulando...
[2025-10-08 13:56:06,632] WARNING: [!] Capítulo sem número detectado: 'capitulo (446)' — pulando...
[2025-10-08 13:56:06,632] WARNING: [!] Capítulo sem número detectado: 'capitulo (445)' — pulando...
[2025-10-08 13:56:06,632] WARNING: [!] Capítulo sem número detectado: 'capitulo (444)' — pulando...
[2025-10-08 13:56:06,632] WARNING: [!] Capítulo sem número detectado: 'capitulo (443)' — pulando...
[2025-10-08 13:56:06,632] WARNING: [!] Capítulo sem número detectado: 'capitulo (442)' — pulando...
[2025-10-08 13:56:06,633] WARNING: [!] Capítulo sem número detectado: 'capitulo (441)' — pulando...
[2025-10-08 13:56:06,633] WARNING: [!] Capítulo sem número detectado: 'capitulo (440)' — pulando...
[2025-10-08 13:56:06,633] WARNING: [!] Capítulo sem número detectado: 'capitulo (439)' — pulando...
[2025-10-08 13:56:06,633] WARNING: [!] Capítulo sem número detectado: 'capitulo (438)' — pulando...
[2025-10-08 13:56:06,633] WARNING: [!] Capítulo sem número detectado: 'capitulo (437)' — pulando...
[2025-10-08 13:56:06,633] WARNING: [!] Capítulo sem número detectado: 'capitulo (436)' — pulando...
[2025-10-08 13:56:06,633] WARNING: [!] Capítulo sem número detectado: 'capitulo (435)' — pulando...
[2025-10-08 13:56:06,633] WARNING: [!] Capítulo sem número detectado: 'capitulo (434)' — pulando...
[2025-10-08 13:56:06,633] WARNING: [!] Capítulo sem número detectado: 'capitulo (433)' — pulando...
[2025-10-08 13:56:06,634] WARNING: [!] Capítulo sem número detectado: 'capitulo (432)' — pulando...
[2025-10-08 13:56:06,634] WARNING: [!] Capítulo sem número detectado: 'capitulo (431)' — pulando...
[2025-10-08 13:56:06,634] WARNING: [!] Capítulo sem número detectado: 'capitulo (430)' — pulando...
[2025-10-08 13:56:06,634] WARNING: [!] Capítulo sem número detectado: 'capitulo (429)' — pulando...
[2025-10-08 13:56:06,634] WARNING: [!] Capítulo sem número detectado: 'capitulo (428)' — pulando...
[2025-10-08 13:56:06,634] WARNING: [!] Capítulo sem número detectado: 'capitulo (427)' — pulando...
[2025-10-08 13:56:06,634] WARNING: [!] Capítulo sem número detectado: 'capitulo (426)' — pulando...
[2025-10-08 13:56:06,634] WARNING: [!] Capítulo sem número detectado: 'capitulo (425)' — pulando...
[2025-10-08 13:56:06,634] WARNING: [!] Capítulo sem número detectado: 'capitulo (424)' — pulando...
[2025-10-08 13:56:06,634] WARNING: [!] Capítulo sem número detectado: 'capitulo (423)' — pulando...
[2025-10-08 13:56:06,635] WARNING: [!] Capítulo sem número detectado: 'capitulo (422)' — pulando...
[2025-10-08 13:56:06,635] WARNING: [!] Capítulo sem número detectado: 'capitulo (421)' — pulando...
[2025-10-08 13:56:06,635] WARNING: [!] Capítulo sem número detectado: 'capitulo (420)' — pulando...
[2025-10-08 13:56:06,635] WARNING: [!] Capítulo sem número detectado: 'capitulo (419)' — pulando...
[2025-10-08 13:56:06,635] WARNING: [!] Capítulo sem número detectado: 'capitulo (418)' — pulando...
[2025-10-08 13:56:06,635] WARNING: [!] Capítulo sem número detectado: 'capitulo (417)' — pulando...
[2025-10-08 13:56:06,635] WARNING: [!] Capítulo sem número detectado: 'capitulo (416)' — pulando...
[2025-10-08 13:56:06,635] WARNING: [!] Capítulo sem número detectado: 'capitulo (415)' — pulando...
[2025-10-08 13:56:06,635] WARNING: [!] Capítulo sem número detectado: 'capitulo (414)' — pulando...
[2025-10-08 13:56:06,636] WARNING: [!] Capítulo sem número detectado: 'capitulo (413)' — pulando...
[2025-10-08 13:56:06,636] WARNING: [!] Capítulo sem número detectado: 'capitulo (412)' — pulando...
[2025-10-08 13:56:06,636] WARNING: [!] Capítulo sem número detectado: 'capitulo (411)' — pulando...
[2025-10-08 13:56:06,636] WARNING: [!] Capítulo sem número detectado: 'capitulo (410)' — pulando...
[2025-10-08 13:56:06,636] WARNING: [!] Capítulo sem número detectado: 'capitulo (409)' — pulando...
[2025-10-08 13:56:06,636] WARNING: [!] Capítulo sem número detectado: 'capitulo (408)' — pulando...
[2025-10-08 13:56:06,636] WARNING: [!] Capítulo sem número detectado: 'capitulo (407)' — pulando...
[2025-10-08 13:56:06,636] WARNING: [!] Capítulo sem número detectado: 'capitulo (406)' — pulando...
[2025-10-08 13:56:06,636] WARNING: [!] Capítulo sem número detectado: 'capitulo (405)' — pulando...
[2025-10-08 13:56:06,636] WARNING: [!] Capítulo sem número detectado: 'capitulo (404)' — pulando...
[2025-10-08 13:56:06,637] WARNING: [!] Capítulo sem número detectado: 'capitulo (403)' — pulando...
[2025-10-08 13:56:06,637] WARNING: [!] Capítulo sem número detectado: 'capitulo (402)' — pulando...
[2025-10-08 13:56:06,637] WARNING: [!] Capítulo sem número detectado: 'capitulo (401)' — pulando...
[2025-10-08 13:56:06,637] WARNING: [!] Capítulo sem número detectado: 'capitulo (400)' — pulando...
[2025-10-08 13:56:06,637] WARNING: [!] Capítulo sem número detectado: 'capitulo (399)' — pulando...
[2025-10-08 13:56:06,637] WARNING: [!] Capítulo sem número detectado: 'capitulo (398)' — pulando...
[2025-10-08 13:56:06,637] WARNING: [!] Capítulo sem número detectado: 'capitulo (397)' — pulando...
[2025-10-08 13:56:06,637] WARNING: [!] Capítulo sem número detectado: 'capitulo (396)' — pulando...
[2025-10-08 13:56:06,637] WARNING: [!] Capítulo sem número detectado: 'capitulo (395)' — pulando...
[2025-10-08 13:56:06,638] WARNING: [!] Capítulo sem número detectado: 'capitulo (394)' — pulando...
[2025-10-08 13:56:06,638] WARNING: [!] Capítulo sem número detectado: 'capitulo (393)' — pulando...
[2025-10-08 13:56:06,638] WARNING: [!] Capítulo sem número detectado: 'capitulo (392)' — pulando...
[2025-10-08 13:56:06,638] WARNING: [!] Capítulo sem número detectado: 'capitulo (391)' — pulando...
[2025-10-08 13:56:06,638] WARNING: [!] Capítulo sem número detectado: 'capitulo (390)' — pulando...
[2025-10-08 13:56:06,638] WARNING: [!] Capítulo sem número detectado: 'capitulo (389)' — pulando...
[2025-10-08 13:56:06,638] WARNING: [!] Capítulo sem número detectado: 'capitulo (388)' — pulando...
[2025-10-08 13:56:06,638] WARNING: [!] Capítulo sem número detectado: 'capitulo (387)' — pulando...
[2025-10-08 13:56:06,638] WARNING: [!] Capítulo sem número detectado: 'capitulo (386)' — pulando...
[2025-10-08 13:56:06,638] WARNING: [!] Capítulo sem número detectado: 'capitulo (385)' — pulando...
[2025-10-08 13:56:06,639] WARNING: [!] Capítulo sem número detectado: 'capitulo (384)' — pulando...
[2025-10-08 13:56:06,639] WARNING: [!] Capítulo sem número detectado: 'capitulo (383)' — pulando...
[2025-10-08 13:56:06,639] WARNING: [!] Capítulo sem número detectado: 'capitulo (382)' — pulando...
[2025-10-08 13:56:06,639] WARNING: [!] Capítulo sem número detectado: 'capitulo (381)' — pulando...
[2025-10-08 13:56:06,639] WARNING: [!] Capítulo sem número detectado: 'capitulo (380)' — pulando...
[2025-10-08 13:56:06,639] WARNING: [!] Capítulo sem número detectado: 'capitulo (379)' — pulando...
[2025-10-08 13:56:06,639] WARNING: [!] Capítulo sem número detectado: 'capitulo (378)' — pulando...
[2025-10-08 13:56:06,639] WARNING: [!] Capítulo sem número detectado: 'capitulo (377)' — pulando...
[2025-10-08 13:56:06,639] WARNING: [!] Capítulo sem número detectado: 'capitulo (376)' — pulando...
[2025-10-08 13:56:06,639] WARNING: [!] Capítulo sem número detectado: 'capitulo (375)' — pulando...
[2025-10-08 13:56:06,640] WARNING: [!] Capítulo sem número detectado: 'capitulo (374)' — pulando...
[2025-10-08 13:56:06,640] WARNING: [!] Capítulo sem número detectado: 'capitulo (373)' — pulando...
[2025-10-08 13:56:06,640] WARNING: [!] Capítulo sem número detectado: 'capitulo (372)' — pulando...
[2025-10-08 13:56:06,640] WARNING: [!] Capítulo sem número detectado: 'capitulo (371)' — pulando...
[2025-10-08 13:56:06,640] WARNING: [!] Capítulo sem número detectado: 'capitulo (370)' — pulando...
[2025-10-08 13:56:06,640] WARNING: [!] Capítulo sem número detectado: 'capitulo (369)' — pulando...
[2025-10-08 13:56:06,640] WARNING: [!] Capítulo sem número detectado: 'capitulo (368)' — pulando...
[2025-10-08 13:56:06,641] WARNING: [!] Capítulo sem número detectado: 'capitulo (367)' — pulando...
[2025-10-08 13:56:06,641] WARNING: [!] Capítulo sem número detectado: 'capitulo (366)' — pulando...
[2025-10-08 13:56:06,641] WARNING: [!] Capítulo sem número detectado: 'capitulo (365)' — pulando...
[2025-10-08 13:56:06,641] WARNING: [!] Capítulo sem número detectado: 'capitulo (364)' — pulando...
[2025-10-08 13:56:06,641] WARNING: [!] Capítulo sem número detectado: 'capitulo (363)' — pulando...
[2025-10-08 13:56:06,641] WARNING: [!] Capítulo sem número detectado: 'capitulo (362)' — pulando...
[2025-10-08 13:56:06,641] WARNING: [!] Capítulo sem número detectado: 'capitulo (361)' — pulando...
[2025-10-08 13:56:06,641] WARNING: [!] Capítulo sem número detectado: 'capitulo (360)' — pulando...
[2025-10-08 13:56:06,641] WARNING: [!] Capítulo sem número detectado: 'capitulo (359)' — pulando...
[2025-10-08 13:56:06,642] WARNING: [!] Capítulo sem número detectado: 'capitulo (358)' — pulando...
[2025-10-08 13:56:06,642] WARNING: [!] Capítulo sem número detectado: 'capitulo (357)' — pulando...
[2025-10-08 13:56:06,642] WARNING: [!] Capítulo sem número detectado: 'capitulo (356)' — pulando...
[2025-10-08 13:56:06,642] WARNING: [!] Capítulo sem número detectado: 'capitulo (355)' — pulando...
[2025-10-08 13:56:06,642] WARNING: [!] Capítulo sem número detectado: 'capitulo (354)' — pulando...
[2025-10-08 13:56:06,642] WARNING: [!] Capítulo sem número detectado: 'capitulo (353)' — pulando...
[2025-10-08 13:56:06,642] WARNING: [!] Capítulo sem número detectado: 'capitulo (352)' — pulando...
[2025-10-08 13:56:06,642] WARNING: [!] Capítulo sem número detectado: 'capitulo (351)' — pulando...
[2025-10-08 13:56:06,643] WARNING: [!] Capítulo sem número detectado: 'capitulo (350)' — pulando...
[2025-10-08 13:56:06,643] WARNING: [!] Capítulo sem número detectado: 'capitulo (349)' — pulando...
[2025-10-08 13:56:06,643] WARNING: [!] Capítulo sem número detectado: 'capitulo (348)' — pulando...
[2025-10-08 13:56:06,643] WARNING: [!] Capítulo sem número detectado: 'capitulo (347)' — pulando...
[2025-10-08 13:56:06,643] WARNING: [!] Capítulo sem número detectado: 'capitulo (346)' — pulando...
[2025-10-08 13:56:06,643] WARNING: [!] Capítulo sem número detectado: 'capitulo (345)' — pulando...
[2025-10-08 13:56:06,643] WARNING: [!] Capítulo sem número detectado: 'capitulo (344)' — pulando...
[2025-10-08 13:56:06,643] WARNING: [!] Capítulo sem número detectado: 'capitulo (343)' — pulando...
[2025-10-08 13:56:06,643] WARNING: [!] Capítulo sem número detectado: 'capitulo (342)' — pulando...
[2025-10-08 13:56:06,643] WARNING: [!] Capítulo sem número detectado: 'capitulo (341)' — pulando...
[2025-10-08 13:56:06,644] WARNING: [!] Capítulo sem número detectado: 'capitulo (340)' — pulando...
[2025-10-08 13:56:06,644] WARNING: [!] Capítulo sem número detectado: 'capitulo (339)' — pulando...
[2025-10-08 13:56:06,644] WARNING: [!] Capítulo sem número detectado: 'capitulo (338)' — pulando...
[2025-10-08 13:56:06,644] WARNING: [!] Capítulo sem número detectado: 'capitulo (337)' — pulando...
[2025-10-08 13:56:06,644] WARNING: [!] Capítulo sem número detectado: 'capitulo (336)' — pulando...
[2025-10-08 13:56:06,644] WARNING: [!] Capítulo sem número detectado: 'capitulo (314)' — pulando...
[2025-10-08 13:56:06,644] WARNING: [!] Capítulo sem número detectado: 'capitulo (313)' — pulando...
[2025-10-08 13:56:06,644] WARNING: [!] Capítulo sem número detectado: 'capitulo (312)' — pulando...
[2025-10-08 13:56:06,644] WARNING: [!] Capítulo sem número detectado: 'capitulo (311)' — pulando...
[2025-10-08 13:56:06,645] WARNING: [!] Capítulo sem número detectado: 'capitulo (310)' — pulando...
[2025-10-08 13:56:06,645] WARNING: [!] Capítulo sem número detectado: 'capitulo (309)' — pulando...
[2025-10-08 13:56:06,645] WARNING: [!] Capítulo sem número detectado: 'capitulo (308)' — pulando...
[2025-10-08 13:56:06,645] WARNING: [!] Capítulo sem número detectado: 'capitulo (307)' — pulando...
[2025-10-08 13:56:06,645] WARNING: [!] Capítulo sem número detectado: 'capitulo (306)' — pulando...
[2025-10-08 13:56:06,645] WARNING: [!] Capítulo sem número detectado: 'capitulo (305)' — pulando...
[2025-10-08 13:56:06,645] WARNING: [!] Capítulo sem número detectado: 'capitulo (304)' — pulando...
[2025-10-08 13:56:06,645] WARNING: [!] Capítulo sem número detectado: 'capitulo (303)' — pulando...
[2025-10-08 13:56:06,645] WARNING: [!] Capítulo sem número detectado: 'capitulo (302)' — pulando...
[2025-10-08 13:56:06,646] WARNING: [!] Capítulo sem número detectado: 'capitulo (301)' — pulando...
[2025-10-08 13:56:06,646] WARNING: [!] Capítulo sem número detectado: 'capitulo (300)' — pulando...
[2025-10-08 13:56:06,646] WARNING: [!] Capítulo sem número detectado: 'capitulo (299)' — pulando...
[2025-10-08 13:56:06,646] WARNING: [!] Capítulo sem número detectado: 'capitulo (298)' — pulando...
[2025-10-08 13:56:06,646] WARNING: [!] Capítulo sem número detectado: 'capitulo (297)' — pulando...
[2025-10-08 13:56:06,646] WARNING: [!] Capítulo sem número detectado: 'capitulo (296)' — pulando...
[2025-10-08 13:56:06,646] WARNING: [!] Capítulo sem número detectado: 'capitulo (295)' — pulando...
[2025-10-08 13:56:06,646] WARNING: [!] Capítulo sem número detectado: 'capitulo (294)' — pulando...
[2025-10-08 13:56:06,646] WARNING: [!] Capítulo sem número detectado: 'capitulo (293)' — pulando...
[2025-10-08 13:56:06,647] WARNING: [!] Capítulo sem número detectado: 'capitulo (292)' — pulando...
[2025-10-08 13:56:06,647] WARNING: [!] Capítulo sem número detectado: 'capitulo (291)' — pulando...
[2025-10-08 13:56:06,647] WARNING: [!] Capítulo sem número detectado: 'capitulo (290)' — pulando...
[2025-10-08 13:56:06,647] WARNING: [!] Capítulo sem número detectado: 'capitulo (289)' — pulando...
[2025-10-08 13:56:06,647] WARNING: [!] Capítulo sem número detectado: 'capitulo (288)' — pulando...
[2025-10-08 13:56:06,647] WARNING: [!] Capítulo sem número detectado: 'capitulo (287)' — pulando...
[2025-10-08 13:56:06,647] WARNING: [!] Capítulo sem número detectado: 'capitulo (286)' — pulando...
[2025-10-08 13:56:06,647] WARNING: [!] Capítulo sem número detectado: 'capitulo (285)' — pulando...
[2025-10-08 13:56:06,648] WARNING: [!] Capítulo sem número detectado: 'capitulo (284)' — pulando...
[2025-10-08 13:56:06,648] WARNING: [!] Capítulo sem número detectado: 'capitulo (283)' — pulando...
[2025-10-08 13:56:06,648] WARNING: [!] Capítulo sem número detectado: 'capitulo (282)' — pulando...
[2025-10-08 13:56:06,648] WARNING: [!] Capítulo sem número detectado: 'capitulo (281)' — pulando...
[2025-10-08 13:56:06,648] WARNING: [!] Capítulo sem número detectado: 'capitulo (280)' — pulando...
[2025-10-08 13:56:06,648] WARNING: [!] Capítulo sem número detectado: 'capitulo (279)' — pulando...
[2025-10-08 13:56:06,648] WARNING: [!] Capítulo sem número detectado: 'capitulo (278)' — pulando...
[2025-10-08 13:56:06,648] WARNING: [!] Capítulo sem número detectado: 'capitulo (277)' — pulando...
[2025-10-08 13:56:06,648] WARNING: [!] Capítulo sem número detectado: 'capitulo (276)' — pulando...
[2025-10-08 13:56:06,649] WARNING: [!] Capítulo sem número detectado: 'capitulo (275)' — pulando...
[2025-10-08 13:56:06,649] WARNING: [!] Capítulo sem número detectado: 'capitulo (274)' — pulando...
[2025-10-08 13:56:06,649] WARNING: [!] Capítulo sem número detectado: 'capitulo (273)' — pulando...
[2025-10-08 13:56:06,649] WARNING: [!] Capítulo sem número detectado: 'capitulo (272)' — pulando...
[2025-10-08 13:56:06,649] WARNING: [!] Capítulo sem número detectado: 'capitulo (271)' — pulando...
[2025-10-08 13:56:06,649] WARNING: [!] Capítulo sem número detectado: 'capitulo (270)' — pulando...
[2025-10-08 13:56:06,649] WARNING: [!] Capítulo sem número detectado: 'capitulo (269)' — pulando...
[2025-10-08 13:56:06,649] WARNING: [!] Capítulo sem número detectado: 'capitulo (268)' — pulando...
[2025-10-08 13:56:06,649] WARNING: [!] Capítulo sem número detectado: 'capitulo (267)' — pulando...
[2025-10-08 13:56:06,650] WARNING: [!] Capítulo sem número detectado: 'capitulo (266)' — pulando...
[2025-10-08 13:56:06,650] WARNING: [!] Capítulo sem número detectado: 'capitulo (265)' — pulando...
[2025-10-08 13:56:06,650] WARNING: [!] Capítulo sem número detectado: 'capitulo (264)' — pulando...
[2025-10-08 13:56:06,650] WARNING: [!] Capítulo sem número detectado: 'capitulo (263)' — pulando...
[2025-10-08 13:56:06,650] WARNING: [!] Capítulo sem número detectado: 'capitulo (262)' — pulando...
[2025-10-08 13:56:06,650] WARNING: [!] Capítulo sem número detectado: 'capitulo (261)' — pulando...
[2025-10-08 13:56:06,650] WARNING: [!] Capítulo sem número detectado: 'capitulo (260)' — pulando...
[2025-10-08 13:56:06,650] WARNING: [!] Capítulo sem número detectado: 'capitulo (259)' — pulando...
[2025-10-08 13:56:06,650] WARNING: [!] Capítulo sem número detectado: 'capitulo (258)' — pulando...
[2025-10-08 13:56:06,650] WARNING: [!] Capítulo sem número detectado: 'capitulo (257)' — pulando...
[2025-10-08 13:56:06,651] WARNING: [!] Capítulo sem número detectado: 'capitulo (256)' — pulando...
[2025-10-08 13:56:06,651] WARNING: [!] Capítulo sem número detectado: 'capitulo (255)' — pulando...
[2025-10-08 13:56:06,651] WARNING: [!] Capítulo sem número detectado: 'capitulo (254)' — pulando...
[2025-10-08 13:56:06,651] WARNING: [!] Capítulo sem número detectado: 'capitulo (253)' — pulando...
[2025-10-08 13:56:06,651] WARNING: [!] Capítulo sem número detectado: 'capitulo (252)' — pulando...
[2025-10-08 13:56:06,651] WARNING: [!] Capítulo sem número detectado: 'capitulo (251)' — pulando...
[2025-10-08 13:56:06,651] WARNING: [!] Capítulo sem número detectado: 'capitulo (250)' — pulando...
[2025-10-08 13:56:06,651] WARNING: [!] Capítulo sem número detectado: 'capitulo (249)' — pulando...
[2025-10-08 13:56:06,651] WARNING: [!] Capítulo sem número detectado: 'capitulo (248)' — pulando...
[2025-10-08 13:56:06,651] WARNING: [!] Capítulo sem número detectado: 'capitulo (247)' — pulando...
[2025-10-08 13:56:06,652] WARNING: [!] Capítulo sem número detectado: 'capitulo (246)' — pulando...
[2025-10-08 13:56:06,652] WARNING: [!] Capítulo sem número detectado: 'capitulo (245)' — pulando...
[2025-10-08 13:56:06,652] WARNING: [!] Capítulo sem número detectado: 'capitulo (244)' — pulando...
[2025-10-08 13:56:06,652] WARNING: [!] Capítulo sem número detectado: 'capitulo (243)' — pulando...
[2025-10-08 13:56:06,652] WARNING: [!] Capítulo sem número detectado: 'capitulo (242)' — pulando...
[2025-10-08 13:56:06,652] WARNING: [!] Capítulo sem número detectado: 'capitulo (241)' — pulando...
[2025-10-08 13:56:06,652] WARNING: [!] Capítulo sem número detectado: 'capitulo (240)' — pulando...
[2025-10-08 13:56:06,652] WARNING: [!] Capítulo sem número detectado: 'capitulo (239)' — pulando...
[2025-10-08 13:56:06,652] WARNING: [!] Capítulo sem número detectado: 'capitulo (238)' — pulando...
[2025-10-08 13:56:06,653] WARNING: [!] Capítulo sem número detectado: 'capitulo (237)' — pulando...
[2025-10-08 13:56:06,653] WARNING: [!] Capítulo sem número detectado: 'capitulo (236)' — pulando...
[2025-10-08 13:56:06,653] WARNING: [!] Capítulo sem número detectado: 'capitulo (235)' — pulando...
[2025-10-08 13:56:06,653] WARNING: [!] Capítulo sem número detectado: 'capitulo (234)' — pulando...
[2025-10-08 13:56:06,653] WARNING: [!] Capítulo sem número detectado: 'capitulo (233)' — pulando...
[2025-10-08 13:56:06,653] WARNING: [!] Capítulo sem número detectado: 'capitulo (232)' — pulando...
[2025-10-08 13:56:06,653] WARNING: [!] Capítulo sem número detectado: 'capitulo (231)' — pulando...
[2025-10-08 13:56:06,653] WARNING: [!] Capítulo sem número detectado: 'capitulo (230)' — pulando...
[2025-10-08 13:56:06,653] WARNING: [!] Capítulo sem número detectado: 'capitulo (229)' — pulando...
[2025-10-08 13:56:06,653] WARNING: [!] Capítulo sem número detectado: 'capitulo (228)' — pulando...
[2025-10-08 13:56:06,654] WARNING: [!] Capítulo sem número detectado: 'capitulo (227)' — pulando...
[2025-10-08 13:56:06,654] WARNING: [!] Capítulo sem número detectado: 'capitulo (226)' — pulando...
[2025-10-08 13:56:06,654] WARNING: [!] Capítulo sem número detectado: 'capitulo (225)' — pulando...
[2025-10-08 13:56:06,654] WARNING: [!] Capítulo sem número detectado: 'capitulo (224)' — pulando...
[2025-10-08 13:56:06,654] WARNING: [!] Capítulo sem número detectado: 'capitulo (223)' — pulando...
[2025-10-08 13:56:06,654] WARNING: [!] Capítulo sem número detectado: 'capitulo (222)' — pulando...
[2025-10-08 13:56:06,654] WARNING: [!] Capítulo sem número detectado: 'capitulo (221)' — pulando...
[2025-10-08 13:56:06,654] WARNING: [!] Capítulo sem número detectado: 'capitulo (220)' — pulando...
[2025-10-08 13:56:06,654] WARNING: [!] Capítulo sem número detectado: 'capitulo (219)' — pulando...
[2025-10-08 13:56:06,655] WARNING: [!] Capítulo sem número detectado: 'capitulo (218)' — pulando...
[2025-10-08 13:56:06,655] WARNING: [!] Capítulo sem número detectado: 'capitulo (217)' — pulando...
[2025-10-08 13:56:06,655] WARNING: [!] Capítulo sem número detectado: 'capitulo (216)' — pulando...
[2025-10-08 13:56:06,655] WARNING: [!] Capítulo sem número detectado: 'capitulo (215)' — pulando...
[2025-10-08 13:56:06,655] WARNING: [!] Capítulo sem número detectado: 'capitulo (214)' — pulando...
[2025-10-08 13:56:06,655] WARNING: [!] Capítulo sem número detectado: 'capitulo (213)' — pulando...
[2025-10-08 13:56:06,655] WARNING: [!] Capítulo sem número detectado: 'capitulo (212)' — pulando...
[2025-10-08 13:56:06,655] WARNING: [!] Capítulo sem número detectado: 'capitulo (211)' — pulando...
[2025-10-08 13:56:06,655] WARNING: [!] Capítulo sem número detectado: 'capitulo (210)' — pulando...
[2025-10-08 13:56:06,655] WARNING: [!] Capítulo sem número detectado: 'capitulo (209)' — pulando...
[2025-10-08 13:56:06,656] WARNING: [!] Capítulo sem número detectado: 'capitulo (208)' — pulando...
[2025-10-08 13:56:06,656] WARNING: [!] Capítulo sem número detectado: 'capitulo (207)' — pulando...
[2025-10-08 13:56:06,656] WARNING: [!] Capítulo sem número detectado: 'capitulo (206)' — pulando...
[2025-10-08 13:56:06,656] WARNING: [!] Capítulo sem número detectado: 'capitulo (205)' — pulando...
[2025-10-08 13:56:06,656] WARNING: [!] Capítulo sem número detectado: 'capitulo (204)' — pulando...
[2025-10-08 13:56:06,656] WARNING: [!] Capítulo sem número detectado: 'capitulo (203)' — pulando...
[2025-10-08 13:56:06,656] WARNING: [!] Capítulo sem número detectado: 'capitulo (202)' — pulando...
[2025-10-08 13:56:06,656] WARNING: [!] Capítulo sem número detectado: 'capitulo (201)' — pulando...
[2025-10-08 13:56:06,656] WARNING: [!] Capítulo sem número detectado: 'capitulo (200)' — pulando...
[2025-10-08 13:56:06,657] WARNING: [!] Capítulo sem número detectado: 'capitulo (199)' — pulando...
[2025-10-08 13:56:06,657] WARNING: [!] Capítulo sem número detectado: 'capitulo (198)' — pulando...
[2025-10-08 13:56:06,657] WARNING: [!] Capítulo sem número detectado: 'capitulo (197)' — pulando...
[2025-10-08 13:56:06,657] WARNING: [!] Capítulo sem número detectado: 'capitulo (196)' — pulando...
[2025-10-08 13:56:06,657] WARNING: [!] Capítulo sem número detectado: 'capitulo (195)' — pulando...
[2025-10-08 13:56:06,657] WARNING: [!] Capítulo sem número detectado: 'capitulo (194)' — pulando...
[2025-10-08 13:56:06,657] WARNING: [!] Capítulo sem número detectado: 'capitulo (193)' — pulando...
[2025-10-08 13:56:06,657] WARNING: [!] Capítulo sem número detectado: 'capitulo (192)' — pulando...
[2025-10-08 13:56:06,657] WARNING: [!] Capítulo sem número detectado: 'capitulo (191)' — pulando...
[2025-10-08 13:56:06,657] WARNING: [!] Capítulo sem número detectado: 'capitulo (190)' — pulando...
[2025-10-08 13:56:06,658] WARNING: [!] Capítulo sem número detectado: 'capitulo (189)' — pulando...
[2025-10-08 13:56:06,658] WARNING: [!] Capítulo sem número detectado: 'capitulo (188)' — pulando...
[2025-10-08 13:56:06,658] WARNING: [!] Capítulo sem número detectado: 'capitulo (187)' — pulando...
[2025-10-08 13:56:06,658] WARNING: [!] Capítulo sem número detectado: 'capitulo (186)' — pulando...
[2025-10-08 13:56:06,658] WARNING: [!] Capítulo sem número detectado: 'capitulo (185)' — pulando...
[2025-10-08 13:56:06,658] WARNING: [!] Capítulo sem número detectado: 'capitulo (184)' — pulando...
[2025-10-08 13:56:06,658] WARNING: [!] Capítulo sem número detectado: 'capitulo (183)' — pulando...
[2025-10-08 13:56:06,658] WARNING: [!] Capítulo sem número detectado: 'capitulo (182)' — pulando...
[2025-10-08 13:56:06,658] WARNING: [!] Capítulo sem número detectado: 'capitulo (181)' — pulando...
[2025-10-08 13:56:06,658] WARNING: [!] Capítulo sem número detectado: 'capitulo (180)' — pulando...
[2025-10-08 13:56:06,659] WARNING: [!] Capítulo sem número detectado: 'capitulo (179)' — pulando...
[2025-10-08 13:56:06,659] WARNING: [!] Capítulo sem número detectado: 'capitulo (178)' — pulando...
[2025-10-08 13:56:06,659] WARNING: [!] Capítulo sem número detectado: 'capitulo (177)' — pulando...
[2025-10-08 13:56:06,659] WARNING: [!] Capítulo sem número detectado: 'capitulo (176)' — pulando...
[2025-10-08 13:56:06,659] WARNING: [!] Capítulo sem número detectado: 'capitulo (175)' — pulando...
[2025-10-08 13:56:06,659] WARNING: [!] Capítulo sem número detectado: 'capitulo (174)' — pulando...
[2025-10-08 13:56:06,659] WARNING: [!] Capítulo sem número detectado: 'capitulo (173)' — pulando...
[2025-10-08 13:56:06,659] WARNING: [!] Capítulo sem número detectado: 'capitulo (172)' — pulando...
[2025-10-08 13:56:06,659] WARNING: [!] Capítulo sem número detectado: 'capitulo (171)' — pulando...
[2025-10-08 13:56:06,660] WARNING: [!] Capítulo sem número detectado: 'capitulo (170)' — pulando...
[2025-10-08 13:56:06,660] WARNING: [!] Capítulo sem número detectado: 'capitulo (169)' — pulando...
[2025-10-08 13:56:06,660] WARNING: [!] Capítulo sem número detectado: 'capitulo (168)' — pulando...
[2025-10-08 13:56:06,660] WARNING: [!] Capítulo sem número detectado: 'capitulo (167)' — pulando...
[2025-10-08 13:56:06,660] WARNING: [!] Capítulo sem número detectado: 'capitulo (166)' — pulando...
[2025-10-08 13:56:06,660] WARNING: [!] Capítulo sem número detectado: 'capitulo (165)' — pulando...
[2025-10-08 13:56:06,660] WARNING: [!] Capítulo sem número detectado: 'capitulo (164)' — pulando...
[2025-10-08 13:56:06,660] WARNING: [!] Capítulo sem número detectado: 'capitulo (163)' — pulando...
[2025-10-08 13:56:06,660] WARNING: [!] Capítulo sem número detectado: 'capitulo (162)' — pulando...
[2025-10-08 13:56:06,660] WARNING: [!] Capítulo sem número detectado: 'capitulo (161)' — pulando...
[2025-10-08 13:56:06,661] WARNING: [!] Capítulo sem número detectado: 'capitulo (160)' — pulando...
[2025-10-08 13:56:06,661] WARNING: [!] Capítulo sem número detectado: 'capitulo (159)' — pulando...
[2025-10-08 13:56:06,661] WARNING: [!] Capítulo sem número detectado: 'capitulo (158)' — pulando...
[2025-10-08 13:56:06,661] WARNING: [!] Capítulo sem número detectado: 'capitulo (157)' — pulando...
[2025-10-08 13:56:06,661] WARNING: [!] Capítulo sem número detectado: 'capitulo (156)' — pulando...
[2025-10-08 13:56:06,661] WARNING: [!] Capítulo sem número detectado: 'capitulo (155)' — pulando...
[2025-10-08 13:56:06,661] WARNING: [!] Capítulo sem número detectado: 'capitulo (154)' — pulando...
[2025-10-08 13:56:06,661] WARNING: [!] Capítulo sem número detectado: 'capitulo (153)' — pulando...
[2025-10-08 13:56:06,661] WARNING: [!] Capítulo sem número detectado: 'capitulo (152)' — pulando...
[2025-10-08 13:56:06,661] WARNING: [!] Capítulo sem número detectado: 'capitulo (151)' — pulando...
[2025-10-08 13:56:06,662] WARNING: [!] Capítulo sem número detectado: 'capitulo (150)' — pulando...
[2025-10-08 13:56:06,662] WARNING: [!] Capítulo sem número detectado: 'capitulo (149)' — pulando...
[2025-10-08 13:56:06,662] WARNING: [!] Capítulo sem número detectado: 'capitulo (148)' — pulando...
[2025-10-08 13:56:06,662] WARNING: [!] Capítulo sem número detectado: 'capitulo (147)' — pulando...
[2025-10-08 13:56:06,662] WARNING: [!] Capítulo sem número detectado: 'capitulo (146)' — pulando...
[2025-10-08 13:56:06,662] WARNING: [!] Capítulo sem número detectado: 'capitulo (145)' — pulando...
[2025-10-08 13:56:06,662] WARNING: [!] Capítulo sem número detectado: 'capitulo (144)' — pulando...
[2025-10-08 13:56:06,662] WARNING: [!] Capítulo sem número detectado: 'capitulo (143)' — pulando...
[2025-10-08 13:56:06,662] WARNING: [!] Capítulo sem número detectado: 'capitulo (142)' — pulando...
[2025-10-08 13:56:06,663] WARNING: [!] Capítulo sem número detectado: 'capitulo (141)' — pulando...
[2025-10-08 13:56:06,663] WARNING: [!] Capítulo sem número detectado: 'capitulo (140)' — pulando...
[2025-10-08 13:56:06,663] WARNING: [!] Capítulo sem número detectado: 'capitulo (139)' — pulando...
[2025-10-08 13:56:06,663] WARNING: [!] Capítulo sem número detectado: 'capitulo (138)' — pulando...
[2025-10-08 13:56:06,663] WARNING: [!] Capítulo sem número detectado: 'capitulo (137)' — pulando...
[2025-10-08 13:56:06,663] WARNING: [!] Capítulo sem número detectado: 'capitulo (136)' — pulando...
[2025-10-08 13:56:06,663] WARNING: [!] Capítulo sem número detectado: 'capitulo (135)' — pulando...
[2025-10-08 13:56:06,663] WARNING: [!] Capítulo sem número detectado: 'capitulo (134)' — pulando...
[2025-10-08 13:56:06,663] WARNING: [!] Capítulo sem número detectado: 'capitulo (133)' — pulando...
[2025-10-08 13:56:06,664] WARNING: [!] Capítulo sem número detectado: 'capitulo (132)' — pulando...
[2025-10-08 13:56:06,664] WARNING: [!] Capítulo sem número detectado: 'capitulo (131)' — pulando...
[2025-10-08 13:56:06,664] WARNING: [!] Capítulo sem número detectado: 'capitulo (130)' — pulando...
[2025-10-08 13:56:06,664] WARNING: [!] Capítulo sem número detectado: 'capitulo (129)' — pulando...
[2025-10-08 13:56:06,664] WARNING: [!] Capítulo sem número detectado: 'capitulo (128)' — pulando...
[2025-10-08 13:56:06,664] WARNING: [!] Capítulo sem número detectado: 'capitulo (127)' — pulando...
[2025-10-08 13:56:06,664] WARNING: [!] Capítulo sem número detectado: 'capitulo (126)' — pulando...
[2025-10-08 13:56:06,664] WARNING: [!] Capítulo sem número detectado: 'capitulo (125)' — pulando...
[2025-10-08 13:56:06,664] WARNING: [!] Capítulo sem número detectado: 'capitulo (124)' — pulando...
[2025-10-08 13:56:06,665] WARNING: [!] Capítulo sem número detectado: 'capitulo (123)' — pulando...
[2025-10-08 13:56:06,665] WARNING: [!] Capítulo sem número detectado: 'capitulo (122)' — pulando...
[2025-10-08 13:56:06,665] WARNING: [!] Capítulo sem número detectado: 'capitulo (121)' — pulando...
[2025-10-08 13:56:06,665] WARNING: [!] Capítulo sem número detectado: 'capitulo (120)' — pulando...
[2025-10-08 13:56:06,665] WARNING: [!] Capítulo sem número detectado: 'capitulo (119)' — pulando...
[2025-10-08 13:56:06,665] WARNING: [!] Capítulo sem número detectado: 'capitulo (118)' — pulando...
[2025-10-08 13:56:06,665] WARNING: [!] Capítulo sem número detectado: 'capitulo (117)' — pulando...
[2025-10-08 13:56:06,665] WARNING: [!] Capítulo sem número detectado: 'capitulo (116)' — pulando...
[2025-10-08 13:56:06,665] WARNING: [!] Capítulo sem número detectado: 'capitulo (115)' — pulando...
[2025-10-08 13:56:06,665] WARNING: [!] Capítulo sem número detectado: 'capitulo (114)' — pulando...
[2025-10-08 13:56:06,666] WARNING: [!] Capítulo sem número detectado: 'capitulo (113)' — pulando...
[2025-10-08 13:56:06,666] WARNING: [!] Capítulo sem número detectado: 'capitulo (112)' — pulando...
[2025-10-08 13:56:06,666] WARNING: [!] Capítulo sem número detectado: 'capitulo (111)' — pulando...
[2025-10-08 13:56:06,666] WARNING: [!] Capítulo sem número detectado: 'capitulo (110)' — pulando...
[2025-10-08 13:56:06,666] WARNING: [!] Capítulo sem número detectado: 'capitulo (109)' — pulando...
[2025-10-08 13:56:06,666] WARNING: [!] Capítulo sem número detectado: 'capitulo (108)' — pulando...
[2025-10-08 13:56:06,666] WARNING: [!] Capítulo sem número detectado: 'capitulo (107)' — pulando...
[2025-10-08 13:56:06,666] WARNING: [!] Capítulo sem número detectado: 'capitulo (106)' — pulando...
[2025-10-08 13:56:06,666] WARNING: [!] Capítulo sem número detectado: 'capitulo (105)' — pulando...
[2025-10-08 13:56:06,666] WARNING: [!] Capítulo sem número detectado: 'capitulo (104)' — pulando...
[2025-10-08 13:56:06,667] WARNING: [!] Capítulo sem número detectado: 'capitulo (103)' — pulando...
[2025-10-08 13:56:06,667] WARNING: [!] Capítulo sem número detectado: 'capitulo (102)' — pulando...
[2025-10-08 13:56:06,667] WARNING: [!] Capítulo sem número detectado: 'capitulo (101)' — pulando...
[2025-10-08 13:56:06,667] WARNING: [!] Capítulo sem número detectado: 'capitulo (100)' — pulando...
[2025-10-08 13:56:06,667] WARNING: [!] Capítulo sem número detectado: 'capitulo (99)' — pulando...
[2025-10-08 13:56:06,667] WARNING: [!] Capítulo sem número detectado: 'capitulo (98)' — pulando...
[2025-10-08 13:56:06,667] WARNING: [!] Capítulo sem número detectado: 'capitulo (97)' — pulando...
[2025-10-08 13:56:06,667] WARNING: [!] Capítulo sem número detectado: 'capitulo (96)' — pulando...
[2025-10-08 13:56:06,667] WARNING: [!] Capítulo sem número detectado: 'capitulo (95)' — pulando...
[2025-10-08 13:56:06,668] WARNING: [!] Capítulo sem número detectado: 'capitulo (94)' — pulando...
[2025-10-08 13:56:06,668] WARNING: [!] Capítulo sem número detectado: 'capitulo (93)' — pulando...
[2025-10-08 13:56:06,668] WARNING: [!] Capítulo sem número detectado: 'capitulo (92)' — pulando...
[2025-10-08 13:56:06,668] WARNING: [!] Capítulo sem número detectado: 'capitulo (91)' — pulando...
[2025-10-08 13:56:06,668] WARNING: [!] Capítulo sem número detectado: 'capitulo (90)' — pulando...
[2025-10-08 13:56:06,668] WARNING: [!] Capítulo sem número detectado: 'capitulo (89)' — pulando...
[2025-10-08 13:56:06,668] WARNING: [!] Capítulo sem número detectado: 'capitulo (88)' — pulando...
[2025-10-08 13:56:06,668] WARNING: [!] Capítulo sem número detectado: 'capitulo (87)' — pulando...
[2025-10-08 13:56:06,668] WARNING: [!] Capítulo sem número detectado: 'capitulo (86)' — pulando...
[2025-10-08 13:56:06,668] WARNING: [!] Capítulo sem número detectado: 'capitulo (85)' — pulando...
[2025-10-08 13:56:06,669] WARNING: [!] Capítulo sem número detectado: 'capitulo (84)' — pulando...
[2025-10-08 13:56:06,669] WARNING: [!] Capítulo sem número detectado: 'capitulo (83)' — pulando...
[2025-10-08 13:56:06,669] WARNING: [!] Capítulo sem número detectado: 'capitulo (82)' — pulando...
[2025-10-08 13:56:06,669] WARNING: [!] Capítulo sem número detectado: 'capitulo (81)' — pulando...
[2025-10-08 13:56:06,669] WARNING: [!] Capítulo sem número detectado: 'capitulo (80)' — pulando...
[2025-10-08 13:56:06,669] WARNING: [!] Capítulo sem número detectado: 'capitulo (79)' — pulando...
[2025-10-08 13:56:06,669] WARNING: [!] Capítulo sem número detectado: 'capitulo (78)' — pulando...
[2025-10-08 13:56:06,669] WARNING: [!] Capítulo sem número detectado: 'capitulo (77)' — pulando...
[2025-10-08 13:56:06,669] WARNING: [!] Capítulo sem número detectado: 'capitulo (76)' — pulando...
[2025-10-08 13:56:06,670] WARNING: [!] Capítulo sem número detectado: 'capitulo (75)' — pulando...
[2025-10-08 13:56:06,670] WARNING: [!] Capítulo sem número detectado: 'capitulo (74)' — pulando...
[2025-10-08 13:56:06,670] WARNING: [!] Capítulo sem número detectado: 'capitulo (73)' — pulando...
[2025-10-08 13:56:06,670] WARNING: [!] Capítulo sem número detectado: 'capitulo (72)' — pulando...
[2025-10-08 13:56:06,670] WARNING: [!] Capítulo sem número detectado: 'capitulo (71)' — pulando...
[2025-10-08 13:56:06,670] WARNING: [!] Capítulo sem número detectado: 'capitulo (70)' — pulando...
[2025-10-08 13:56:06,670] WARNING: [!] Capítulo sem número detectado: 'capitulo (69)' — pulando...
[2025-10-08 13:56:06,670] WARNING: [!] Capítulo sem número detectado: 'capitulo (68)' — pulando...
[2025-10-08 13:56:06,670] WARNING: [!] Capítulo sem número detectado: 'capitulo (67)' — pulando...
[2025-10-08 13:56:06,670] WARNING: [!] Capítulo sem número detectado: 'capitulo (66)' — pulando...
[2025-10-08 13:56:06,671] WARNING: [!] Capítulo sem número detectado: 'capitulo (65)' — pulando...
[2025-10-08 13:56:06,671] WARNING: [!] Capítulo sem número detectado: 'capitulo (64)' — pulando...
[2025-10-08 13:56:06,671] WARNING: [!] Capítulo sem número detectado: 'capitulo (63)' — pulando...
[2025-10-08 13:56:06,671] WARNING: [!] Capítulo sem número detectado: 'capitulo (62)' — pulando...
[2025-10-08 13:56:06,671] WARNING: [!] Capítulo sem número detectado: 'capitulo (61)' — pulando...
[2025-10-08 13:56:06,671] WARNING: [!] Capítulo sem número detectado: 'capitulo (60)' — pulando...
[2025-10-08 13:56:06,671] WARNING: [!] Capítulo sem número detectado: 'capitulo (59)' — pulando...
[2025-10-08 13:56:06,671] WARNING: [!] Capítulo sem número detectado: 'capitulo (58)' — pulando...
[2025-10-08 13:56:06,671] WARNING: [!] Capítulo sem número detectado: 'capitulo (57)' — pulando...
[2025-10-08 13:56:06,671] WARNING: [!] Capítulo sem número detectado: 'capitulo (56)' — pulando...
[2025-10-08 13:56:06,672] WARNING: [!] Capítulo sem número detectado: 'capitulo (55)' — pulando...
[2025-10-08 13:56:06,672] WARNING: [!] Capítulo sem número detectado: 'capitulo (54)' — pulando...
[2025-10-08 13:56:06,672] WARNING: [!] Capítulo sem número detectado: 'capitulo (53)' — pulando...
[2025-10-08 13:56:06,672] WARNING: [!] Capítulo sem número detectado: 'capitulo (52)' — pulando...
[2025-10-08 13:56:06,672] WARNING: [!] Capítulo sem número detectado: 'capitulo (51)' — pulando...
[2025-10-08 13:56:06,672] WARNING: [!] Capítulo sem número detectado: 'capitulo (50)' — pulando...
[2025-10-08 13:56:06,672] WARNING: [!] Capítulo sem número detectado: 'capitulo (49)' — pulando...
[2025-10-08 13:56:06,672] WARNING: [!] Capítulo sem número detectado: 'capitulo (48)' — pulando...
[2025-10-08 13:56:06,672] WARNING: [!] Capítulo sem número detectado: 'capitulo (47)' — pulando...
[2025-10-08 13:56:06,672] WARNING: [!] Capítulo sem número detectado: 'capitulo (46)' — pulando...
[2025-10-08 13:56:06,673] WARNING: [!] Capítulo sem número detectado: 'capitulo (45)' — pulando...
[2025-10-08 13:56:06,673] WARNING: [!] Capítulo sem número detectado: 'capitulo (44)' — pulando...
[2025-10-08 13:56:06,673] WARNING: [!] Capítulo sem número detectado: 'capitulo (43)' — pulando...
[2025-10-08 13:56:06,673] WARNING: [!] Capítulo sem número detectado: 'capitulo (42)' — pulando...
[2025-10-08 13:56:06,673] WARNING: [!] Capítulo sem número detectado: 'capitulo (41)' — pulando...
[2025-10-08 13:56:06,673] WARNING: [!] Capítulo sem número detectado: 'capitulo (40)' — pulando...
[2025-10-08 13:56:06,673] WARNING: [!] Capítulo sem número detectado: 'capitulo (39)' — pulando...
[2025-10-08 13:56:06,673] WARNING: [!] Capítulo sem número detectado: 'capitulo (38)' — pulando...
[2025-10-08 13:56:06,673] WARNING: [!] Capítulo sem número detectado: 'capitulo (37)' — pulando...
[2025-10-08 13:56:06,673] WARNING: [!] Capítulo sem número detectado: 'capitulo (36)' — pulando...
[2025-10-08 13:56:06,674] WARNING: [!] Capítulo sem número detectado: 'capitulo (35)' — pulando...
[2025-10-08 13:56:06,674] WARNING: [!] Capítulo sem número detectado: 'capitulo (34)' — pulando...
[2025-10-08 13:56:06,674] WARNING: [!] Capítulo sem número detectado: 'capitulo (33)' — pulando...
[2025-10-08 13:56:06,674] WARNING: [!] Capítulo sem número detectado: 'capitulo (32)' — pulando...
[2025-10-08 13:56:06,674] WARNING: [!] Capítulo sem número detectado: 'capitulo (31)' — pulando...
[2025-10-08 13:56:06,674] WARNING: [!] Capítulo sem número detectado: 'capitulo (30)' — pulando...
[2025-10-08 13:56:06,674] WARNING: [!] Capítulo sem número detectado: 'capitulo (29)' — pulando...
[2025-10-08 13:56:06,674] WARNING: [!] Capítulo sem número detectado: 'capitulo (28)' — pulando...
[2025-10-08 13:56:06,674] WARNING: [!] Capítulo sem número detectado: 'capitulo (27)' — pulando...
[2025-10-08 13:56:06,675] WARNING: [!] Capítulo sem número detectado: 'capitulo (26)' — pulando...
[2025-10-08 13:56:06,675] WARNING: [!] Capítulo sem número detectado: 'capitulo (25)' — pulando...
[2025-10-08 13:56:06,675] WARNING: [!] Capítulo sem número detectado: 'capitulo (24)' — pulando...
[2025-10-08 13:56:06,675] WARNING: [!] Capítulo sem número detectado: 'capitulo (23)' — pulando...
[2025-10-08 13:56:06,675] WARNING: [!] Capítulo sem número detectado: 'capitulo (22)' — pulando...
[2025-10-08 13:56:06,675] WARNING: [!] Capítulo sem número detectado: 'capitulo (21)' — pulando...
[2025-10-08 13:56:06,675] WARNING: [!] Capítulo sem número detectado: 'capitulo (20)' — pulando...
[2025-10-08 13:56:06,675] WARNING: [!] Capítulo sem número detectado: 'capitulo (19)' — pulando...
[2025-10-08 13:56:06,675] WARNING: [!] Capítulo sem número detectado: 'capitulo (18)' — pulando...
[2025-10-08 13:56:06,675] WARNING: [!] Capítulo sem número detectado: 'capitulo (17)' — pulando...
[2025-10-08 13:56:06,676] WARNING: [!] Capítulo sem número detectado: 'capitulo (16)' — pulando...
[2025-10-08 13:56:06,676] WARNING: [!] Capítulo sem número detectado: 'capitulo (15)' — pulando...
[2025-10-08 13:56:06,676] WARNING: [!] Capítulo sem número detectado: 'capitulo (14)' — pulando...
[2025-10-08 13:56:06,676] WARNING: [!] Capítulo sem número detectado: 'capitulo (13)' — pulando...
[2025-10-08 13:56:06,676] WARNING: [!] Capítulo sem número detectado: 'capitulo (12)' — pulando...
[2025-10-08 13:56:06,676] WARNING: [!] Capítulo sem número detectado: 'capitulo (11)' — pulando...
[2025-10-08 13:56:06,676] WARNING: [!] Capítulo sem número detectado: 'capitulo (10)' — pulando...
[2025-10-08 13:56:06,676] WARNING: [!] Capítulo sem número detectado: 'capitulo (9)' — pulando...
[2025-10-08 13:56:06,676] WARNING: [!] Capítulo sem número detectado: 'capitulo (8)' — pulando...
[2025-10-08 13:56:06,677] WARNING: [!] Capítulo sem número detectado: 'capitulo (7)' — pulando...
[2025-10-08 13:56:06,677] WARNING: [!] Capítulo sem número detectado: 'capitulo (6)' — pulando...
[2025-10-08 13:56:06,677] WARNING: [!] Capítulo sem número detectado: 'capitulo (5)' — pulando...
[2025-10-08 13:56:06,677] WARNING: [!] Capítulo sem número detectado: 'capitulo (4)' — pulando...
[2025-10-08 13:56:06,677] WARNING: [!] Capítulo sem número detectado: 'capitulo (3)' — pulando...
[2025-10-08 13:56:06,677] WARNING: [!] Capítulo sem número detectado: 'capitulo (2)' — pulando...
[2025-10-08 13:56:06,677] WARNING: [!] Capítulo sem número detectado: 'capitulo (1)' — pulando...
[2025-10-08 13:56:06,680] INFO: [*] Total de capítulos extraídos: 198
[2025-10-08 13:56:06,680] INFO: [*] Mangá 'Magic Emperor' sincronizado com sucesso.
[2025-10-08 13:56:06,745] INFO: [*] Buscando capítulos pela url: https://mangaonline.blog/manga/the-regressed-mercenarys-machinations/
[2025-10-08 13:56:06,825] INFO: [*] Capítulos encontrados: 59
[2025-10-08 13:56:06,828] INFO: [*] Total de capítulos extraídos: 59
[2025-10-08 13:56:06,828] INFO: [*] Mangá 'The Regressed Mercenary’s Machinations' sincronizado com sucesso.
[2025-10-08 13:56:06,844] INFO: [*] Buscando capítulos pela url: https://mangaonline.blog/manga/the-reborn-young-lord-is-an-assassin/
[2025-10-08 13:56:06,940] INFO: [*] Capítulos encontrados: 94
[2025-10-08 13:56:06,944] INFO: [*] Total de capítulos extraídos: 94
[2025-10-08 13:56:06,944] INFO: [!] Capítulo 1 já existente em 'The Reborn Young Lord Is an Assassin'.
[2025-10-08 13:56:06,944] INFO: [!] Capítulo 2 já existente em 'The Reborn Young Lord Is an Assassin'.
[2025-10-08 13:56:06,944] INFO: [!] Capítulo 3 já existente em 'The Reborn Young Lord Is an Assassin'.
[2025-10-08 13:56:06,944] INFO: [!] Capítulo 4 já existente em 'The Reborn Young Lord Is an Assassin'.
[2025-10-08 13:56:06,944] INFO: [!] Capítulo 5 já existente em 'The Reborn Young Lord Is an Assassin'.
[2025-10-08 13:56:06,944] INFO: [!] Capítulo 6 já existente em 'The Reborn Young Lord Is an Assassin'.
[2025-10-08 13:56:06,944] INFO: [!] Capítulo 7 já existente em 'The Reborn Young Lord Is an Assassin'.
[2025-10-08 13:56:06,944] INFO: [!] Capítulo 8 já existente em 'The Reborn Young Lord Is an Assassin'.
[2025-10-08 13:56:06,945] INFO: [!] Capítulo 9 já existente em 'The Reborn Young Lord Is an Assassin'.
[2025-10-08 13:56:06,945] INFO: [!] Capítulo 10 já existente em 'The Reborn Young Lord Is an Assassin'.
[2025-10-08 13:56:06,945] INFO: [!] Capítulo 11 já existente em 'The Reborn Young Lord Is an Assassin'.
[2025-10-08 13:56:06,945] INFO: [!] Capítulo 12 já existente em 'The Reborn Young Lord Is an Assassin'.
[2025-10-08 13:56:06,945] INFO: [!] Capítulo 13 já existente em 'The Reborn Young Lord Is an Assassin'.
[2025-10-08 13:56:06,945] INFO: [!] Capítulo 14 já existente em 'The Reborn Young Lord Is an Assassin'.
[2025-10-08 13:56:06,945] INFO: [!] Capítulo 15 já existente em 'The Reborn Young Lord Is an Assassin'.
[2025-10-08 13:56:06,945] INFO: [!] Capítulo 16 já existente em 'The Reborn Young Lord Is an Assassin'.
[2025-10-08 13:56:06,945] INFO: [!] Capítulo 17 já existente em 'The Reborn Young Lord Is an Assassin'.
[2025-10-08 13:56:06,945] INFO: [!] Capítulo 18 já existente em 'The Reborn Young Lord Is an Assassin'.
[2025-10-08 13:56:06,945] INFO: [!] Capítulo 19 já existente em 'The Reborn Young Lord Is an Assassin'.
[2025-10-08 13:56:06,945] INFO: [!] Capítulo 20 já existente em 'The Reborn Young Lord Is an Assassin'.
[2025-10-08 13:56:06,945] INFO: [!] Capítulo 21 já existente em 'The Reborn Young Lord Is an Assassin'.
[2025-10-08 13:56:06,945] INFO: [!] Capítulo 22 já existente em 'The Reborn Young Lord Is an Assassin'.
[2025-10-08 13:56:06,945] INFO: [!] Capítulo 23 já existente em 'The Reborn Young Lord Is an Assassin'.
[2025-10-08 13:56:06,945] INFO: [!] Capítulo 24 já existente em 'The Reborn Young Lord Is an Assassin'.
[2025-10-08 13:56:06,945] INFO: [!] Capítulo 25 já existente em 'The Reborn Young Lord Is an Assassin'.
[2025-10-08 13:56:06,945] INFO: [!] Capítulo 26 já existente em 'The Reborn Young Lord Is an Assassin'.
[2025-10-08 13:56:06,945] INFO: [!] Capítulo 27 já existente em 'The Reborn Young Lord Is an Assassin'.
[2025-10-08 13:56:06,946] INFO: [!] Capítulo 28 já existente em 'The Reborn Young Lord Is an Assassin'.
[2025-10-08 13:56:06,946] INFO: [!] Capítulo 29 já existente em 'The Reborn Young Lord Is an Assassin'.
[2025-10-08 13:56:06,946] INFO: [!] Capítulo 30 já existente em 'The Reborn Young Lord Is an Assassin'.
[2025-10-08 13:56:06,946] INFO: [!] Capítulo 31 já existente em 'The Reborn Young Lord Is an Assassin'.
[2025-10-08 13:56:06,946] INFO: [!] Capítulo 32 já existente em 'The Reborn Young Lord Is an Assassin'.
[2025-10-08 13:56:06,946] INFO: [!] Capítulo 33 já existente em 'The Reborn Young Lord Is an Assassin'.
[2025-10-08 13:56:06,946] INFO: [!] Capítulo 34 já existente em 'The Reborn Young Lord Is an Assassin'.
[2025-10-08 13:56:06,946] INFO: [!] Capítulo 35 já existente em 'The Reborn Young Lord Is an Assassin'.
[2025-10-08 13:56:06,946] INFO: [!] Capítulo 36 já existente em 'The Reborn Young Lord Is an Assassin'.
[2025-10-08 13:56:06,946] INFO: [!] Capítulo 37 já existente em 'The Reborn Young Lord Is an Assassin'.
[2025-10-08 13:56:06,946] INFO: [!] Capítulo 38 já existente em 'The Reborn Young Lord Is an Assassin'.
[2025-10-08 13:56:06,946] INFO: [!] Capítulo 39 já existente em 'The Reborn Young Lord Is an Assassin'.
[2025-10-08 13:56:06,946] INFO: [!] Capítulo 40 já existente em 'The Reborn Young Lord Is an Assassin'.
[2025-10-08 13:56:06,946] INFO: [!] Capítulo 41 já existente em 'The Reborn Young Lord Is an Assassin'.
[2025-10-08 13:56:06,946] INFO: [!] Capítulo 42 já existente em 'The Reborn Young Lord Is an Assassin'.
[2025-10-08 13:56:06,946] INFO: [!] Capítulo 43 já existente em 'The Reborn Young Lord Is an Assassin'.
[2025-10-08 13:56:06,946] INFO: [!] Capítulo 44 já existente em 'The Reborn Young Lord Is an Assassin'.
[2025-10-08 13:56:06,946] INFO: [!] Capítulo 45 já existente em 'The Reborn Young Lord Is an Assassin'.
[2025-10-08 13:56:06,946] INFO: [!] Capítulo 46 já existente em 'The Reborn Young Lord Is an Assassin'.
[2025-10-08 13:56:06,946] INFO: [!] Capítulo 47 já existente em 'The Reborn Young Lord Is an Assassin'.
[2025-10-08 13:56:06,947] INFO: [!] Capítulo 48 já existente em 'The Reborn Young Lord Is an Assassin'.
[2025-10-08 13:56:06,947] INFO: [!] Capítulo 49 já existente em 'The Reborn Young Lord Is an Assassin'.
[2025-10-08 13:56:06,947] INFO: [!] Capítulo 50 já existente em 'The Reborn Young Lord Is an Assassin'.
[2025-10-08 13:56:06,947] INFO: [!] Capítulo 51 já existente em 'The Reborn Young Lord Is an Assassin'.
[2025-10-08 13:56:06,947] INFO: [!] Capítulo 52 já existente em 'The Reborn Young Lord Is an Assassin'.
[2025-10-08 13:56:06,947] INFO: [!] Capítulo 53 já existente em 'The Reborn Young Lord Is an Assassin'.
[2025-10-08 13:56:06,947] INFO: [!] Capítulo 54 já existente em 'The Reborn Young Lord Is an Assassin'.
[2025-10-08 13:56:06,947] INFO: [!] Capítulo 55 já existente em 'The Reborn Young Lord Is an Assassin'.
[2025-10-08 13:56:06,947] INFO: [!] Capítulo 56 já existente em 'The Reborn Young Lord Is an Assassin'.
[2025-10-08 13:56:06,947] INFO: [!] Capítulo 57 já existente em 'The Reborn Young Lord Is an Assassin'.
[2025-10-08 13:56:06,947] INFO: [!] Capítulo 58 já existente em 'The Reborn Young Lord Is an Assassin'.
[2025-10-08 13:56:06,947] INFO: [!] Capítulo 59 já existente em 'The Reborn Young Lord Is an Assassin'.
[2025-10-08 13:56:06,947] INFO: [!] Capítulo 60 já existente em 'The Reborn Young Lord Is an Assassin'.
[2025-10-08 13:56:06,947] INFO: [!] Capítulo 61 já existente em 'The Reborn Young Lord Is an Assassin'.
[2025-10-08 13:56:06,947] INFO: [!] Capítulo 62 já existente em 'The Reborn Young Lord Is an Assassin'.
[2025-10-08 13:56:06,947] INFO: [!] Capítulo 63 já existente em 'The Reborn Young Lord Is an Assassin'.
[2025-10-08 13:56:06,947] INFO: [!] Capítulo 64 já existente em 'The Reborn Young Lord Is an Assassin'.
[2025-10-08 13:56:06,947] INFO: [!] Capítulo 65 já existente em 'The Reborn Young Lord Is an Assassin'.
[2025-10-08 13:56:06,947] INFO: [!] Capítulo 66 já existente em 'The Reborn Young Lord Is an Assassin'.
[2025-10-08 13:56:06,947] INFO: [!] Capítulo 67 já existente em 'The Reborn Young Lord Is an Assassin'.
[2025-10-08 13:56:06,948] INFO: [!] Capítulo 69 já existente em 'The Reborn Young Lord Is an Assassin'.
[2025-10-08 13:56:06,948] INFO: [!] Capítulo 70 já existente em 'The Reborn Young Lord Is an Assassin'.
[2025-10-08 13:56:06,948] INFO: [!] Capítulo 71 já existente em 'The Reborn Young Lord Is an Assassin'.
[2025-10-08 13:56:06,948] INFO: [!] Capítulo 72 já existente em 'The Reborn Young Lord Is an Assassin'.
[2025-10-08 13:56:06,948] INFO: [!] Capítulo 73 já existente em 'The Reborn Young Lord Is an Assassin'.
[2025-10-08 13:56:06,948] INFO: [!] Capítulo 74 já existente em 'The Reborn Young Lord Is an Assassin'.
[2025-10-08 13:56:06,948] INFO: [!] Capítulo 75 já existente em 'The Reborn Young Lord Is an Assassin'.
[2025-10-08 13:56:06,948] INFO: [!] Capítulo 76 já existente em 'The Reborn Young Lord Is an Assassin'.
[2025-10-08 13:56:06,948] INFO: [!] Capítulo 77 já existente em 'The Reborn Young Lord Is an Assassin'.
[2025-10-08 13:56:06,948] INFO: [!] Capítulo 78 já existente em 'The Reborn Young Lord Is an Assassin'.
[2025-10-08 13:56:06,948] INFO: [!] Capítulo 79 já existente em 'The Reborn Young Lord Is an Assassin'.
[2025-10-08 13:56:06,948] INFO: [!] Capítulo 80 já existente em 'The Reborn Young Lord Is an Assassin'.
[2025-10-08 13:56:06,948] INFO: [!] Capítulo 81 já existente em 'The Reborn Young Lord Is an Assassin'.
[2025-10-08 13:56:06,948] INFO: [!] Capítulo 82 já existente em 'The Reborn Young Lord Is an Assassin'.
[2025-10-08 13:56:06,948] INFO: [!] Capítulo 83 já existente em 'The Reborn Young Lord Is an Assassin'.
[2025-10-08 13:56:06,948] INFO: [!] Capítulo 84 já existente em 'The Reborn Young Lord Is an Assassin'.
[2025-10-08 13:56:06,948] INFO: [!] Capítulo 85 já existente em 'The Reborn Young Lord Is an Assassin'.
[2025-10-08 13:56:06,948] INFO: [!] Capítulo 86 já existente em 'The Reborn Young Lord Is an Assassin'.
[2025-10-08 13:56:06,948] INFO: [!] Capítulo 87 já existente em 'The Reborn Young Lord Is an Assassin'.
[2025-10-08 13:56:06,949] INFO: [!] Capítulo 88 já existente em 'The Reborn Young Lord Is an Assassin'.
[2025-10-08 13:56:06,949] INFO: [!] Capítulo 89 já existente em 'The Reborn Young Lord Is an Assassin'.
[2025-10-08 13:56:06,949] INFO: [!] Capítulo 90 já existente em 'The Reborn Young Lord Is an Assassin'.
[2025-10-08 13:56:06,949] INFO: [!] Capítulo 91 já existente em 'The Reborn Young Lord Is an Assassin'.
[2025-10-08 13:56:06,949] INFO: [!] Capítulo 92 já existente em 'The Reborn Young Lord Is an Assassin'.
[2025-10-08 13:56:06,949] INFO: [!] Capítulo 93 já existente em 'The Reborn Young Lord Is an Assassin'.
[2025-10-08 13:56:06,949] INFO: [!] Capítulo 94 já existente em 'The Reborn Young Lord Is an Assassin'.
[2025-10-08 13:56:06,949] INFO: [!] Capítulo 95 já existente em 'The Reborn Young Lord Is an Assassin'.
[2025-10-08 13:56:07,012] INFO: [*] Buscando capítulos pela url: https://mangaonline.blog/manga/dandadan-manga-pt-br/
[2025-10-08 13:56:07,179] INFO: [*] Capítulos encontrados: 212
[2025-10-08 13:56:07,189] INFO: [*] Total de capítulos extraídos: 212
[2025-10-08 13:56:07,189] INFO: [*] Mangá 'Dandadan' sincronizado com sucesso.
[2025-10-08 13:56:07,207] INFO: [*] Buscando capítulos pela url: https://mangaonline.blog/manga/i-obtained-a-mythic-item/
[2025-10-08 13:56:07,400] INFO: [*] Capítulos encontrados: 148
[2025-10-08 13:56:07,407] INFO: [*] Total de capítulos extraídos: 148
[2025-10-08 13:56:07,407] INFO: [!] Capítulo 1 já existente em 'I Obtained a Mythic Item'.
[2025-10-08 13:56:07,407] INFO: [!] Capítulo 2 já existente em 'I Obtained a Mythic Item'.
[2025-10-08 13:56:07,407] INFO: [!] Capítulo 3 já existente em 'I Obtained a Mythic Item'.
[2025-10-08 13:56:07,407] INFO: [!] Capítulo 4 já existente em 'I Obtained a Mythic Item'.
[2025-10-08 13:56:07,407] INFO: [!] Capítulo 5 já existente em 'I Obtained a Mythic Item'.
[2025-10-08 13:56:07,407] INFO: [!] Capítulo 6 já existente em 'I Obtained a Mythic Item'.
[2025-10-08 13:56:07,407] INFO: [!] Capítulo 7 já existente em 'I Obtained a Mythic Item'.
[2025-10-08 13:56:07,407] INFO: [!] Capítulo 8 já existente em 'I Obtained a Mythic Item'.
[2025-10-08 13:56:07,407] INFO: [!] Capítulo 9 já existente em 'I Obtained a Mythic Item'.
[2025-10-08 13:56:07,407] INFO: [!] Capítulo 10 já existente em 'I Obtained a Mythic Item'.
[2025-10-08 13:56:07,408] INFO: [!] Capítulo 11 já existente em 'I Obtained a Mythic Item'.
[2025-10-08 13:56:07,408] INFO: [!] Capítulo 12 já existente em 'I Obtained a Mythic Item'.
[2025-10-08 13:56:07,408] INFO: [!] Capítulo 13 já existente em 'I Obtained a Mythic Item'.
[2025-10-08 13:56:07,408] INFO: [!] Capítulo 14 já existente em 'I Obtained a Mythic Item'.
[2025-10-08 13:56:07,408] INFO: [!] Capítulo 15 já existente em 'I Obtained a Mythic Item'.
[2025-10-08 13:56:07,408] INFO: [!] Capítulo 16 já existente em 'I Obtained a Mythic Item'.
[2025-10-08 13:56:07,408] INFO: [!] Capítulo 17 já existente em 'I Obtained a Mythic Item'.
[2025-10-08 13:56:07,408] INFO: [!] Capítulo 18 já existente em 'I Obtained a Mythic Item'.
[2025-10-08 13:56:07,408] INFO: [!] Capítulo 19 já existente em 'I Obtained a Mythic Item'.
[2025-10-08 13:56:07,408] INFO: [!] Capítulo 20 já existente em 'I Obtained a Mythic Item'.
[2025-10-08 13:56:07,408] INFO: [!] Capítulo 21 já existente em 'I Obtained a Mythic Item'.
[2025-10-08 13:56:07,408] INFO: [!] Capítulo 22 já existente em 'I Obtained a Mythic Item'.
[2025-10-08 13:56:07,408] INFO: [!] Capítulo 23 já existente em 'I Obtained a Mythic Item'.
[2025-10-08 13:56:07,408] INFO: [!] Capítulo 24 já existente em 'I Obtained a Mythic Item'.
[2025-10-08 13:56:07,408] INFO: [!] Capítulo 25 já existente em 'I Obtained a Mythic Item'.
[2025-10-08 13:56:07,408] INFO: [!] Capítulo 26 já existente em 'I Obtained a Mythic Item'.
[2025-10-08 13:56:07,408] INFO: [!] Capítulo 27 já existente em 'I Obtained a Mythic Item'.
[2025-10-08 13:56:07,408] INFO: [!] Capítulo 28 já existente em 'I Obtained a Mythic Item'.
[2025-10-08 13:56:07,408] INFO: [!] Capítulo 29 já existente em 'I Obtained a Mythic Item'.
[2025-10-08 13:56:07,409] INFO: [!] Capítulo 30 já existente em 'I Obtained a Mythic Item'.
[2025-10-08 13:56:07,409] INFO: [!] Capítulo 31 já existente em 'I Obtained a Mythic Item'.
[2025-10-08 13:56:07,409] INFO: [!] Capítulo 32 já existente em 'I Obtained a Mythic Item'.
[2025-10-08 13:56:07,409] INFO: [!] Capítulo 33 já existente em 'I Obtained a Mythic Item'.
[2025-10-08 13:56:07,409] INFO: [!] Capítulo 34 já existente em 'I Obtained a Mythic Item'.
[2025-10-08 13:56:07,409] INFO: [!] Capítulo 35 já existente em 'I Obtained a Mythic Item'.
[2025-10-08 13:56:07,409] INFO: [!] Capítulo 36 já existente em 'I Obtained a Mythic Item'.
[2025-10-08 13:56:07,409] INFO: [!] Capítulo 37 já existente em 'I Obtained a Mythic Item'.
[2025-10-08 13:56:07,409] INFO: [!] Capítulo 38 já existente em 'I Obtained a Mythic Item'.
[2025-10-08 13:56:07,409] INFO: [!] Capítulo 39 já existente em 'I Obtained a Mythic Item'.
[2025-10-08 13:56:07,409] INFO: [!] Capítulo 40 já existente em 'I Obtained a Mythic Item'.
[2025-10-08 13:56:07,409] INFO: [!] Capítulo 41 já existente em 'I Obtained a Mythic Item'.
[2025-10-08 13:56:07,409] INFO: [!] Capítulo 42 já existente em 'I Obtained a Mythic Item'.
[2025-10-08 13:56:07,409] INFO: [!] Capítulo 43 já existente em 'I Obtained a Mythic Item'.
[2025-10-08 13:56:07,409] INFO: [!] Capítulo 44 já existente em 'I Obtained a Mythic Item'.
[2025-10-08 13:56:07,409] INFO: [!] Capítulo 45 já existente em 'I Obtained a Mythic Item'.
[2025-10-08 13:56:07,409] INFO: [!] Capítulo 46 já existente em 'I Obtained a Mythic Item'.
[2025-10-08 13:56:07,409] INFO: [!] Capítulo 47 já existente em 'I Obtained a Mythic Item'.
[2025-10-08 13:56:07,409] INFO: [!] Capítulo 48 já existente em 'I Obtained a Mythic Item'.
[2025-10-08 13:56:07,409] INFO: [!] Capítulo 49 já existente em 'I Obtained a Mythic Item'.
[2025-10-08 13:56:07,410] INFO: [!] Capítulo 50 já existente em 'I Obtained a Mythic Item'.
[2025-10-08 13:56:07,410] INFO: [!] Capítulo 51 já existente em 'I Obtained a Mythic Item'.
[2025-10-08 13:56:07,410] INFO: [!] Capítulo 52 já existente em 'I Obtained a Mythic Item'.
[2025-10-08 13:56:07,410] INFO: [!] Capítulo 53 já existente em 'I Obtained a Mythic Item'.
[2025-10-08 13:56:07,410] INFO: [!] Capítulo 54 já existente em 'I Obtained a Mythic Item'.
[2025-10-08 13:56:07,410] INFO: [!] Capítulo 55 já existente em 'I Obtained a Mythic Item'.
[2025-10-08 13:56:07,410] INFO: [!] Capítulo 56 já existente em 'I Obtained a Mythic Item'.
[2025-10-08 13:56:07,410] INFO: [!] Capítulo 57 já existente em 'I Obtained a Mythic Item'.
[2025-10-08 13:56:07,410] INFO: [!] Capítulo 58 já existente em 'I Obtained a Mythic Item'.
[2025-10-08 13:56:07,410] INFO: [!] Capítulo 59 já existente em 'I Obtained a Mythic Item'.
[2025-10-08 13:56:07,410] INFO: [!] Capítulo 60 já existente em 'I Obtained a Mythic Item'.
[2025-10-08 13:56:07,410] INFO: [!] Capítulo 61 já existente em 'I Obtained a Mythic Item'.
[2025-10-08 13:56:07,410] INFO: [!] Capítulo 62 já existente em 'I Obtained a Mythic Item'.
[2025-10-08 13:56:07,410] INFO: [!] Capítulo 63 já existente em 'I Obtained a Mythic Item'.
[2025-10-08 13:56:07,410] INFO: [!] Capítulo 64 já existente em 'I Obtained a Mythic Item'.
[2025-10-08 13:56:07,410] INFO: [!] Capítulo 65 já existente em 'I Obtained a Mythic Item'.
[2025-10-08 13:56:07,410] INFO: [!] Capítulo 66 já existente em 'I Obtained a Mythic Item'.
[2025-10-08 13:56:07,410] INFO: [!] Capítulo 67 já existente em 'I Obtained a Mythic Item'.
[2025-10-08 13:56:07,410] INFO: [!] Capítulo 68 já existente em 'I Obtained a Mythic Item'.
[2025-10-08 13:56:07,410] INFO: [!] Capítulo 69 já existente em 'I Obtained a Mythic Item'.
[2025-10-08 13:56:07,411] INFO: [!] Capítulo 70 já existente em 'I Obtained a Mythic Item'.
[2025-10-08 13:56:07,411] INFO: [!] Capítulo 71 já existente em 'I Obtained a Mythic Item'.
[2025-10-08 13:56:07,411] INFO: [!] Capítulo 72 já existente em 'I Obtained a Mythic Item'.
[2025-10-08 13:56:07,411] INFO: [!] Capítulo 73 já existente em 'I Obtained a Mythic Item'.
[2025-10-08 13:56:07,411] INFO: [!] Capítulo 74 já existente em 'I Obtained a Mythic Item'.
[2025-10-08 13:56:07,411] INFO: [!] Capítulo 75 já existente em 'I Obtained a Mythic Item'.
[2025-10-08 13:56:07,411] INFO: [!] Capítulo 76 já existente em 'I Obtained a Mythic Item'.
[2025-10-08 13:56:07,411] INFO: [!] Capítulo 77 já existente em 'I Obtained a Mythic Item'.
[2025-10-08 13:56:07,411] INFO: [!] Capítulo 78 já existente em 'I Obtained a Mythic Item'.
[2025-10-08 13:56:07,411] INFO: [!] Capítulo 79 já existente em 'I Obtained a Mythic Item'.
[2025-10-08 13:56:07,411] INFO: [!] Capítulo 80 já existente em 'I Obtained a Mythic Item'.
[2025-10-08 13:56:07,411] INFO: [!] Capítulo 81 já existente em 'I Obtained a Mythic Item'.
[2025-10-08 13:56:07,411] INFO: [!] Capítulo 82 já existente em 'I Obtained a Mythic Item'.
[2025-10-08 13:56:07,411] INFO: [!] Capítulo 83 já existente em 'I Obtained a Mythic Item'.
[2025-10-08 13:56:07,411] INFO: [!] Capítulo 84 já existente em 'I Obtained a Mythic Item'.
[2025-10-08 13:56:07,411] INFO: [!] Capítulo 85 já existente em 'I Obtained a Mythic Item'.
[2025-10-08 13:56:07,411] INFO: [!] Capítulo 86 já existente em 'I Obtained a Mythic Item'.
[2025-10-08 13:56:07,411] INFO: [!] Capítulo 87 já existente em 'I Obtained a Mythic Item'.
[2025-10-08 13:56:07,411] INFO: [!] Capítulo 88 já existente em 'I Obtained a Mythic Item'.
[2025-10-08 13:56:07,411] INFO: [!] Capítulo 89 já existente em 'I Obtained a Mythic Item'.
[2025-10-08 13:56:07,412] INFO: [!] Capítulo 90 já existente em 'I Obtained a Mythic Item'.
[2025-10-08 13:56:07,412] INFO: [!] Capítulo 91 já existente em 'I Obtained a Mythic Item'.
[2025-10-08 13:56:07,412] INFO: [!] Capítulo 92 já existente em 'I Obtained a Mythic Item'.
[2025-10-08 13:56:07,412] INFO: [!] Capítulo 93 já existente em 'I Obtained a Mythic Item'.
[2025-10-08 13:56:07,412] INFO: [!] Capítulo 94 já existente em 'I Obtained a Mythic Item'.
[2025-10-08 13:56:07,412] INFO: [!] Capítulo 95 já existente em 'I Obtained a Mythic Item'.
[2025-10-08 13:56:07,412] INFO: [!] Capítulo 96 já existente em 'I Obtained a Mythic Item'.
[2025-10-08 13:56:07,412] INFO: [!] Capítulo 97 já existente em 'I Obtained a Mythic Item'.
[2025-10-08 13:56:07,412] INFO: [!] Capítulo 98 já existente em 'I Obtained a Mythic Item'.
[2025-10-08 13:56:07,412] INFO: [!] Capítulo 99 já existente em 'I Obtained a Mythic Item'.
[2025-10-08 13:56:07,412] INFO: [!] Capítulo 100 já existente em 'I Obtained a Mythic Item'.
[2025-10-08 13:56:07,412] INFO: [!] Capítulo 101 já existente em 'I Obtained a Mythic Item'.
[2025-10-08 13:56:07,412] INFO: [!] Capítulo 102 já existente em 'I Obtained a Mythic Item'.
[2025-10-08 13:56:07,412] INFO: [!] Capítulo 103 já existente em 'I Obtained a Mythic Item'.
[2025-10-08 13:56:07,412] INFO: [!] Capítulo 104 já existente em 'I Obtained a Mythic Item'.
[2025-10-08 13:56:07,412] INFO: [!] Capítulo 105 já existente em 'I Obtained a Mythic Item'.
[2025-10-08 13:56:07,412] INFO: [!] Capítulo 106 já existente em 'I Obtained a Mythic Item'.
[2025-10-08 13:56:07,412] INFO: [!] Capítulo 107 já existente em 'I Obtained a Mythic Item'.
[2025-10-08 13:56:07,412] INFO: [!] Capítulo 107.5 já existente em 'I Obtained a Mythic Item'.
[2025-10-08 13:56:07,412] INFO: [!] Capítulo 108 já existente em 'I Obtained a Mythic Item'.
[2025-10-08 13:56:07,413] INFO: [!] Capítulo 109 já existente em 'I Obtained a Mythic Item'.
[2025-10-08 13:56:07,413] INFO: [!] Capítulo 110 já existente em 'I Obtained a Mythic Item'.
[2025-10-08 13:56:07,413] INFO: [!] Capítulo 111 já existente em 'I Obtained a Mythic Item'.
[2025-10-08 13:56:07,413] INFO: [!] Capítulo 112 já existente em 'I Obtained a Mythic Item'.
[2025-10-08 13:56:07,413] INFO: [!] Capítulo 114 já existente em 'I Obtained a Mythic Item'.
[2025-10-08 13:56:07,413] INFO: [!] Capítulo 115 já existente em 'I Obtained a Mythic Item'.
[2025-10-08 13:56:07,413] INFO: [!] Capítulo 116 já existente em 'I Obtained a Mythic Item'.
[2025-10-08 13:56:07,413] INFO: [!] Capítulo 117 já existente em 'I Obtained a Mythic Item'.
[2025-10-08 13:56:07,413] INFO: [!] Capítulo 118 já existente em 'I Obtained a Mythic Item'.
[2025-10-08 13:56:07,413] INFO: [!] Capítulo 119 já existente em 'I Obtained a Mythic Item'.
[2025-10-08 13:56:07,413] INFO: [!] Capítulo 120 já existente em 'I Obtained a Mythic Item'.
[2025-10-08 13:56:07,413] INFO: [!] Capítulo 122 já existente em 'I Obtained a Mythic Item'.
[2025-10-08 13:56:07,413] INFO: [!] Capítulo 123 já existente em 'I Obtained a Mythic Item'.
[2025-10-08 13:56:07,413] INFO: [!] Capítulo 124 já existente em 'I Obtained a Mythic Item'.
[2025-10-08 13:56:07,413] INFO: [!] Capítulo 125 já existente em 'I Obtained a Mythic Item'.
[2025-10-08 13:56:07,413] INFO: [!] Capítulo 126 já existente em 'I Obtained a Mythic Item'.
[2025-10-08 13:56:07,413] INFO: [!] Capítulo 127 já existente em 'I Obtained a Mythic Item'.
[2025-10-08 13:56:07,413] INFO: [!] Capítulo 128 já existente em 'I Obtained a Mythic Item'.
[2025-10-08 13:56:07,413] INFO: [!] Capítulo 129 já existente em 'I Obtained a Mythic Item'.
[2025-10-08 13:56:07,414] INFO: [!] Capítulo 130 já existente em 'I Obtained a Mythic Item'.
[2025-10-08 13:56:07,414] INFO: [!] Capítulo 131 já existente em 'I Obtained a Mythic Item'.
[2025-10-08 13:56:07,414] INFO: [!] Capítulo 132 já existente em 'I Obtained a Mythic Item'.
[2025-10-08 13:56:07,414] INFO: [!] Capítulo 133 já existente em 'I Obtained a Mythic Item'.
[2025-10-08 13:56:07,414] INFO: [!] Capítulo 134 já existente em 'I Obtained a Mythic Item'.
[2025-10-08 13:56:07,414] INFO: [!] Capítulo 135 já existente em 'I Obtained a Mythic Item'.
[2025-10-08 13:56:07,414] INFO: [!] Capítulo 136 já existente em 'I Obtained a Mythic Item'.
[2025-10-08 13:56:07,414] INFO: [!] Capítulo 137 já existente em 'I Obtained a Mythic Item'.
[2025-10-08 13:56:07,414] INFO: [!] Capítulo 138 já existente em 'I Obtained a Mythic Item'.
[2025-10-08 13:56:07,414] INFO: [!] Capítulo 139 já existente em 'I Obtained a Mythic Item'.
[2025-10-08 13:56:07,414] INFO: [!] Capítulo 140 já existente em 'I Obtained a Mythic Item'.
[2025-10-08 13:56:07,414] INFO: [!] Capítulo 141 já existente em 'I Obtained a Mythic Item'.
[2025-10-08 13:56:07,414] INFO: [!] Capítulo 142 já existente em 'I Obtained a Mythic Item'.
[2025-10-08 13:56:07,414] INFO: [!] Capítulo 143 já existente em 'I Obtained a Mythic Item'.
[2025-10-08 13:56:07,414] INFO: [!] Capítulo 144 já existente em 'I Obtained a Mythic Item'.
[2025-10-08 13:56:07,414] INFO: [!] Capítulo 145 já existente em 'I Obtained a Mythic Item'.
[2025-10-08 13:56:07,414] INFO: [!] Capítulo 146 já existente em 'I Obtained a Mythic Item'.
[2025-10-08 13:56:07,414] INFO: [!] Capítulo 147 já existente em 'I Obtained a Mythic Item'.
[2025-10-08 13:56:07,414] INFO: [!] Capítulo 148 já existente em 'I Obtained a Mythic Item'.
[2025-10-08 13:56:07,414] INFO: [!] Capítulo 149 já existente em 'I Obtained a Mythic Item'.
[2025-10-08 13:56:07,482] INFO: [*] Buscando capítulos pela url: https://mangaonline.blog/manga/childhood-friend-of-zenith/
[2025-10-08 13:56:07,571] INFO: [*] Capítulos encontrados: 75
[2025-10-08 13:56:07,574] INFO: [*] Total de capítulos extraídos: 75
[2025-10-08 13:56:07,575] INFO: [*] Mangá 'Childhood Friend of Zenith' sincronizado com sucesso.
[2025-10-08 13:56:07,592] INFO: [*] Buscando capítulos pela url: https://mangaonline.blog/manga/revenge-of-the-baskerville-bloodhound/
[2025-10-08 13:56:07,709] INFO: [*] Capítulos encontrados: 133
[2025-10-08 13:56:07,715] INFO: [*] Total de capítulos extraídos: 133
[2025-10-08 13:56:07,715] INFO: [*] Mangá 'Revenge of the Baskerville Bloodhound' sincronizado com sucesso.
[2025-10-08 13:56:07,777] INFO: [*] Buscando capítulos pela url: https://mangaonline.blog/manga/jujutsu-kaisen-modulo/
[2025-10-08 13:56:07,834] INFO: [*] Capítulos encontrados: 5
[2025-10-08 13:56:07,835] INFO: [*] Total de capítulos extraídos: 5
[2025-10-08 13:56:07,835] INFO: [*] Mangá 'jujutsu kaisen modulo' sincronizado com sucesso.
[2025-10-08 13:56:07,851] INFO: [*] Buscando capítulos pela url: https://mangaonline.blog/manga/the-swordmasters-son/
[2025-10-08 13:56:08,001] INFO: [*] Capítulos encontrados: 176
[2025-10-08 13:56:08,010] INFO: [*] Total de capítulos extraídos: 176
[2025-10-08 13:56:08,010] INFO: [*] Mangá 'The Swordmaster’s Son' sincronizado com sucesso.
[2025-10-08 13:56:08,072] INFO: [*] Buscando capítulos pela url: https://mangaonline.blog/manga/a-barbarians-adventure-in-a-fantasy-world/
[2025-10-08 13:56:08,149] INFO: [*] Capítulos encontrados: 36
[2025-10-08 13:56:08,151] INFO: [*] Total de capítulos extraídos: 36
[2025-10-08 13:56:08,151] INFO: [*] Mangá 'A Barbarian’s Adventure in a Fantasy World' sincronizado com sucesso.
[2025-10-08 13:56:08,164] INFO: [*] Buscando capítulos pela url: https://mangaonline.blog/manga/logging-10000-years-into-the-future-manga-pt-br/
[2025-10-08 13:56:08,332] INFO: [*] Capítulos encontrados: 261
[2025-10-08 13:56:08,338] WARNING: [!] Capítulo sem número detectado: 'capitulo (134)' — pulando...
[2025-10-08 13:56:08,338] WARNING: [!] Capítulo sem número detectado: 'capitulo (133)' — pulando...
[2025-10-08 13:56:08,338] WARNING: [!] Capítulo sem número detectado: 'capitulo (132)' — pulando...
[2025-10-08 13:56:08,339] WARNING: [!] Capítulo sem número detectado: 'capitulo (131)' — pulando...
[2025-10-08 13:56:08,339] WARNING: [!] Capítulo sem número detectado: 'capitulo (130)' — pulando...
[2025-10-08 13:56:08,339] WARNING: [!] Capítulo sem número detectado: 'capitulo (129)' — pulando...
[2025-10-08 13:56:08,339] WARNING: [!] Capítulo sem número detectado: 'capitulo (128)' — pulando...
[2025-10-08 13:56:08,339] WARNING: [!] Capítulo sem número detectado: 'capitulo (127)' — pulando...
[2025-10-08 13:56:08,339] WARNING: [!] Capítulo sem número detectado: 'capitulo (126)' — pulando...
[2025-10-08 13:56:08,339] WARNING: [!] Capítulo sem número detectado: 'capitulo (125)' — pulando...
[2025-10-08 13:56:08,339] WARNING: [!] Capítulo sem número detectado: 'capitulo (124)' — pulando...
[2025-10-08 13:56:08,339] WARNING: [!] Capítulo sem número detectado: 'capitulo (123)' — pulando...
[2025-10-08 13:56:08,340] WARNING: [!] Capítulo sem número detectado: 'capitulo (122)' — pulando...
[2025-10-08 13:56:08,340] WARNING: [!] Capítulo sem número detectado: 'capitulo (121)' — pulando...
[2025-10-08 13:56:08,340] WARNING: [!] Capítulo sem número detectado: 'capitulo (120)' — pulando...
[2025-10-08 13:56:08,340] WARNING: [!] Capítulo sem número detectado: 'capitulo (119)' — pulando...
[2025-10-08 13:56:08,340] WARNING: [!] Capítulo sem número detectado: 'capitulo (118)' — pulando...
[2025-10-08 13:56:08,340] WARNING: [!] Capítulo sem número detectado: 'capitulo (117)' — pulando...
[2025-10-08 13:56:08,340] WARNING: [!] Capítulo sem número detectado: 'capitulo (116)' — pulando...
[2025-10-08 13:56:08,340] WARNING: [!] Capítulo sem número detectado: 'capitulo (115)' — pulando...
[2025-10-08 13:56:08,340] WARNING: [!] Capítulo sem número detectado: 'capitulo (114)' — pulando...
[2025-10-08 13:56:08,341] WARNING: [!] Capítulo sem número detectado: 'capitulo (113)' — pulando...
[2025-10-08 13:56:08,341] WARNING: [!] Capítulo sem número detectado: 'capitulo (112)' — pulando...
[2025-10-08 13:56:08,341] WARNING: [!] Capítulo sem número detectado: 'capitulo (111)' — pulando...
[2025-10-08 13:56:08,341] WARNING: [!] Capítulo sem número detectado: 'capitulo (110)' — pulando...
[2025-10-08 13:56:08,341] WARNING: [!] Capítulo sem número detectado: 'capitulo (109)' — pulando...
[2025-10-08 13:56:08,341] WARNING: [!] Capítulo sem número detectado: 'capitulo (108)' — pulando...
[2025-10-08 13:56:08,341] WARNING: [!] Capítulo sem número detectado: 'capitulo (107)' — pulando...
[2025-10-08 13:56:08,341] WARNING: [!] Capítulo sem número detectado: 'capitulo (106)' — pulando...
[2025-10-08 13:56:08,341] WARNING: [!] Capítulo sem número detectado: 'capitulo (105)' — pulando...
[2025-10-08 13:56:08,342] WARNING: [!] Capítulo sem número detectado: 'capitulo (104)' — pulando...
[2025-10-08 13:56:08,342] WARNING: [!] Capítulo sem número detectado: 'capitulo (103)' — pulando...
[2025-10-08 13:56:08,342] WARNING: [!] Capítulo sem número detectado: 'capitulo (102)' — pulando...
[2025-10-08 13:56:08,342] WARNING: [!] Capítulo sem número detectado: 'capitulo (101)' — pulando...
[2025-10-08 13:56:08,342] WARNING: [!] Capítulo sem número detectado: 'capitulo (100)' — pulando...
[2025-10-08 13:56:08,342] WARNING: [!] Capítulo sem número detectado: 'capitulo (99)' — pulando...
[2025-10-08 13:56:08,342] WARNING: [!] Capítulo sem número detectado: 'capitulo (98)' — pulando...
[2025-10-08 13:56:08,342] WARNING: [!] Capítulo sem número detectado: 'capitulo (97)' — pulando...
[2025-10-08 13:56:08,342] WARNING: [!] Capítulo sem número detectado: 'capitulo (96)' — pulando...
[2025-10-08 13:56:08,342] WARNING: [!] Capítulo sem número detectado: 'capitulo (95)' — pulando...
[2025-10-08 13:56:08,343] WARNING: [!] Capítulo sem número detectado: 'capitulo (94)' — pulando...
[2025-10-08 13:56:08,343] WARNING: [!] Capítulo sem número detectado: 'capitulo (93)' — pulando...
[2025-10-08 13:56:08,343] WARNING: [!] Capítulo sem número detectado: 'capitulo (92)' — pulando...
[2025-10-08 13:56:08,343] WARNING: [!] Capítulo sem número detectado: 'capitulo (91)' — pulando...
[2025-10-08 13:56:08,343] WARNING: [!] Capítulo sem número detectado: 'capitulo (90)' — pulando...
[2025-10-08 13:56:08,343] WARNING: [!] Capítulo sem número detectado: 'capitulo (89)' — pulando...
[2025-10-08 13:56:08,343] WARNING: [!] Capítulo sem número detectado: 'capitulo (88)' — pulando...
[2025-10-08 13:56:08,343] WARNING: [!] Capítulo sem número detectado: 'capitulo (87)' — pulando...
[2025-10-08 13:56:08,343] WARNING: [!] Capítulo sem número detectado: 'capitulo (86)' — pulando...
[2025-10-08 13:56:08,344] WARNING: [!] Capítulo sem número detectado: 'capitulo (85)' — pulando...
[2025-10-08 13:56:08,344] WARNING: [!] Capítulo sem número detectado: 'capitulo (84)' — pulando...
[2025-10-08 13:56:08,344] WARNING: [!] Capítulo sem número detectado: 'capitulo (83)' — pulando...
[2025-10-08 13:56:08,344] WARNING: [!] Capítulo sem número detectado: 'capitulo (82)' — pulando...
[2025-10-08 13:56:08,344] WARNING: [!] Capítulo sem número detectado: 'capitulo (81)' — pulando...
[2025-10-08 13:56:08,344] WARNING: [!] Capítulo sem número detectado: 'capitulo (80)' — pulando...
[2025-10-08 13:56:08,344] WARNING: [!] Capítulo sem número detectado: 'capitulo (79)' — pulando...
[2025-10-08 13:56:08,344] WARNING: [!] Capítulo sem número detectado: 'capitulo (78)' — pulando...
[2025-10-08 13:56:08,344] WARNING: [!] Capítulo sem número detectado: 'capitulo (77)' — pulando...
[2025-10-08 13:56:08,344] WARNING: [!] Capítulo sem número detectado: 'capitulo (76)' — pulando...
[2025-10-08 13:56:08,345] WARNING: [!] Capítulo sem número detectado: 'capitulo (75)' — pulando...
[2025-10-08 13:56:08,345] WARNING: [!] Capítulo sem número detectado: 'capitulo (74)' — pulando...
[2025-10-08 13:56:08,345] WARNING: [!] Capítulo sem número detectado: 'capitulo (73)' — pulando...
[2025-10-08 13:56:08,345] WARNING: [!] Capítulo sem número detectado: 'capitulo (72)' — pulando...
[2025-10-08 13:56:08,345] WARNING: [!] Capítulo sem número detectado: 'capitulo (71)' — pulando...
[2025-10-08 13:56:08,345] WARNING: [!] Capítulo sem número detectado: 'capitulo (70)' — pulando...
[2025-10-08 13:56:08,345] WARNING: [!] Capítulo sem número detectado: 'capitulo (69)' — pulando...
[2025-10-08 13:56:08,345] WARNING: [!] Capítulo sem número detectado: 'capitulo (68)' — pulando...
[2025-10-08 13:56:08,345] WARNING: [!] Capítulo sem número detectado: 'capitulo (67)' — pulando...
[2025-10-08 13:56:08,345] WARNING: [!] Capítulo sem número detectado: 'capitulo (66)' — pulando...
[2025-10-08 13:56:08,346] WARNING: [!] Capítulo sem número detectado: 'capitulo (65)' — pulando...
[2025-10-08 13:56:08,346] WARNING: [!] Capítulo sem número detectado: 'capitulo (64)' — pulando...
[2025-10-08 13:56:08,346] WARNING: [!] Capítulo sem número detectado: 'capitulo (63)' — pulando...
[2025-10-08 13:56:08,346] WARNING: [!] Capítulo sem número detectado: 'capitulo (62)' — pulando...
[2025-10-08 13:56:08,346] WARNING: [!] Capítulo sem número detectado: 'capitulo (61)' — pulando...
[2025-10-08 13:56:08,346] WARNING: [!] Capítulo sem número detectado: 'capitulo (60)' — pulando...
[2025-10-08 13:56:08,346] WARNING: [!] Capítulo sem número detectado: 'capitulo (59)' — pulando...
[2025-10-08 13:56:08,346] WARNING: [!] Capítulo sem número detectado: 'capitulo (58)' — pulando...
[2025-10-08 13:56:08,346] WARNING: [!] Capítulo sem número detectado: 'capitulo (57)' — pulando...
[2025-10-08 13:56:08,346] WARNING: [!] Capítulo sem número detectado: 'capitulo (56)' — pulando...
[2025-10-08 13:56:08,347] WARNING: [!] Capítulo sem número detectado: 'capitulo (55)' — pulando...
[2025-10-08 13:56:08,347] WARNING: [!] Capítulo sem número detectado: 'capitulo (54)' — pulando...
[2025-10-08 13:56:08,347] WARNING: [!] Capítulo sem número detectado: 'capitulo (53)' — pulando...
[2025-10-08 13:56:08,347] WARNING: [!] Capítulo sem número detectado: 'capitulo (52)' — pulando...
[2025-10-08 13:56:08,347] WARNING: [!] Capítulo sem número detectado: 'capitulo (51)' — pulando...
[2025-10-08 13:56:08,347] WARNING: [!] Capítulo sem número detectado: 'capitulo (50)' — pulando...
[2025-10-08 13:56:08,347] WARNING: [!] Capítulo sem número detectado: 'capitulo (50)' — pulando...
[2025-10-08 13:56:08,347] WARNING: [!] Capítulo sem número detectado: 'capitulo (49)' — pulando...
[2025-10-08 13:56:08,347] WARNING: [!] Capítulo sem número detectado: 'capitulo (48)' — pulando...
[2025-10-08 13:56:08,348] WARNING: [!] Capítulo sem número detectado: 'capitulo (47)' — pulando...
[2025-10-08 13:56:08,348] WARNING: [!] Capítulo sem número detectado: 'capitulo (46)' — pulando...
[2025-10-08 13:56:08,348] WARNING: [!] Capítulo sem número detectado: 'capitulo (45)' — pulando...
[2025-10-08 13:56:08,348] WARNING: [!] Capítulo sem número detectado: 'capitulo (44)' — pulando...
[2025-10-08 13:56:08,348] WARNING: [!] Capítulo sem número detectado: 'capitulo (43)' — pulando...
[2025-10-08 13:56:08,348] WARNING: [!] Capítulo sem número detectado: 'capitulo (42)' — pulando...
[2025-10-08 13:56:08,348] WARNING: [!] Capítulo sem número detectado: 'capitulo (41)' — pulando...
[2025-10-08 13:56:08,348] WARNING: [!] Capítulo sem número detectado: 'capitulo (40)' — pulando...
[2025-10-08 13:56:08,348] WARNING: [!] Capítulo sem número detectado: 'capitulo (39)' — pulando...
[2025-10-08 13:56:08,348] WARNING: [!] Capítulo sem número detectado: 'capitulo (38)' — pulando...
[2025-10-08 13:56:08,349] WARNING: [!] Capítulo sem número detectado: 'capitulo (37)' — pulando...
[2025-10-08 13:56:08,349] WARNING: [!] Capítulo sem número detectado: 'capitulo (36)' — pulando...
[2025-10-08 13:56:08,349] WARNING: [!] Capítulo sem número detectado: 'capitulo (35)' — pulando...
[2025-10-08 13:56:08,349] WARNING: [!] Capítulo sem número detectado: 'capitulo (34)' — pulando...
[2025-10-08 13:56:08,349] WARNING: [!] Capítulo sem número detectado: 'capitulo (33)' — pulando...
[2025-10-08 13:56:08,349] WARNING: [!] Capítulo sem número detectado: 'capitulo (32)' — pulando...
[2025-10-08 13:56:08,349] WARNING: [!] Capítulo sem número detectado: 'capitulo (31)' — pulando...
[2025-10-08 13:56:08,349] WARNING: [!] Capítulo sem número detectado: 'capitulo (30)' — pulando...
[2025-10-08 13:56:08,349] WARNING: [!] Capítulo sem número detectado: 'capitulo (29)' — pulando...
[2025-10-08 13:56:08,350] WARNING: [!] Capítulo sem número detectado: 'capitulo (28)' — pulando...
[2025-10-08 13:56:08,350] WARNING: [!] Capítulo sem número detectado: 'capitulo (27)' — pulando...
[2025-10-08 13:56:08,350] WARNING: [!] Capítulo sem número detectado: 'capitulo (26)' — pulando...
[2025-10-08 13:56:08,350] WARNING: [!] Capítulo sem número detectado: 'capitulo (25)' — pulando...
[2025-10-08 13:56:08,350] WARNING: [!] Capítulo sem número detectado: 'capitulo (24)' — pulando...
[2025-10-08 13:56:08,350] WARNING: [!] Capítulo sem número detectado: 'capitulo (23)' — pulando...
[2025-10-08 13:56:08,350] WARNING: [!] Capítulo sem número detectado: 'capitulo (22)' — pulando...
[2025-10-08 13:56:08,350] WARNING: [!] Capítulo sem número detectado: 'capitulo (21)' — pulando...
[2025-10-08 13:56:08,350] WARNING: [!] Capítulo sem número detectado: 'capitulo (20)' — pulando...
[2025-10-08 13:56:08,350] WARNING: [!] Capítulo sem número detectado: 'capitulo (19)' — pulando...
[2025-10-08 13:56:08,351] WARNING: [!] Capítulo sem número detectado: 'capitulo (18)' — pulando...
[2025-10-08 13:56:08,351] WARNING: [!] Capítulo sem número detectado: 'capitulo (17)' — pulando...
[2025-10-08 13:56:08,351] WARNING: [!] Capítulo sem número detectado: 'capitulo (16)' — pulando...
[2025-10-08 13:56:08,351] WARNING: [!] Capítulo sem número detectado: 'capitulo (15)' — pulando...
[2025-10-08 13:56:08,351] WARNING: [!] Capítulo sem número detectado: 'capitulo (14)' — pulando...
[2025-10-08 13:56:08,351] WARNING: [!] Capítulo sem número detectado: 'capitulo (13)' — pulando...
[2025-10-08 13:56:08,351] WARNING: [!] Capítulo sem número detectado: 'capitulo (12)' — pulando...
[2025-10-08 13:56:08,351] WARNING: [!] Capítulo sem número detectado: 'capitulo (11)' — pulando...
[2025-10-08 13:56:08,351] WARNING: [!] Capítulo sem número detectado: 'capitulo (10)' — pulando...
[2025-10-08 13:56:08,352] WARNING: [!] Capítulo sem número detectado: 'capitulo (9)' — pulando...
[2025-10-08 13:56:08,352] WARNING: [!] Capítulo sem número detectado: 'capitulo (8)' — pulando...
[2025-10-08 13:56:08,352] WARNING: [!] Capítulo sem número detectado: 'capitulo (7)' — pulando...
[2025-10-08 13:56:08,352] WARNING: [!] Capítulo sem número detectado: 'capitulo (6)' — pulando...
[2025-10-08 13:56:08,352] WARNING: [!] Capítulo sem número detectado: 'capitulo (5)' — pulando...
[2025-10-08 13:56:08,352] WARNING: [!] Capítulo sem número detectado: 'capitulo (4)' — pulando...
[2025-10-08 13:56:08,352] WARNING: [!] Capítulo sem número detectado: 'capitulo (3)' — pulando...
[2025-10-08 13:56:08,352] WARNING: [!] Capítulo sem número detectado: 'capitulo (2)' — pulando...
[2025-10-08 13:56:08,352] WARNING: [!] Capítulo sem número detectado: 'capitulo (1)' — pulando...
[2025-10-08 13:56:08,353] INFO: [*] Total de capítulos extraídos: 126
[2025-10-08 13:56:08,353] INFO: [*] Mangá 'Logging 10,000 Years Into The Future' sincronizado com sucesso.
[2025-10-08 13:56:08,507] INFO: [*] Buscando capítulos pela url: https://mangaonline.blog/manga/metcha-shoukan-sareta-ken/
[2025-10-08 13:56:08,598] INFO: [*] Capítulos encontrados: 68
[2025-10-08 13:56:08,602] INFO: [*] Total de capítulos extraídos: 68
[2025-10-08 13:56:08,602] INFO: [*] Mangá 'Metcha Shoukan Sareta Ken' sincronizado com sucesso.
[2025-10-08 13:56:08,618] INFO: [*] Buscando capítulos pela url: https://mangaonline.blog/manga/kaoru-hana-wa-rin-to-saku/
[2025-10-08 13:56:08,736] INFO: [*] Capítulos encontrados: 151
[2025-10-08 13:56:08,744] INFO: [*] Total de capítulos extraídos: 151
[2025-10-08 13:56:08,744] INFO: [*] Mangá 'Kaoru Hana wa Rin to Saku' sincronizado com sucesso.
[2025-10-08 13:56:08,815] INFO: [*] Buscando capítulos pela url: https://mangaonline.blog/manga/eternally-regressing-knight/
[2025-10-08 13:56:08,904] INFO: [*] Capítulos encontrados: 78
[2025-10-08 13:56:08,909] INFO: [*] Total de capítulos extraídos: 78
[2025-10-08 13:56:08,909] INFO: [*] Mangá 'Eternally Regressing Knight' sincronizado com sucesso.
[2025-10-08 13:56:08,930] INFO: [*] Buscando capítulos pela url: https://mangaonline.blog/manga/mushoku-tensei-isekai-ittara-honki-dasu-manga/
[2025-10-08 13:56:08,999] INFO: [*] Capítulos encontrados: 36
[2025-10-08 13:56:09,000] INFO: [*] Total de capítulos extraídos: 36
[2025-10-08 13:56:09,001] INFO: [*] Mangá 'Mushoku Tensei: Isekai Ittara Honki Dasu Manga' sincronizado com sucesso.
[2025-10-08 13:56:09,063] INFO: [*] Buscando capítulos pela url: https://mangaonline.blog/manga/tower-of-god-ureks-ascent/
[2025-10-08 13:56:09,132] INFO: [*] Capítulos encontrados: 29
[2025-10-08 13:56:09,133] INFO: [*] Total de capítulos extraídos: 29
[2025-10-08 13:56:09,133] INFO: [*] Mangá 'Tower of God: Urek’s Ascent' sincronizado com sucesso.
[2025-10-08 13:56:09,149] INFO: [*] Buscando capítulos pela url: https://mangaonline.blog/manga/the-celestial-returned-from-hell/
[2025-10-08 13:56:09,220] INFO: [*] Capítulos encontrados: 10
[2025-10-08 13:56:09,221] INFO: [*] Total de capítulos extraídos: 10
[2025-10-08 13:56:09,221] INFO: [*] Mangá 'The Celestial Returned from Hell' sincronizado com sucesso.
[2025-10-08 13:56:09,237] INFO: [*] Buscando capítulos pela url: https://mangaonline.blog/manga/gachiakuta-manga/
[2025-10-08 13:56:09,369] INFO: [*] Capítulos encontrados: 152
[2025-10-08 13:56:09,377] INFO: [*] Total de capítulos extraídos: 152
[2025-10-08 13:56:09,377] INFO: [*] Mangá 'Gachiakuta Manga' sincronizado com sucesso.
[2025-10-08 13:56:09,441] INFO: [*] Buscando capítulos pela url: https://mangaonline.blog/manga/nano-machine-manhwa/
[2025-10-08 13:56:09,902] INFO: [*] Capítulos encontrados: 271
[2025-10-08 13:56:09,915] INFO: [*] Total de capítulos extraídos: 271
[2025-10-08 13:56:09,916] INFO: [!] Capítulo 1 já existente em 'Nano Machine'.
[2025-10-08 13:56:09,916] INFO: [!] Capítulo 2 já existente em 'Nano Machine'.
[2025-10-08 13:56:09,916] INFO: [!] Capítulo 3 já existente em 'Nano Machine'.
[2025-10-08 13:56:09,916] INFO: [!] Capítulo 4 já existente em 'Nano Machine'.
[2025-10-08 13:56:09,916] INFO: [!] Capítulo 5 já existente em 'Nano Machine'.
[2025-10-08 13:56:09,916] INFO: [!] Capítulo 6 já existente em 'Nano Machine'.
[2025-10-08 13:56:09,916] INFO: [!] Capítulo 7 já existente em 'Nano Machine'.
[2025-10-08 13:56:09,916] INFO: [!] Capítulo 8 já existente em 'Nano Machine'.
[2025-10-08 13:56:09,916] INFO: [!] Capítulo 9 já existente em 'Nano Machine'.
[2025-10-08 13:56:09,916] INFO: [!] Capítulo 10 já existente em 'Nano Machine'.
[2025-10-08 13:56:09,916] INFO: [!] Capítulo 11 já existente em 'Nano Machine'.
[2025-10-08 13:56:09,916] INFO: [!] Capítulo 12 já existente em 'Nano Machine'.
[2025-10-08 13:56:09,916] INFO: [!] Capítulo 13 já existente em 'Nano Machine'.
[2025-10-08 13:56:09,916] INFO: [!] Capítulo 14 já existente em 'Nano Machine'.
[2025-10-08 13:56:09,916] INFO: [!] Capítulo 15 já existente em 'Nano Machine'.
[2025-10-08 13:56:09,916] INFO: [!] Capítulo 16 já existente em 'Nano Machine'.
[2025-10-08 13:56:09,917] INFO: [!] Capítulo 17 já existente em 'Nano Machine'.
[2025-10-08 13:56:09,917] INFO: [!] Capítulo 18 já existente em 'Nano Machine'.
[2025-10-08 13:56:09,917] INFO: [!] Capítulo 19 já existente em 'Nano Machine'.
[2025-10-08 13:56:09,917] INFO: [!] Capítulo 20 já existente em 'Nano Machine'.
[2025-10-08 13:56:09,917] INFO: [!] Capítulo 22 já existente em 'Nano Machine'.
[2025-10-08 13:56:09,917] INFO: [!] Capítulo 23 já existente em 'Nano Machine'.
[2025-10-08 13:56:09,917] INFO: [!] Capítulo 24 já existente em 'Nano Machine'.
[2025-10-08 13:56:09,917] INFO: [!] Capítulo 25 já existente em 'Nano Machine'.
[2025-10-08 13:56:09,917] INFO: [!] Capítulo 26 já existente em 'Nano Machine'.
[2025-10-08 13:56:09,917] INFO: [!] Capítulo 27 já existente em 'Nano Machine'.
[2025-10-08 13:56:09,917] INFO: [!] Capítulo 28 já existente em 'Nano Machine'.
[2025-10-08 13:56:09,917] INFO: [!] Capítulo 29 já existente em 'Nano Machine'.
[2025-10-08 13:56:09,917] INFO: [!] Capítulo 30 já existente em 'Nano Machine'.
[2025-10-08 13:56:09,917] INFO: [!] Capítulo 31 já existente em 'Nano Machine'.
[2025-10-08 13:56:09,917] INFO: [!] Capítulo 32 já existente em 'Nano Machine'.
[2025-10-08 13:56:09,917] INFO: [!] Capítulo 33 já existente em 'Nano Machine'.
[2025-10-08 13:56:09,917] INFO: [!] Capítulo 34 já existente em 'Nano Machine'.
[2025-10-08 13:56:09,917] INFO: [!] Capítulo 35 já existente em 'Nano Machine'.
[2025-10-08 13:56:09,918] INFO: [!] Capítulo 36 já existente em 'Nano Machine'.
[2025-10-08 13:56:09,918] INFO: [!] Capítulo 37 já existente em 'Nano Machine'.
[2025-10-08 13:56:09,918] INFO: [!] Capítulo 38 já existente em 'Nano Machine'.
[2025-10-08 13:56:09,918] INFO: [!] Capítulo 39 já existente em 'Nano Machine'.
[2025-10-08 13:56:09,918] INFO: [!] Capítulo 40 já existente em 'Nano Machine'.
[2025-10-08 13:56:09,918] INFO: [!] Capítulo 41 já existente em 'Nano Machine'.
[2025-10-08 13:56:09,918] INFO: [!] Capítulo 42 já existente em 'Nano Machine'.
[2025-10-08 13:56:09,918] INFO: [!] Capítulo 43 já existente em 'Nano Machine'.
[2025-10-08 13:56:09,918] INFO: [!] Capítulo 44 já existente em 'Nano Machine'.
[2025-10-08 13:56:09,918] INFO: [!] Capítulo 45 já existente em 'Nano Machine'.
[2025-10-08 13:56:09,918] INFO: [!] Capítulo 46 já existente em 'Nano Machine'.
[2025-10-08 13:56:09,918] INFO: [!] Capítulo 47 já existente em 'Nano Machine'.
[2025-10-08 13:56:09,918] INFO: [!] Capítulo 48 já existente em 'Nano Machine'.
[2025-10-08 13:56:09,918] INFO: [!] Capítulo 49 já existente em 'Nano Machine'.
[2025-10-08 13:56:09,918] INFO: [!] Capítulo 50 já existente em 'Nano Machine'.
[2025-10-08 13:56:09,918] INFO: [!] Capítulo 51 já existente em 'Nano Machine'.
[2025-10-08 13:56:09,918] INFO: [!] Capítulo 52 já existente em 'Nano Machine'.
[2025-10-08 13:56:09,918] INFO: [!] Capítulo 53 já existente em 'Nano Machine'.
[2025-10-08 13:56:09,919] INFO: [!] Capítulo 54 já existente em 'Nano Machine'.
[2025-10-08 13:56:09,919] INFO: [!] Capítulo 55 já existente em 'Nano Machine'.
[2025-10-08 13:56:09,919] INFO: [!] Capítulo 56 já existente em 'Nano Machine'.
[2025-10-08 13:56:09,919] INFO: [!] Capítulo 57 já existente em 'Nano Machine'.
[2025-10-08 13:56:09,919] INFO: [!] Capítulo 58 já existente em 'Nano Machine'.
[2025-10-08 13:56:09,919] INFO: [!] Capítulo 59 já existente em 'Nano Machine'.
[2025-10-08 13:56:09,919] INFO: [!] Capítulo 60 já existente em 'Nano Machine'.
[2025-10-08 13:56:09,919] INFO: [!] Capítulo 61 já existente em 'Nano Machine'.
[2025-10-08 13:56:09,919] INFO: [!] Capítulo 62 já existente em 'Nano Machine'.
[2025-10-08 13:56:09,919] INFO: [!] Capítulo 63 já existente em 'Nano Machine'.
[2025-10-08 13:56:09,919] INFO: [!] Capítulo 65 já existente em 'Nano Machine'.
[2025-10-08 13:56:09,919] INFO: [!] Capítulo 66 já existente em 'Nano Machine'.
[2025-10-08 13:56:09,919] INFO: [!] Capítulo 67 já existente em 'Nano Machine'.
[2025-10-08 13:56:09,919] INFO: [!] Capítulo 68 já existente em 'Nano Machine'.
[2025-10-08 13:56:09,919] INFO: [!] Capítulo 69 já existente em 'Nano Machine'.
[2025-10-08 13:56:09,919] INFO: [!] Capítulo 70 já existente em 'Nano Machine'.
[2025-10-08 13:56:09,919] INFO: [!] Capítulo 71 já existente em 'Nano Machine'.
[2025-10-08 13:56:09,919] INFO: [!] Capítulo 72 já existente em 'Nano Machine'.
[2025-10-08 13:56:09,919] INFO: [!] Capítulo 73 já existente em 'Nano Machine'.
[2025-10-08 13:56:09,919] INFO: [!] Capítulo 74 já existente em 'Nano Machine'.
[2025-10-08 13:56:09,920] INFO: [!] Capítulo 75 já existente em 'Nano Machine'.
[2025-10-08 13:56:09,920] INFO: [!] Capítulo 76 já existente em 'Nano Machine'.
[2025-10-08 13:56:09,920] INFO: [!] Capítulo 77 já existente em 'Nano Machine'.
[2025-10-08 13:56:09,920] INFO: [!] Capítulo 80 já existente em 'Nano Machine'.
[2025-10-08 13:56:09,920] INFO: [!] Capítulo 81 já existente em 'Nano Machine'.
[2025-10-08 13:56:09,920] INFO: [!] Capítulo 82 já existente em 'Nano Machine'.
[2025-10-08 13:56:09,920] INFO: [!] Capítulo 83 já existente em 'Nano Machine'.
[2025-10-08 13:56:09,920] INFO: [!] Capítulo 84 já existente em 'Nano Machine'.
[2025-10-08 13:56:09,920] INFO: [!] Capítulo 85 já existente em 'Nano Machine'.
[2025-10-08 13:56:09,920] INFO: [!] Capítulo 86 já existente em 'Nano Machine'.
[2025-10-08 13:56:09,920] INFO: [!] Capítulo 87 já existente em 'Nano Machine'.
[2025-10-08 13:56:09,920] INFO: [!] Capítulo 88 já existente em 'Nano Machine'.
[2025-10-08 13:56:09,920] INFO: [!] Capítulo 89 já existente em 'Nano Machine'.
[2025-10-08 13:56:09,920] INFO: [!] Capítulo 90 já existente em 'Nano Machine'.
[2025-10-08 13:56:09,920] INFO: [!] Capítulo 91 já existente em 'Nano Machine'.
[2025-10-08 13:56:09,920] INFO: [!] Capítulo 92 já existente em 'Nano Machine'.
[2025-10-08 13:56:09,920] INFO: [!] Capítulo 93 já existente em 'Nano Machine'.
[2025-10-08 13:56:09,920] INFO: [!] Capítulo 94 já existente em 'Nano Machine'.
[2025-10-08 13:56:09,920] INFO: [!] Capítulo 95 já existente em 'Nano Machine'.
[2025-10-08 13:56:09,920] INFO: [!] Capítulo 96 já existente em 'Nano Machine'.
[2025-10-08 13:56:09,920] INFO: [!] Capítulo 97 já existente em 'Nano Machine'.
[2025-10-08 13:56:09,921] INFO: [!] Capítulo 98 já existente em 'Nano Machine'.
[2025-10-08 13:56:09,921] INFO: [!] Capítulo 100 já existente em 'Nano Machine'.
[2025-10-08 13:56:09,921] INFO: [!] Capítulo 101 já existente em 'Nano Machine'.
[2025-10-08 13:56:09,921] INFO: [!] Capítulo 102 já existente em 'Nano Machine'.
[2025-10-08 13:56:09,921] INFO: [!] Capítulo 103 já existente em 'Nano Machine'.
[2025-10-08 13:56:09,921] INFO: [!] Capítulo 104 já existente em 'Nano Machine'.
[2025-10-08 13:56:09,921] INFO: [!] Capítulo 105 já existente em 'Nano Machine'.
[2025-10-08 13:56:09,921] INFO: [!] Capítulo 106 já existente em 'Nano Machine'.
[2025-10-08 13:56:09,921] INFO: [!] Capítulo 107 já existente em 'Nano Machine'.
[2025-10-08 13:56:09,921] INFO: [!] Capítulo 108 já existente em 'Nano Machine'.
[2025-10-08 13:56:09,921] INFO: [!] Capítulo 109 já existente em 'Nano Machine'.
[2025-10-08 13:56:09,921] INFO: [!] Capítulo 110 já existente em 'Nano Machine'.
[2025-10-08 13:56:09,921] INFO: [!] Capítulo 111 já existente em 'Nano Machine'.
[2025-10-08 13:56:09,921] INFO: [!] Capítulo 112 já existente em 'Nano Machine'.
[2025-10-08 13:56:09,921] INFO: [!] Capítulo 113 já existente em 'Nano Machine'.
[2025-10-08 13:56:09,921] INFO: [!] Capítulo 114 já existente em 'Nano Machine'.
[2025-10-08 13:56:09,921] INFO: [!] Capítulo 115 já existente em 'Nano Machine'.
[2025-10-08 13:56:09,921] INFO: [!] Capítulo 116 já existente em 'Nano Machine'.
[2025-10-08 13:56:09,921] INFO: [!] Capítulo 117 já existente em 'Nano Machine'.
[2025-10-08 13:56:09,921] INFO: [!] Capítulo 118 já existente em 'Nano Machine'.
[2025-10-08 13:56:09,922] INFO: [!] Capítulo 119 já existente em 'Nano Machine'.
[2025-10-08 13:56:09,922] INFO: [!] Capítulo 120 já existente em 'Nano Machine'.
[2025-10-08 13:56:09,922] INFO: [!] Capítulo 121 já existente em 'Nano Machine'.
[2025-10-08 13:56:09,922] INFO: [!] Capítulo 123 já existente em 'Nano Machine'.
[2025-10-08 13:56:09,922] INFO: [!] Capítulo 124 já existente em 'Nano Machine'.
[2025-10-08 13:56:09,922] INFO: [!] Capítulo 125 já existente em 'Nano Machine'.
[2025-10-08 13:56:09,922] INFO: [!] Capítulo 126 já existente em 'Nano Machine'.
[2025-10-08 13:56:09,922] INFO: [!] Capítulo 127 já existente em 'Nano Machine'.
[2025-10-08 13:56:09,922] INFO: [!] Capítulo 128 já existente em 'Nano Machine'.
[2025-10-08 13:56:09,922] INFO: [!] Capítulo 129 já existente em 'Nano Machine'.
[2025-10-08 13:56:09,922] INFO: [!] Capítulo 130 já existente em 'Nano Machine'.
[2025-10-08 13:56:09,922] INFO: [!] Capítulo 131 já existente em 'Nano Machine'.
[2025-10-08 13:56:09,922] INFO: [!] Capítulo 132 já existente em 'Nano Machine'.
[2025-10-08 13:56:09,922] INFO: [!] Capítulo 133 já existente em 'Nano Machine'.
[2025-10-08 13:56:09,922] INFO: [!] Capítulo 134 já existente em 'Nano Machine'.
[2025-10-08 13:56:09,922] INFO: [!] Capítulo 135 já existente em 'Nano Machine'.
[2025-10-08 13:56:09,922] INFO: [!] Capítulo 136 já existente em 'Nano Machine'.
[2025-10-08 13:56:09,922] INFO: [!] Capítulo 137 já existente em 'Nano Machine'.
[2025-10-08 13:56:09,922] INFO: [!] Capítulo 138 já existente em 'Nano Machine'.
[2025-10-08 13:56:09,923] INFO: [!] Capítulo 139 já existente em 'Nano Machine'.
[2025-10-08 13:56:09,923] INFO: [!] Capítulo 140 já existente em 'Nano Machine'.
[2025-10-08 13:56:09,923] INFO: [!] Capítulo 141 já existente em 'Nano Machine'.
[2025-10-08 13:56:09,923] INFO: [!] Capítulo 142 já existente em 'Nano Machine'.
[2025-10-08 13:56:09,923] INFO: [!] Capítulo 143 já existente em 'Nano Machine'.
[2025-10-08 13:56:09,923] INFO: [!] Capítulo 144 já existente em 'Nano Machine'.
[2025-10-08 13:56:09,923] INFO: [!] Capítulo 145 já existente em 'Nano Machine'.
[2025-10-08 13:56:09,923] INFO: [!] Capítulo 146 já existente em 'Nano Machine'.
[2025-10-08 13:56:09,923] INFO: [!] Capítulo 147 já existente em 'Nano Machine'.
[2025-10-08 13:56:09,923] INFO: [!] Capítulo 148 já existente em 'Nano Machine'.
[2025-10-08 13:56:09,923] INFO: [!] Capítulo 149 já existente em 'Nano Machine'.
[2025-10-08 13:56:09,923] INFO: [!] Capítulo 150 já existente em 'Nano Machine'.
[2025-10-08 13:56:09,923] INFO: [!] Capítulo 151 já existente em 'Nano Machine'.
[2025-10-08 13:56:09,923] INFO: [!] Capítulo 153 já existente em 'Nano Machine'.
[2025-10-08 13:56:09,923] INFO: [!] Capítulo 154 já existente em 'Nano Machine'.
[2025-10-08 13:56:09,923] INFO: [!] Capítulo 155 já existente em 'Nano Machine'.
[2025-10-08 13:56:09,923] INFO: [!] Capítulo 156 já existente em 'Nano Machine'.
[2025-10-08 13:56:09,923] INFO: [!] Capítulo 157 já existente em 'Nano Machine'.
[2025-10-08 13:56:09,924] INFO: [!] Capítulo 158 já existente em 'Nano Machine'.
[2025-10-08 13:56:09,924] INFO: [!] Capítulo 159 já existente em 'Nano Machine'.
[2025-10-08 13:56:09,924] INFO: [!] Capítulo 160 já existente em 'Nano Machine'.
[2025-10-08 13:56:09,924] INFO: [!] Capítulo 161 já existente em 'Nano Machine'.
[2025-10-08 13:56:09,924] INFO: [!] Capítulo 162 já existente em 'Nano Machine'.
[2025-10-08 13:56:09,924] INFO: [!] Capítulo 163 já existente em 'Nano Machine'.
[2025-10-08 13:56:09,924] INFO: [!] Capítulo 164 já existente em 'Nano Machine'.
[2025-10-08 13:56:09,924] INFO: [!] Capítulo 165 já existente em 'Nano Machine'.
[2025-10-08 13:56:09,924] INFO: [!] Capítulo 166 já existente em 'Nano Machine'.
[2025-10-08 13:56:09,924] INFO: [!] Capítulo 167 já existente em 'Nano Machine'.
[2025-10-08 13:56:09,924] INFO: [!] Capítulo 168 já existente em 'Nano Machine'.
[2025-10-08 13:56:09,924] INFO: [!] Capítulo 169 já existente em 'Nano Machine'.
[2025-10-08 13:56:09,924] INFO: [!] Capítulo 170 já existente em 'Nano Machine'.
[2025-10-08 13:56:09,924] INFO: [!] Capítulo 171 já existente em 'Nano Machine'.
[2025-10-08 13:56:09,924] INFO: [!] Capítulo 172 já existente em 'Nano Machine'.
[2025-10-08 13:56:09,924] INFO: [!] Capítulo 173 já existente em 'Nano Machine'.
[2025-10-08 13:56:09,924] INFO: [!] Capítulo 174 já existente em 'Nano Machine'.
[2025-10-08 13:56:09,924] INFO: [!] Capítulo 175 já existente em 'Nano Machine'.
[2025-10-08 13:56:09,924] INFO: [!] Capítulo 176 já existente em 'Nano Machine'.
[2025-10-08 13:56:09,924] INFO: [!] Capítulo 177 já existente em 'Nano Machine'.
[2025-10-08 13:56:09,925] INFO: [!] Capítulo 178 já existente em 'Nano Machine'.
[2025-10-08 13:56:09,925] INFO: [!] Capítulo 179 já existente em 'Nano Machine'.
[2025-10-08 13:56:09,925] INFO: [!] Capítulo 180 já existente em 'Nano Machine'.
[2025-10-08 13:56:09,925] INFO: [!] Capítulo 181 já existente em 'Nano Machine'.
[2025-10-08 13:56:09,925] INFO: [!] Capítulo 182 já existente em 'Nano Machine'.
[2025-10-08 13:56:09,925] INFO: [!] Capítulo 183 já existente em 'Nano Machine'.
[2025-10-08 13:56:09,925] INFO: [!] Capítulo 184 já existente em 'Nano Machine'.
[2025-10-08 13:56:09,925] INFO: [!] Capítulo 185 já existente em 'Nano Machine'.
[2025-10-08 13:56:09,925] INFO: [!] Capítulo 186 já existente em 'Nano Machine'.
[2025-10-08 13:56:09,925] INFO: [!] Capítulo 187 já existente em 'Nano Machine'.
[2025-10-08 13:56:09,925] INFO: [!] Capítulo 188 já existente em 'Nano Machine'.
[2025-10-08 13:56:09,925] INFO: [!] Capítulo 189 já existente em 'Nano Machine'.
[2025-10-08 13:56:09,925] INFO: [!] Capítulo 190 já existente em 'Nano Machine'.
[2025-10-08 13:56:09,925] INFO: [!] Capítulo 191 já existente em 'Nano Machine'.
[2025-10-08 13:56:09,925] INFO: [!] Capítulo 192 já existente em 'Nano Machine'.
[2025-10-08 13:56:09,925] INFO: [!] Capítulo 193 já existente em 'Nano Machine'.
[2025-10-08 13:56:09,925] INFO: [!] Capítulo 194 já existente em 'Nano Machine'.
[2025-10-08 13:56:09,925] INFO: [!] Capítulo 195 já existente em 'Nano Machine'.
[2025-10-08 13:56:09,925] INFO: [!] Capítulo 196 já existente em 'Nano Machine'.
[2025-10-08 13:56:09,926] INFO: [!] Capítulo 197 já existente em 'Nano Machine'.
[2025-10-08 13:56:09,926] INFO: [!] Capítulo 198 já existente em 'Nano Machine'.
[2025-10-08 13:56:09,926] INFO: [!] Capítulo 199 já existente em 'Nano Machine'.
[2025-10-08 13:56:09,926] INFO: [!] Capítulo 200 já existente em 'Nano Machine'.
[2025-10-08 13:56:09,926] INFO: [!] Capítulo 201 já existente em 'Nano Machine'.
[2025-10-08 13:56:09,926] INFO: [!] Capítulo 202 já existente em 'Nano Machine'.
[2025-10-08 13:56:09,926] INFO: [!] Capítulo 203 já existente em 'Nano Machine'.
[2025-10-08 13:56:09,926] INFO: [!] Capítulo 204 já existente em 'Nano Machine'.
[2025-10-08 13:56:09,926] INFO: [!] Capítulo 205 já existente em 'Nano Machine'.
[2025-10-08 13:56:09,926] INFO: [!] Capítulo 206 já existente em 'Nano Machine'.
[2025-10-08 13:56:09,926] INFO: [!] Capítulo 207 já existente em 'Nano Machine'.
[2025-10-08 13:56:09,926] INFO: [!] Capítulo 208 já existente em 'Nano Machine'.
[2025-10-08 13:56:09,926] INFO: [!] Capítulo 209 já existente em 'Nano Machine'.
[2025-10-08 13:56:09,926] INFO: [!] Capítulo 210 já existente em 'Nano Machine'.
[2025-10-08 13:56:09,926] INFO: [!] Capítulo 211 já existente em 'Nano Machine'.
[2025-10-08 13:56:09,926] INFO: [!] Capítulo 212 já existente em 'Nano Machine'.
[2025-10-08 13:56:09,926] INFO: [!] Capítulo 213 já existente em 'Nano Machine'.
[2025-10-08 13:56:09,926] INFO: [!] Capítulo 214 já existente em 'Nano Machine'.
[2025-10-08 13:56:09,926] INFO: [!] Capítulo 215 já existente em 'Nano Machine'.
[2025-10-08 13:56:09,926] INFO: [!] Capítulo 216 já existente em 'Nano Machine'.
[2025-10-08 13:56:09,927] INFO: [!] Capítulo 217 já existente em 'Nano Machine'.
[2025-10-08 13:56:09,927] INFO: [!] Capítulo 218 já existente em 'Nano Machine'.
[2025-10-08 13:56:09,927] INFO: [!] Capítulo 219 já existente em 'Nano Machine'.
[2025-10-08 13:56:09,927] INFO: [!] Capítulo 220 já existente em 'Nano Machine'.
[2025-10-08 13:56:09,927] INFO: [!] Capítulo 221 já existente em 'Nano Machine'.
[2025-10-08 13:56:09,927] INFO: [!] Capítulo 222 já existente em 'Nano Machine'.
[2025-10-08 13:56:09,927] INFO: [!] Capítulo 223 já existente em 'Nano Machine'.
[2025-10-08 13:56:09,927] INFO: [!] Capítulo 224 já existente em 'Nano Machine'.
[2025-10-08 13:56:09,927] INFO: [!] Capítulo 225 já existente em 'Nano Machine'.
[2025-10-08 13:56:09,927] INFO: [!] Capítulo 226 já existente em 'Nano Machine'.
[2025-10-08 13:56:09,927] INFO: [!] Capítulo 227 já existente em 'Nano Machine'.
[2025-10-08 13:56:09,927] INFO: [!] Capítulo 228 já existente em 'Nano Machine'.
[2025-10-08 13:56:09,927] INFO: [!] Capítulo 229 já existente em 'Nano Machine'.
[2025-10-08 13:56:09,927] INFO: [!] Capítulo 230 já existente em 'Nano Machine'.
[2025-10-08 13:56:09,927] INFO: [!] Capítulo 232 já existente em 'Nano Machine'.
[2025-10-08 13:56:09,927] INFO: [!] Capítulo 233 já existente em 'Nano Machine'.
[2025-10-08 13:56:09,927] INFO: [!] Capítulo 234 já existente em 'Nano Machine'.
[2025-10-08 13:56:09,927] INFO: [!] Capítulo 235 já existente em 'Nano Machine'.
[2025-10-08 13:56:09,927] INFO: [!] Capítulo 236 já existente em 'Nano Machine'.
[2025-10-08 13:56:09,927] INFO: [!] Capítulo 237 já existente em 'Nano Machine'.
[2025-10-08 13:56:09,928] INFO: [!] Capítulo 238 já existente em 'Nano Machine'.
[2025-10-08 13:56:09,928] INFO: [!] Capítulo 239 já existente em 'Nano Machine'.
[2025-10-08 13:56:09,928] INFO: [!] Capítulo 240 já existente em 'Nano Machine'.
[2025-10-08 13:56:09,928] INFO: [!] Capítulo 241 já existente em 'Nano Machine'.
[2025-10-08 13:56:09,928] INFO: [!] Capítulo 242 já existente em 'Nano Machine'.
[2025-10-08 13:56:09,928] INFO: [!] Capítulo 243 já existente em 'Nano Machine'.
[2025-10-08 13:56:09,928] INFO: [!] Capítulo 244 já existente em 'Nano Machine'.
[2025-10-08 13:56:09,928] INFO: [!] Capítulo 245 já existente em 'Nano Machine'.
[2025-10-08 13:56:09,928] INFO: [!] Capítulo 246 já existente em 'Nano Machine'.
[2025-10-08 13:56:09,928] INFO: [!] Capítulo 247 já existente em 'Nano Machine'.
[2025-10-08 13:56:09,928] INFO: [!] Capítulo 248 já existente em 'Nano Machine'.
[2025-10-08 13:56:09,928] INFO: [!] Capítulo 249 já existente em 'Nano Machine'.
[2025-10-08 13:56:09,928] INFO: [!] Capítulo 250 já existente em 'Nano Machine'.
[2025-10-08 13:56:09,928] INFO: [!] Capítulo 251 já existente em 'Nano Machine'.
[2025-10-08 13:56:09,928] INFO: [!] Capítulo 252 já existente em 'Nano Machine'.
[2025-10-08 13:56:09,928] INFO: [!] Capítulo 253 já existente em 'Nano Machine'.
[2025-10-08 13:56:09,928] INFO: [!] Capítulo 254 já existente em 'Nano Machine'.
[2025-10-08 13:56:09,928] INFO: [!] Capítulo 255 já existente em 'Nano Machine'.
[2025-10-08 13:56:09,928] INFO: [!] Capítulo 256 já existente em 'Nano Machine'.
[2025-10-08 13:56:09,928] INFO: [!] Capítulo 257 já existente em 'Nano Machine'.
[2025-10-08 13:56:09,929] INFO: [!] Capítulo 259 já existente em 'Nano Machine'.
[2025-10-08 13:56:09,929] INFO: [!] Capítulo 260 já existente em 'Nano Machine'.
[2025-10-08 13:56:09,929] INFO: [!] Capítulo 261 já existente em 'Nano Machine'.
[2025-10-08 13:56:09,929] INFO: [!] Capítulo 262 já existente em 'Nano Machine'.
[2025-10-08 13:56:09,929] INFO: [!] Capítulo 263 já existente em 'Nano Machine'.
[2025-10-08 13:56:09,929] INFO: [!] Capítulo 264 já existente em 'Nano Machine'.
[2025-10-08 13:56:09,929] INFO: [!] Capítulo 265 já existente em 'Nano Machine'.
[2025-10-08 13:56:09,929] INFO: [!] Capítulo 266 já existente em 'Nano Machine'.
[2025-10-08 13:56:09,929] INFO: [!] Capítulo 267 já existente em 'Nano Machine'.
[2025-10-08 13:56:09,929] INFO: [!] Capítulo 268 já existente em 'Nano Machine'.
[2025-10-08 13:56:09,929] INFO: [!] Capítulo 269 já existente em 'Nano Machine'.
[2025-10-08 13:56:09,929] INFO: [!] Capítulo 270 já existente em 'Nano Machine'.
[2025-10-08 13:56:09,929] INFO: [!] Capítulo 271 já existente em 'Nano Machine'.
[2025-10-08 13:56:09,929] INFO: [!] Capítulo 272 já existente em 'Nano Machine'.
[2025-10-08 13:56:09,929] INFO: [!] Capítulo 273 já existente em 'Nano Machine'.
[2025-10-08 13:56:09,929] INFO: [!] Capítulo 274 já existente em 'Nano Machine'.
[2025-10-08 13:56:09,929] INFO: [!] Capítulo 275 já existente em 'Nano Machine'.
[2025-10-08 13:56:09,929] INFO: [!] Capítulo 276 já existente em 'Nano Machine'.
[2025-10-08 13:56:09,929] INFO: [!] Capítulo 277 já existente em 'Nano Machine'.
[2025-10-08 13:56:09,929] INFO: [!] Capítulo 278 já existente em 'Nano Machine'.
[2025-10-08 13:56:09,930] INFO: [!] Capítulo 279 já existente em 'Nano Machine'.
[2025-10-08 13:56:09,930] INFO: [!] Capítulo 280 já existente em 'Nano Machine'.
[2025-10-08 13:56:09,996] INFO: [*] Sessão fechada com sucesso.
[2025-10-08 14:29:30,890] INFO: [*] Sincronizando mangás do provedor MangaOnline
[2025-10-08 14:29:30,893] INFO: [*] Buscando página 1: https://mangaonline.blog/manga/
[2025-10-08 14:29:31,095] INFO: [*] Buscando página 2: https://mangaonline.blog/manga/page/2/
[2025-10-08 14:29:31,202] INFO: [*] Buscando página 3: https://mangaonline.blog/manga/page/3/
[2025-10-08 14:29:31,341] INFO: [*] Buscando página 4: https://mangaonline.blog/manga/page/4/
[2025-10-08 14:29:31,475] INFO: [*] Buscando página 5: https://mangaonline.blog/manga/page/5/
[2025-10-08 14:29:31,612] INFO: [*] Buscando página 6: https://mangaonline.blog/manga/page/6/
[2025-10-08 14:29:31,724] INFO: [*] Buscando página 7: https://mangaonline.blog/manga/page/7/
[2025-10-08 14:29:31,905] INFO: [*] Buscando página 8: https://mangaonline.blog/manga/page/8/
[2025-10-08 14:29:31,924] INFO: [!] Página 8 não encontrada ou vazia. Encerrando.
[2025-10-08 14:29:31,954] INFO: [*] Buscando capítulos pela url: https://mangaonline.blog/manga/solo-leveling-ragnarok/
[2025-10-08 14:29:32,041] INFO: [*] Capítulos encontrados: 58
[2025-10-08 14:29:32,045] INFO: [*] Total de capítulos extraídos: 58
[2025-10-08 14:29:32,045] INFO: [*] Mangá 'Solo Leveling: Ragnarok' sincronizado com sucesso.
[2025-10-08 14:29:32,183] INFO: [*] Buscando capítulos pela url: https://mangaonline.blog/manga/the-legendary-hero-is-an-academy-honors-student/
[2025-10-08 14:29:32,268] INFO: [*] Capítulos encontrados: 52
[2025-10-08 14:29:32,271] INFO: [*] Total de capítulos extraídos: 52
[2025-10-08 14:29:32,271] INFO: [*] Mangá 'The Legendary Hero is an Academy Honors Student' sincronizado com sucesso.
[2025-10-08 14:29:32,472] INFO: [*] Buscando capítulos pela url: https://mangaonline.blog/manga/blue-lock-manga-pt-br/
[2025-10-08 14:29:32,478] INFO: [*] Sessão fechada com sucesso.
[2025-10-08 14:29:55,605] INFO: [*] Sincronizando mangás do provedor MangaOnline
[2025-10-08 14:29:55,605] INFO: [*] Buscando página 1: https://mangaonline.blog/manga/
[2025-10-08 14:29:55,794] INFO: [*] Buscando página 2: https://mangaonline.blog/manga/page/2/
[2025-10-08 14:29:55,888] INFO: [*] Buscando página 3: https://mangaonline.blog/manga/page/3/
[2025-10-08 14:29:55,985] INFO: [*] Buscando página 4: https://mangaonline.blog/manga/page/4/
[2025-10-08 14:29:56,107] INFO: [*] Buscando página 5: https://mangaonline.blog/manga/page/5/
[2025-10-08 14:29:56,204] INFO: [*] Buscando página 6: https://mangaonline.blog/manga/page/6/
[2025-10-08 14:29:56,296] INFO: [*] Buscando página 7: https://mangaonline.blog/manga/page/7/
[2025-10-08 14:29:56,411] INFO: [*] Buscando página 8: https://mangaonline.blog/manga/page/8/
[2025-10-08 14:29:56,422] INFO: [!] Página 8 não encontrada ou vazia. Encerrando.
[2025-10-08 14:29:56,444] INFO: [*] Buscando capítulos pela url: https://mangaonline.blog/manga/solo-leveling-ragnarok/
[2025-10-08 14:29:56,528] INFO: [*] Capítulos encontrados: 58
[2025-10-08 14:29:56,532] INFO: [*] Total de capítulos extraídos: 58
[2025-10-08 14:29:56,532] INFO: [*] Mangá 'Solo Leveling: Ragnarok' sincronizado com sucesso.
[2025-10-08 14:29:56,559] INFO: [*] Buscando capítulos pela url: https://mangaonline.blog/manga/the-legendary-hero-is-an-academy-honors-student/
[2025-10-08 14:29:56,661] INFO: [*] Capítulos encontrados: 52
[2025-10-08 14:29:56,664] INFO: [*] Total de capítulos extraídos: 52
[2025-10-08 14:29:56,664] INFO: [*] Mangá 'The Legendary Hero is an Academy Honors Student' sincronizado com sucesso.
[2025-10-08 14:29:56,825] INFO: [*] Buscando capítulos pela url: https://mangaonline.blog/manga/blue-lock-manga-pt-br/
[2025-10-08 14:29:57,025] INFO: [*] Capítulos encontrados: 322
[2025-10-08 14:29:57,029] WARNING: [!] Capítulo sem número detectado: 'capitulo  (241)' — pulando...
[2025-10-08 14:29:57,029] WARNING: [!] Capítulo sem número detectado: 'capitulo  (240)' — pulando...
[2025-10-08 14:29:57,029] WARNING: [!] Capítulo sem número detectado: 'capitulo  (239)' — pulando...
[2025-10-08 14:29:57,029] WARNING: [!] Capítulo sem número detectado: 'capitulo  (238)' — pulando...
[2025-10-08 14:29:57,029] WARNING: [!] Capítulo sem número detectado: 'capitulo  (237)' — pulando...
[2025-10-08 14:29:57,029] WARNING: [!] Capítulo sem número detectado: 'capitulo  (236)' — pulando...
[2025-10-08 14:29:57,029] WARNING: [!] Capítulo sem número detectado: 'capitulo  (235)' — pulando...
[2025-10-08 14:29:57,030] WARNING: [!] Capítulo sem número detectado: 'capitulo  (234)' — pulando...
[2025-10-08 14:29:57,030] WARNING: [!] Capítulo sem número detectado: 'capitulo  (233)' — pulando...
[2025-10-08 14:29:57,030] WARNING: [!] Capítulo sem número detectado: 'capitulo  (232)' — pulando...
[2025-10-08 14:29:57,030] WARNING: [!] Capítulo sem número detectado: 'capitulo  (231)' — pulando...
[2025-10-08 14:29:57,030] WARNING: [!] Capítulo sem número detectado: 'capitulo  (230)' — pulando...
[2025-10-08 14:29:57,030] WARNING: [!] Capítulo sem número detectado: 'capitulo  (229)' — pulando...
[2025-10-08 14:29:57,030] WARNING: [!] Capítulo sem número detectado: 'capitulo  (228)' — pulando...
[2025-10-08 14:29:57,030] WARNING: [!] Capítulo sem número detectado: 'capitulo  (227)' — pulando...
[2025-10-08 14:29:57,030] WARNING: [!] Capítulo sem número detectado: 'capitulo  (226)' — pulando...
[2025-10-08 14:29:57,031] WARNING: [!] Capítulo sem número detectado: 'capitulo  (225)' — pulando...
[2025-10-08 14:29:57,031] WARNING: [!] Capítulo sem número detectado: 'capitulo  (224)' — pulando...
[2025-10-08 14:29:57,031] WARNING: [!] Capítulo sem número detectado: 'capitulo  (223)' — pulando...
[2025-10-08 14:29:57,031] WARNING: [!] Capítulo sem número detectado: 'capitulo  (222)' — pulando...
[2025-10-08 14:29:57,031] WARNING: [!] Capítulo sem número detectado: 'capitulo  (221)' — pulando...
[2025-10-08 14:29:57,031] WARNING: [!] Capítulo sem número detectado: 'capitulo  (220)' — pulando...
[2025-10-08 14:29:57,031] WARNING: [!] Capítulo sem número detectado: 'capitulo  (219)' — pulando...
[2025-10-08 14:29:57,031] WARNING: [!] Capítulo sem número detectado: 'capitulo  (218)' — pulando...
[2025-10-08 14:29:57,031] WARNING: [!] Capítulo sem número detectado: 'capitulo  (217)' — pulando...
[2025-10-08 14:29:57,031] WARNING: [!] Capítulo sem número detectado: 'capitulo  (216)' — pulando...
[2025-10-08 14:29:57,032] WARNING: [!] Capítulo sem número detectado: 'capitulo  (215)' — pulando...
[2025-10-08 14:29:57,032] WARNING: [!] Capítulo sem número detectado: 'capitulo  (214)' — pulando...
[2025-10-08 14:29:57,032] WARNING: [!] Capítulo sem número detectado: 'capitulo  (213)' — pulando...
[2025-10-08 14:29:57,032] WARNING: [!] Capítulo sem número detectado: 'capitulo  (212)' — pulando...
[2025-10-08 14:29:57,032] WARNING: [!] Capítulo sem número detectado: 'capitulo  (211)' — pulando...
[2025-10-08 14:29:57,032] WARNING: [!] Capítulo sem número detectado: 'capitulo  (210)' — pulando...
[2025-10-08 14:29:57,032] WARNING: [!] Capítulo sem número detectado: 'capitulo  (209)' — pulando...
[2025-10-08 14:29:57,032] WARNING: [!] Capítulo sem número detectado: 'capitulo  (208)' — pulando...
[2025-10-08 14:29:57,032] WARNING: [!] Capítulo sem número detectado: 'capitulo  (207)' — pulando...
[2025-10-08 14:29:57,032] WARNING: [!] Capítulo sem número detectado: 'capitulo  (206)' — pulando...
[2025-10-08 14:29:57,033] WARNING: [!] Capítulo sem número detectado: 'capitulo  (205)' — pulando...
[2025-10-08 14:29:57,033] WARNING: [!] Capítulo sem número detectado: 'capitulo  (204)' — pulando...
[2025-10-08 14:29:57,033] WARNING: [!] Capítulo sem número detectado: 'capitulo  (203)' — pulando...
[2025-10-08 14:29:57,033] WARNING: [!] Capítulo sem número detectado: 'capitulo  (202)' — pulando...
[2025-10-08 14:29:57,033] WARNING: [!] Capítulo sem número detectado: 'capitulo  (201)' — pulando...
[2025-10-08 14:29:57,033] WARNING: [!] Capítulo sem número detectado: 'capitulo  (200)' — pulando...
[2025-10-08 14:29:57,033] WARNING: [!] Capítulo sem número detectado: 'capitulo  (199)' — pulando...
[2025-10-08 14:29:57,033] WARNING: [!] Capítulo sem número detectado: 'capitulo  (198)' — pulando...
[2025-10-08 14:29:57,033] WARNING: [!] Capítulo sem número detectado: 'capitulo  (197)' — pulando...
[2025-10-08 14:29:57,034] WARNING: [!] Capítulo sem número detectado: 'capitulo  (196)' — pulando...
[2025-10-08 14:29:57,034] WARNING: [!] Capítulo sem número detectado: 'capitulo  (195)' — pulando...
[2025-10-08 14:29:57,034] WARNING: [!] Capítulo sem número detectado: 'capitulo  (194)' — pulando...
[2025-10-08 14:29:57,034] WARNING: [!] Capítulo sem número detectado: 'capitulo  (193)' — pulando...
[2025-10-08 14:29:57,034] WARNING: [!] Capítulo sem número detectado: 'capitulo  (192)' — pulando...
[2025-10-08 14:29:57,034] WARNING: [!] Capítulo sem número detectado: 'capitulo  (191)' — pulando...
[2025-10-08 14:29:57,034] WARNING: [!] Capítulo sem número detectado: 'capitulo  (190)' — pulando...
[2025-10-08 14:29:57,034] WARNING: [!] Capítulo sem número detectado: 'capitulo  (189)' — pulando...
[2025-10-08 14:29:57,034] WARNING: [!] Capítulo sem número detectado: 'capitulo  (188)' — pulando...
[2025-10-08 14:29:57,035] WARNING: [!] Capítulo sem número detectado: 'capitulo  (187)' — pulando...
[2025-10-08 14:29:57,035] WARNING: [!] Capítulo sem número detectado: 'capitulo  (186)' — pulando...
[2025-10-08 14:29:57,035] WARNING: [!] Capítulo sem número detectado: 'capitulo  (185)' — pulando...
[2025-10-08 14:29:57,035] WARNING: [!] Capítulo sem número detectado: 'capitulo  (184)' — pulando...
[2025-10-08 14:29:57,035] WARNING: [!] Capítulo sem número detectado: 'capitulo  (183)' — pulando...
[2025-10-08 14:29:57,035] WARNING: [!] Capítulo sem número detectado: 'capitulo  (182)' — pulando...
[2025-10-08 14:29:57,035] WARNING: [!] Capítulo sem número detectado: 'capitulo  (181)' — pulando...
[2025-10-08 14:29:57,035] WARNING: [!] Capítulo sem número detectado: 'capitulo  (180)' — pulando...
[2025-10-08 14:29:57,035] WARNING: [!] Capítulo sem número detectado: 'capitulo  (179)' — pulando...
[2025-10-08 14:29:57,035] WARNING: [!] Capítulo sem número detectado: 'capitulo  (178)' — pulando...
[2025-10-08 14:29:57,036] WARNING: [!] Capítulo sem número detectado: 'capitulo  (177)' — pulando...
[2025-10-08 14:29:57,036] WARNING: [!] Capítulo sem número detectado: 'capitulo  (176)' — pulando...
[2025-10-08 14:29:57,036] WARNING: [!] Capítulo sem número detectado: 'capitulo  (175)' — pulando...
[2025-10-08 14:29:57,036] WARNING: [!] Capítulo sem número detectado: 'capitulo  (174)' — pulando...
[2025-10-08 14:29:57,036] WARNING: [!] Capítulo sem número detectado: 'capitulo  (173)' — pulando...
[2025-10-08 14:29:57,036] WARNING: [!] Capítulo sem número detectado: 'capitulo  (172)' — pulando...
[2025-10-08 14:29:57,036] WARNING: [!] Capítulo sem número detectado: 'capitulo  (171)' — pulando...
[2025-10-08 14:29:57,036] WARNING: [!] Capítulo sem número detectado: 'capitulo  (170)' — pulando...
[2025-10-08 14:29:57,037] WARNING: [!] Capítulo sem número detectado: 'capitulo  (169)' — pulando...
[2025-10-08 14:29:57,037] WARNING: [!] Capítulo sem número detectado: 'capitulo  (168)' — pulando...
[2025-10-08 14:29:57,037] WARNING: [!] Capítulo sem número detectado: 'capitulo  (167)' — pulando...
[2025-10-08 14:29:57,037] WARNING: [!] Capítulo sem número detectado: 'capitulo  (166)' — pulando...
[2025-10-08 14:29:57,037] WARNING: [!] Capítulo sem número detectado: 'capitulo  (165)' — pulando...
[2025-10-08 14:29:57,037] WARNING: [!] Capítulo sem número detectado: 'capitulo  (164)' — pulando...
[2025-10-08 14:29:57,037] WARNING: [!] Capítulo sem número detectado: 'capitulo  (163)' — pulando...
[2025-10-08 14:29:57,037] WARNING: [!] Capítulo sem número detectado: 'capitulo  (162)' — pulando...
[2025-10-08 14:29:57,037] WARNING: [!] Capítulo sem número detectado: 'capitulo  (161)' — pulando...
[2025-10-08 14:29:57,038] WARNING: [!] Capítulo sem número detectado: 'capitulo  (160)' — pulando...
[2025-10-08 14:29:57,038] WARNING: [!] Capítulo sem número detectado: 'capitulo  (159)' — pulando...
[2025-10-08 14:29:57,038] WARNING: [!] Capítulo sem número detectado: 'capitulo  (158)' — pulando...
[2025-10-08 14:29:57,038] WARNING: [!] Capítulo sem número detectado: 'capitulo  (157)' — pulando...
[2025-10-08 14:29:57,038] WARNING: [!] Capítulo sem número detectado: 'capitulo  (156)' — pulando...
[2025-10-08 14:29:57,038] WARNING: [!] Capítulo sem número detectado: 'capitulo  (155)' — pulando...
[2025-10-08 14:29:57,038] WARNING: [!] Capítulo sem número detectado: 'capitulo  (154)' — pulando...
[2025-10-08 14:29:57,038] WARNING: [!] Capítulo sem número detectado: 'capitulo  (153)' — pulando...
[2025-10-08 14:29:57,038] WARNING: [!] Capítulo sem número detectado: 'capitulo  (152)' — pulando...
[2025-10-08 14:29:57,039] WARNING: [!] Capítulo sem número detectado: 'capitulo  (151)' — pulando...
[2025-10-08 14:29:57,039] WARNING: [!] Capítulo sem número detectado: 'capitulo  (150)' — pulando...
[2025-10-08 14:29:57,039] WARNING: [!] Capítulo sem número detectado: 'capitulo  (149)' — pulando...
[2025-10-08 14:29:57,039] WARNING: [!] Capítulo sem número detectado: 'capitulo  (148)' — pulando...
[2025-10-08 14:29:57,039] WARNING: [!] Capítulo sem número detectado: 'capitulo  (147)' — pulando...
[2025-10-08 14:29:57,039] WARNING: [!] Capítulo sem número detectado: 'capitulo  (146)' — pulando...
[2025-10-08 14:29:57,039] WARNING: [!] Capítulo sem número detectado: 'capitulo  (145)' — pulando...
[2025-10-08 14:29:57,039] WARNING: [!] Capítulo sem número detectado: 'capitulo  (144)' — pulando...
[2025-10-08 14:29:57,039] WARNING: [!] Capítulo sem número detectado: 'capitulo  (143)' — pulando...
[2025-10-08 14:29:57,039] WARNING: [!] Capítulo sem número detectado: 'capitulo  (142)' — pulando...
[2025-10-08 14:29:57,040] WARNING: [!] Capítulo sem número detectado: 'capitulo  (141)' — pulando...
[2025-10-08 14:29:57,040] WARNING: [!] Capítulo sem número detectado: 'capitulo  (140)' — pulando...
[2025-10-08 14:29:57,040] WARNING: [!] Capítulo sem número detectado: 'capitulo  (139)' — pulando...
[2025-10-08 14:29:57,040] WARNING: [!] Capítulo sem número detectado: 'capitulo  (138)' — pulando...
[2025-10-08 14:29:57,040] WARNING: [!] Capítulo sem número detectado: 'capitulo  (137)' — pulando...
[2025-10-08 14:29:57,040] WARNING: [!] Capítulo sem número detectado: 'capitulo  (136)' — pulando...
[2025-10-08 14:29:57,040] WARNING: [!] Capítulo sem número detectado: 'capitulo  (135)' — pulando...
[2025-10-08 14:29:57,040] WARNING: [!] Capítulo sem número detectado: 'capitulo  (134)' — pulando...
[2025-10-08 14:29:57,040] WARNING: [!] Capítulo sem número detectado: 'capitulo  (133)' — pulando...
[2025-10-08 14:29:57,041] WARNING: [!] Capítulo sem número detectado: 'capitulo  (132)' — pulando...
[2025-10-08 14:29:57,041] WARNING: [!] Capítulo sem número detectado: 'capitulo  (131)' — pulando...
[2025-10-08 14:29:57,041] WARNING: [!] Capítulo sem número detectado: 'capitulo  (130)' — pulando...
[2025-10-08 14:29:57,041] WARNING: [!] Capítulo sem número detectado: 'capitulo  (129)' — pulando...
[2025-10-08 14:29:57,041] WARNING: [!] Capítulo sem número detectado: 'capitulo  (128)' — pulando...
[2025-10-08 14:29:57,041] WARNING: [!] Capítulo sem número detectado: 'capitulo  (127)' — pulando...
[2025-10-08 14:29:57,041] WARNING: [!] Capítulo sem número detectado: 'capitulo  (126)' — pulando...
[2025-10-08 14:29:57,041] WARNING: [!] Capítulo sem número detectado: 'capitulo  (125)' — pulando...
[2025-10-08 14:29:57,041] WARNING: [!] Capítulo sem número detectado: 'capitulo  (124)' — pulando...
[2025-10-08 14:29:57,042] WARNING: [!] Capítulo sem número detectado: 'capitulo  (123)' — pulando...
[2025-10-08 14:29:57,042] WARNING: [!] Capítulo sem número detectado: 'capitulo  (122)' — pulando...
[2025-10-08 14:29:57,042] WARNING: [!] Capítulo sem número detectado: 'capitulo  (121)' — pulando...
[2025-10-08 14:29:57,042] WARNING: [!] Capítulo sem número detectado: 'capitulo  (120)' — pulando...
[2025-10-08 14:29:57,042] WARNING: [!] Capítulo sem número detectado: 'capitulo  (119)' — pulando...
[2025-10-08 14:29:57,042] WARNING: [!] Capítulo sem número detectado: 'capitulo  (118)' — pulando...
[2025-10-08 14:29:57,042] WARNING: [!] Capítulo sem número detectado: 'capitulo  (117)' — pulando...
[2025-10-08 14:29:57,042] WARNING: [!] Capítulo sem número detectado: 'capitulo  (116)' — pulando...
[2025-10-08 14:29:57,042] WARNING: [!] Capítulo sem número detectado: 'capitulo  (115)' — pulando...
[2025-10-08 14:29:57,043] WARNING: [!] Capítulo sem número detectado: 'capitulo  (114)' — pulando...
[2025-10-08 14:29:57,043] WARNING: [!] Capítulo sem número detectado: 'capitulo  (113)' — pulando...
[2025-10-08 14:29:57,043] WARNING: [!] Capítulo sem número detectado: 'capitulo  (112)' — pulando...
[2025-10-08 14:29:57,043] WARNING: [!] Capítulo sem número detectado: 'capitulo  (111)' — pulando...
[2025-10-08 14:29:57,043] WARNING: [!] Capítulo sem número detectado: 'capitulo  (110)' — pulando...
[2025-10-08 14:29:57,043] WARNING: [!] Capítulo sem número detectado: 'capitulo  (109)' — pulando...
[2025-10-08 14:29:57,043] WARNING: [!] Capítulo sem número detectado: 'capitulo  (108)' — pulando...
[2025-10-08 14:29:57,043] WARNING: [!] Capítulo sem número detectado: 'capitulo  (107)' — pulando...
[2025-10-08 14:29:57,043] WARNING: [!] Capítulo sem número detectado: 'capitulo  (106)' — pulando...
[2025-10-08 14:29:57,043] WARNING: [!] Capítulo sem número detectado: 'capitulo  (105)' — pulando...
[2025-10-08 14:29:57,044] WARNING: [!] Capítulo sem número detectado: 'capitulo  (104)' — pulando...
[2025-10-08 14:29:57,044] WARNING: [!] Capítulo sem número detectado: 'capitulo  (103)' — pulando...
[2025-10-08 14:29:57,044] WARNING: [!] Capítulo sem número detectado: 'capitulo  (102)' — pulando...
[2025-10-08 14:29:57,044] WARNING: [!] Capítulo sem número detectado: 'capitulo  (101)' — pulando...
[2025-10-08 14:29:57,044] WARNING: [!] Capítulo sem número detectado: 'capitulo  (100)' — pulando...
[2025-10-08 14:29:57,044] WARNING: [!] Capítulo sem número detectado: 'capitulo  (99)' — pulando...
[2025-10-08 14:29:57,044] WARNING: [!] Capítulo sem número detectado: 'capitulo  (98)' — pulando...
[2025-10-08 14:29:57,044] WARNING: [!] Capítulo sem número detectado: 'capitulo  (97)' — pulando...
[2025-10-08 14:29:57,044] WARNING: [!] Capítulo sem número detectado: 'capitulo  (96)' — pulando...
[2025-10-08 14:29:57,044] WARNING: [!] Capítulo sem número detectado: 'capitulo  (95)' — pulando...
[2025-10-08 14:29:57,045] WARNING: [!] Capítulo sem número detectado: 'capitulo  (94)' — pulando...
[2025-10-08 14:29:57,045] WARNING: [!] Capítulo sem número detectado: 'capitulo  (93)' — pulando...
[2025-10-08 14:29:57,045] WARNING: [!] Capítulo sem número detectado: 'capitulo  (92)' — pulando...
[2025-10-08 14:29:57,045] WARNING: [!] Capítulo sem número detectado: 'capitulo  (91)' — pulando...
[2025-10-08 14:29:57,045] WARNING: [!] Capítulo sem número detectado: 'capitulo  (90)' — pulando...
[2025-10-08 14:29:57,045] WARNING: [!] Capítulo sem número detectado: 'capitulo  (89)' — pulando...
[2025-10-08 14:29:57,045] WARNING: [!] Capítulo sem número detectado: 'capitulo  (88)' — pulando...
[2025-10-08 14:29:57,045] WARNING: [!] Capítulo sem número detectado: 'capitulo  (87)' — pulando...
[2025-10-08 14:29:57,045] WARNING: [!] Capítulo sem número detectado: 'capitulo  (86)' — pulando...
[2025-10-08 14:29:57,045] WARNING: [!] Capítulo sem número detectado: 'capitulo  (85)' — pulando...
[2025-10-08 14:29:57,046] WARNING: [!] Capítulo sem número detectado: 'capitulo  (84)' — pulando...
[2025-10-08 14:29:57,046] WARNING: [!] Capítulo sem número detectado: 'capitulo  (83)' — pulando...
[2025-10-08 14:29:57,046] WARNING: [!] Capítulo sem número detectado: 'capitulo  (82)' — pulando...
[2025-10-08 14:29:57,046] WARNING: [!] Capítulo sem número detectado: 'capitulo  (81)' — pulando...
[2025-10-08 14:29:57,046] WARNING: [!] Capítulo sem número detectado: 'capitulo  (80)' — pulando...
[2025-10-08 14:29:57,046] WARNING: [!] Capítulo sem número detectado: 'capitulo  (79)' — pulando...
[2025-10-08 14:29:57,046] WARNING: [!] Capítulo sem número detectado: 'capitulo  (78)' — pulando...
[2025-10-08 14:29:57,046] WARNING: [!] Capítulo sem número detectado: 'capitulo  (77)' — pulando...
[2025-10-08 14:29:57,046] WARNING: [!] Capítulo sem número detectado: 'capitulo  (76)' — pulando...
[2025-10-08 14:29:57,046] WARNING: [!] Capítulo sem número detectado: 'capitulo  (75)' — pulando...
[2025-10-08 14:29:57,047] WARNING: [!] Capítulo sem número detectado: 'capitulo  (74)' — pulando...
[2025-10-08 14:29:57,047] WARNING: [!] Capítulo sem número detectado: 'capitulo  (73)' — pulando...
[2025-10-08 14:29:57,047] WARNING: [!] Capítulo sem número detectado: 'capitulo  (72)' — pulando...
[2025-10-08 14:29:57,047] WARNING: [!] Capítulo sem número detectado: 'capitulo  (71)' — pulando...
[2025-10-08 14:29:57,047] WARNING: [!] Capítulo sem número detectado: 'capitulo  (70)' — pulando...
[2025-10-08 14:29:57,047] WARNING: [!] Capítulo sem número detectado: 'capitulo  (69)' — pulando...
[2025-10-08 14:29:57,047] WARNING: [!] Capítulo sem número detectado: 'capitulo  (68)' — pulando...
[2025-10-08 14:29:57,047] WARNING: [!] Capítulo sem número detectado: 'capitulo  (67)' — pulando...
[2025-10-08 14:29:57,047] WARNING: [!] Capítulo sem número detectado: 'capitulo  (66)' — pulando...
[2025-10-08 14:29:57,047] WARNING: [!] Capítulo sem número detectado: 'capitulo  (65)' — pulando...
[2025-10-08 14:29:57,048] WARNING: [!] Capítulo sem número detectado: 'capitulo  (64)' — pulando...
[2025-10-08 14:29:57,048] WARNING: [!] Capítulo sem número detectado: 'capitulo  (63)' — pulando...
[2025-10-08 14:29:57,048] WARNING: [!] Capítulo sem número detectado: 'capitulo  (62)' — pulando...
[2025-10-08 14:29:57,048] WARNING: [!] Capítulo sem número detectado: 'capitulo  (61)' — pulando...
[2025-10-08 14:29:57,048] WARNING: [!] Capítulo sem número detectado: 'capitulo  (60)' — pulando...
[2025-10-08 14:29:57,048] WARNING: [!] Capítulo sem número detectado: 'capitulo  (59)' — pulando...
[2025-10-08 14:29:57,048] WARNING: [!] Capítulo sem número detectado: 'capitulo  (58)' — pulando...
[2025-10-08 14:29:57,048] WARNING: [!] Capítulo sem número detectado: 'capitulo  (57)' — pulando...
[2025-10-08 14:29:57,048] WARNING: [!] Capítulo sem número detectado: 'capitulo  (56)' — pulando...
[2025-10-08 14:29:57,048] WARNING: [!] Capítulo sem número detectado: 'capitulo  (55)' — pulando...
[2025-10-08 14:29:57,049] WARNING: [!] Capítulo sem número detectado: 'capitulo  (54)' — pulando...
[2025-10-08 14:29:57,049] WARNING: [!] Capítulo sem número detectado: 'capitulo  (53)' — pulando...
[2025-10-08 14:29:57,049] WARNING: [!] Capítulo sem número detectado: 'capitulo  (52)' — pulando...
[2025-10-08 14:29:57,049] WARNING: [!] Capítulo sem número detectado: 'capitulo  (51)' — pulando...
[2025-10-08 14:29:57,049] WARNING: [!] Capítulo sem número detectado: 'capitulo  (50)' — pulando...
[2025-10-08 14:29:57,049] WARNING: [!] Capítulo sem número detectado: 'capitulo  (49)' — pulando...
[2025-10-08 14:29:57,049] WARNING: [!] Capítulo sem número detectado: 'capitulo  (48)' — pulando...
[2025-10-08 14:29:57,049] WARNING: [!] Capítulo sem número detectado: 'capitulo  (47)' — pulando...
[2025-10-08 14:29:57,049] WARNING: [!] Capítulo sem número detectado: 'capitulo  (46)' — pulando...
[2025-10-08 14:29:57,050] WARNING: [!] Capítulo sem número detectado: 'capitulo  (45)' — pulando...
[2025-10-08 14:29:57,050] WARNING: [!] Capítulo sem número detectado: 'capitulo  (44)' — pulando...
[2025-10-08 14:29:57,050] WARNING: [!] Capítulo sem número detectado: 'capitulo  (43)' — pulando...
[2025-10-08 14:29:57,050] WARNING: [!] Capítulo sem número detectado: 'capitulo  (42)' — pulando...
[2025-10-08 14:29:57,050] WARNING: [!] Capítulo sem número detectado: 'capitulo  (41)' — pulando...
[2025-10-08 14:29:57,050] WARNING: [!] Capítulo sem número detectado: 'capitulo  (40)' — pulando...
[2025-10-08 14:29:57,050] WARNING: [!] Capítulo sem número detectado: 'capitulo  (39)' — pulando...
[2025-10-08 14:29:57,050] WARNING: [!] Capítulo sem número detectado: 'capitulo  (38)' — pulando...
[2025-10-08 14:29:57,050] WARNING: [!] Capítulo sem número detectado: 'capitulo  (37)' — pulando...
[2025-10-08 14:29:57,050] WARNING: [!] Capítulo sem número detectado: 'capitulo  (36)' — pulando...
[2025-10-08 14:29:57,051] WARNING: [!] Capítulo sem número detectado: 'capitulo  (35)' — pulando...
[2025-10-08 14:29:57,051] WARNING: [!] Capítulo sem número detectado: 'capitulo  (34)' — pulando...
[2025-10-08 14:29:57,051] WARNING: [!] Capítulo sem número detectado: 'capitulo  (33)' — pulando...
[2025-10-08 14:29:57,051] WARNING: [!] Capítulo sem número detectado: 'capitulo  (32)' — pulando...
[2025-10-08 14:29:57,051] WARNING: [!] Capítulo sem número detectado: 'capitulo  (31)' — pulando...
[2025-10-08 14:29:57,051] WARNING: [!] Capítulo sem número detectado: 'capitulo  (30)' — pulando...
[2025-10-08 14:29:57,051] WARNING: [!] Capítulo sem número detectado: 'capitulo  (29)' — pulando...
[2025-10-08 14:29:57,051] WARNING: [!] Capítulo sem número detectado: 'capitulo  (28)' — pulando...
[2025-10-08 14:29:57,051] WARNING: [!] Capítulo sem número detectado: 'capitulo  (27)' — pulando...
[2025-10-08 14:29:57,052] WARNING: [!] Capítulo sem número detectado: 'capitulo  (26)' — pulando...
[2025-10-08 14:29:57,052] WARNING: [!] Capítulo sem número detectado: 'capitulo  (25)' — pulando...
[2025-10-08 14:29:57,052] WARNING: [!] Capítulo sem número detectado: 'capitulo  (24)' — pulando...
[2025-10-08 14:29:57,052] WARNING: [!] Capítulo sem número detectado: 'capitulo  (23)' — pulando...
[2025-10-08 14:29:57,052] WARNING: [!] Capítulo sem número detectado: 'capitulo  (22)' — pulando...
[2025-10-08 14:29:57,052] WARNING: [!] Capítulo sem número detectado: 'capitulo  (21)' — pulando...
[2025-10-08 14:29:57,052] WARNING: [!] Capítulo sem número detectado: 'capitulo  (20)' — pulando...
[2025-10-08 14:29:57,052] WARNING: [!] Capítulo sem número detectado: 'capitulo  (19)' — pulando...
[2025-10-08 14:29:57,052] WARNING: [!] Capítulo sem número detectado: 'capitulo  (18)' — pulando...
[2025-10-08 14:29:57,052] WARNING: [!] Capítulo sem número detectado: 'capitulo  (17)' — pulando...
[2025-10-08 14:29:57,053] WARNING: [!] Capítulo sem número detectado: 'capitulo  (16)' — pulando...
[2025-10-08 14:29:57,053] WARNING: [!] Capítulo sem número detectado: 'capitulo  (15)' — pulando...
[2025-10-08 14:29:57,053] WARNING: [!] Capítulo sem número detectado: 'capitulo  (14)' — pulando...
[2025-10-08 14:29:57,053] WARNING: [!] Capítulo sem número detectado: 'capitulo  (13)' — pulando...
[2025-10-08 14:29:57,053] WARNING: [!] Capítulo sem número detectado: 'capitulo  (12)' — pulando...
[2025-10-08 14:29:57,053] WARNING: [!] Capítulo sem número detectado: 'capitulo  (11)' — pulando...
[2025-10-08 14:29:57,053] WARNING: [!] Capítulo sem número detectado: 'capitulo  (10)' — pulando...
[2025-10-08 14:29:57,053] WARNING: [!] Capítulo sem número detectado: 'capitulo  (9)' — pulando...
[2025-10-08 14:29:57,053] WARNING: [!] Capítulo sem número detectado: 'capitulo  (8)' — pulando...
[2025-10-08 14:29:57,053] WARNING: [!] Capítulo sem número detectado: 'capitulo  (7)' — pulando...
[2025-10-08 14:29:57,054] WARNING: [!] Capítulo sem número detectado: 'capitulo  (6)' — pulando...
[2025-10-08 14:29:57,054] WARNING: [!] Capítulo sem número detectado: 'capitulo  (5)' — pulando...
[2025-10-08 14:29:57,054] WARNING: [!] Capítulo sem número detectado: 'capitulo  (4)' — pulando...
[2025-10-08 14:29:57,054] WARNING: [!] Capítulo sem número detectado: 'capitulo  (3)' — pulando...
[2025-10-08 14:29:57,054] WARNING: [!] Capítulo sem número detectado: 'capitulo  (2)' — pulando...
[2025-10-08 14:29:57,054] WARNING: [!] Capítulo sem número detectado: 'capitulo  (1)' — pulando...
[2025-10-08 14:29:57,054] INFO: [*] Total de capítulos extraídos: 81
[2025-10-08 14:29:57,054] INFO: [!] Capítulo 242 já existente em 'Blue Lock'.
[2025-10-08 14:29:57,054] INFO: [!] Capítulo 243 já existente em 'Blue Lock'.
[2025-10-08 14:29:57,054] INFO: [!] Capítulo 244 já existente em 'Blue Lock'.
[2025-10-08 14:29:57,055] INFO: [!] Capítulo 245 já existente em 'Blue Lock'.
[2025-10-08 14:29:57,055] INFO: [!] Capítulo 246 já existente em 'Blue Lock'.
[2025-10-08 14:29:57,055] INFO: [!] Capítulo 247 já existente em 'Blue Lock'.
[2025-10-08 14:29:57,055] INFO: [!] Capítulo 248 já existente em 'Blue Lock'.
[2025-10-08 14:29:57,055] INFO: [!] Capítulo 249 já existente em 'Blue Lock'.
[2025-10-08 14:29:57,055] INFO: [!] Capítulo 250 já existente em 'Blue Lock'.
[2025-10-08 14:29:57,055] INFO: [!] Capítulo 251 já existente em 'Blue Lock'.
[2025-10-08 14:29:57,055] INFO: [!] Capítulo 252 já existente em 'Blue Lock'.
[2025-10-08 14:29:57,055] INFO: [!] Capítulo 253 já existente em 'Blue Lock'.
[2025-10-08 14:29:57,055] INFO: [!] Capítulo 254 já existente em 'Blue Lock'.
[2025-10-08 14:29:57,055] INFO: [!] Capítulo 255 já existente em 'Blue Lock'.
[2025-10-08 14:29:57,055] INFO: [!] Capítulo 256 já existente em 'Blue Lock'.
[2025-10-08 14:29:57,055] INFO: [!] Capítulo 257 já existente em 'Blue Lock'.
[2025-10-08 14:29:57,055] INFO: [!] Capítulo 258 já existente em 'Blue Lock'.
[2025-10-08 14:29:57,055] INFO: [!] Capítulo 259 já existente em 'Blue Lock'.
[2025-10-08 14:29:57,055] INFO: [!] Capítulo 260 já existente em 'Blue Lock'.
[2025-10-08 14:29:57,055] INFO: [!] Capítulo 261 já existente em 'Blue Lock'.
[2025-10-08 14:29:57,055] INFO: [!] Capítulo 262 já existente em 'Blue Lock'.
[2025-10-08 14:29:57,055] INFO: [!] Capítulo 263 já existente em 'Blue Lock'.
[2025-10-08 14:29:57,056] INFO: [!] Capítulo 264 já existente em 'Blue Lock'.
[2025-10-08 14:29:57,056] INFO: [!] Capítulo 265 já existente em 'Blue Lock'.
[2025-10-08 14:29:57,056] INFO: [!] Capítulo 266 já existente em 'Blue Lock'.
[2025-10-08 14:29:57,056] INFO: [!] Capítulo 267 já existente em 'Blue Lock'.
[2025-10-08 14:29:57,056] INFO: [!] Capítulo 268 já existente em 'Blue Lock'.
[2025-10-08 14:29:57,056] INFO: [!] Capítulo 269 já existente em 'Blue Lock'.
[2025-10-08 14:29:57,056] INFO: [!] Capítulo 270 já existente em 'Blue Lock'.
[2025-10-08 14:29:57,056] INFO: [!] Capítulo 271 já existente em 'Blue Lock'.
[2025-10-08 14:29:57,056] INFO: [!] Capítulo 272 já existente em 'Blue Lock'.
[2025-10-08 14:29:57,056] INFO: [!] Capítulo 273 já existente em 'Blue Lock'.
[2025-10-08 14:29:57,056] INFO: [!] Capítulo 274 já existente em 'Blue Lock'.
[2025-10-08 14:29:57,056] INFO: [!] Capítulo 275 já existente em 'Blue Lock'.
[2025-10-08 14:29:57,056] INFO: [!] Capítulo 276 já existente em 'Blue Lock'.
[2025-10-08 14:29:57,056] INFO: [!] Capítulo 277 já existente em 'Blue Lock'.
[2025-10-08 14:29:57,056] INFO: [!] Capítulo 278 já existente em 'Blue Lock'.
[2025-10-08 14:29:57,056] INFO: [!] Capítulo 279 já existente em 'Blue Lock'.
[2025-10-08 14:29:57,056] INFO: [!] Capítulo 280 já existente em 'Blue Lock'.
[2025-10-08 14:29:57,056] INFO: [!] Capítulo 281 já existente em 'Blue Lock'.
[2025-10-08 14:29:57,056] INFO: [!] Capítulo 282 já existente em 'Blue Lock'.
[2025-10-08 14:29:57,057] INFO: [!] Capítulo 283 já existente em 'Blue Lock'.
[2025-10-08 14:29:57,057] INFO: [!] Capítulo 284 já existente em 'Blue Lock'.
[2025-10-08 14:29:57,057] INFO: [!] Capítulo 285 já existente em 'Blue Lock'.
[2025-10-08 14:29:57,057] INFO: [!] Capítulo 286 já existente em 'Blue Lock'.
[2025-10-08 14:29:57,057] INFO: [!] Capítulo 287 já existente em 'Blue Lock'.
[2025-10-08 14:29:57,057] INFO: [!] Capítulo 288 já existente em 'Blue Lock'.
[2025-10-08 14:29:57,057] INFO: [!] Capítulo 288.2 já existente em 'Blue Lock'.
[2025-10-08 14:29:57,057] INFO: [!] Capítulo 289 já existente em 'Blue Lock'.
[2025-10-08 14:29:57,057] INFO: [!] Capítulo 290 já existente em 'Blue Lock'.
[2025-10-08 14:29:57,057] INFO: [!] Capítulo 291 já existente em 'Blue Lock'.
[2025-10-08 14:29:57,057] INFO: [!] Capítulo 292 já existente em 'Blue Lock'.
[2025-10-08 14:29:57,057] INFO: [!] Capítulo 293 já existente em 'Blue Lock'.
[2025-10-08 14:29:57,057] INFO: [!] Capítulo 294 já existente em 'Blue Lock'.
[2025-10-08 14:29:57,057] INFO: [!] Capítulo 295 já existente em 'Blue Lock'.
[2025-10-08 14:29:57,057] INFO: [!] Capítulo 296 já existente em 'Blue Lock'.
[2025-10-08 14:29:57,057] INFO: [!] Capítulo 297 já existente em 'Blue Lock'.
[2025-10-08 14:29:57,057] INFO: [!] Capítulo 298 já existente em 'Blue Lock'.
[2025-10-08 14:29:57,057] INFO: [!] Capítulo 299 já existente em 'Blue Lock'.
[2025-10-08 14:29:57,057] INFO: [!] Capítulo 300 já existente em 'Blue Lock'.
[2025-10-08 14:29:57,058] INFO: [!] Capítulo 301 já existente em 'Blue Lock'.
[2025-10-08 14:29:57,058] INFO: [!] Capítulo 302 já existente em 'Blue Lock'.
[2025-10-08 14:29:57,058] INFO: [!] Capítulo 303 já existente em 'Blue Lock'.
[2025-10-08 14:29:57,058] INFO: [!] Capítulo 304 já existente em 'Blue Lock'.
[2025-10-08 14:29:57,058] INFO: [!] Capítulo 305 já existente em 'Blue Lock'.
[2025-10-08 14:29:57,058] INFO: [!] Capítulo 306 já existente em 'Blue Lock'.
[2025-10-08 14:29:57,058] INFO: [!] Capítulo 307 já existente em 'Blue Lock'.
[2025-10-08 14:29:57,058] INFO: [!] Capítulo 308 já existente em 'Blue Lock'.
[2025-10-08 14:29:57,058] INFO: [!] Capítulo 309 já existente em 'Blue Lock'.
[2025-10-08 14:29:57,058] INFO: [!] Capítulo 310 já existente em 'Blue Lock'.
[2025-10-08 14:29:57,058] INFO: [!] Capítulo 311 já existente em 'Blue Lock'.
[2025-10-08 14:29:57,058] INFO: [!] Capítulo 312 já existente em 'Blue Lock'.
[2025-10-08 14:29:57,058] INFO: [!] Capítulo 313 já existente em 'Blue Lock'.
[2025-10-08 14:29:57,058] INFO: [!] Capítulo 314.1 já existente em 'Blue Lock'.
[2025-10-08 14:29:57,058] INFO: [!] Capítulo 314.2 já existente em 'Blue Lock'.
[2025-10-08 14:29:57,058] INFO: [!] Capítulo 315 já existente em 'Blue Lock'.
[2025-10-08 14:29:57,058] INFO: [!] Capítulo 316 já existente em 'Blue Lock'.
[2025-10-08 14:29:57,058] INFO: [!] Capítulo 317 já existente em 'Blue Lock'.
[2025-10-08 14:29:57,058] INFO: [!] Capítulo 318 já existente em 'Blue Lock'.
[2025-10-08 14:29:57,058] INFO: [!] Capítulo 319 já existente em 'Blue Lock'.
[2025-10-08 14:29:57,059] INFO: [!] Capítulo 320 já existente em 'Blue Lock'.
[2025-10-08 14:29:57,127] INFO: [*] Buscando capítulos pela url: https://mangaonline.blog/manga/eleceed/
[2025-10-08 14:29:57,298] INFO: [*] Capítulos encontrados: 281
[2025-10-08 14:29:57,311] INFO: [*] Total de capítulos extraídos: 281
[2025-10-08 14:29:57,311] INFO: [!] Capítulo 1 já existente em 'Eleceed'.
[2025-10-08 14:29:57,311] INFO: [!] Capítulo 2 já existente em 'Eleceed'.
[2025-10-08 14:29:57,311] INFO: [!] Capítulo 3 já existente em 'Eleceed'.
[2025-10-08 14:29:57,311] INFO: [!] Capítulo 4 já existente em 'Eleceed'.
[2025-10-08 14:29:57,311] INFO: [!] Capítulo 5 já existente em 'Eleceed'.
[2025-10-08 14:29:57,311] INFO: [!] Capítulo 6 já existente em 'Eleceed'.
[2025-10-08 14:29:57,312] INFO: [!] Capítulo 7 já existente em 'Eleceed'.
[2025-10-08 14:29:57,312] INFO: [!] Capítulo 8 já existente em 'Eleceed'.
[2025-10-08 14:29:57,312] INFO: [!] Capítulo 9 já existente em 'Eleceed'.
[2025-10-08 14:29:57,312] INFO: [!] Capítulo 10 já existente em 'Eleceed'.
[2025-10-08 14:29:57,312] INFO: [!] Capítulo 11 já existente em 'Eleceed'.
[2025-10-08 14:29:57,312] INFO: [!] Capítulo 12 já existente em 'Eleceed'.
[2025-10-08 14:29:57,312] INFO: [!] Capítulo 13 já existente em 'Eleceed'.
[2025-10-08 14:29:57,312] INFO: [!] Capítulo 14 já existente em 'Eleceed'.
[2025-10-08 14:29:57,312] INFO: [!] Capítulo 15 já existente em 'Eleceed'.
[2025-10-08 14:29:57,312] INFO: [!] Capítulo 16 já existente em 'Eleceed'.
[2025-10-08 14:29:57,312] INFO: [!] Capítulo 17 já existente em 'Eleceed'.
[2025-10-08 14:29:57,312] INFO: [!] Capítulo 18 já existente em 'Eleceed'.
[2025-10-08 14:29:57,312] INFO: [!] Capítulo 19 já existente em 'Eleceed'.
[2025-10-08 14:29:57,312] INFO: [!] Capítulo 20 já existente em 'Eleceed'.
[2025-10-08 14:29:57,312] INFO: [!] Capítulo 21 já existente em 'Eleceed'.
[2025-10-08 14:29:57,312] INFO: [!] Capítulo 22 já existente em 'Eleceed'.
[2025-10-08 14:29:57,312] INFO: [!] Capítulo 23 já existente em 'Eleceed'.
[2025-10-08 14:29:57,312] INFO: [!] Capítulo 24 já existente em 'Eleceed'.
[2025-10-08 14:29:57,313] INFO: [!] Capítulo 25 já existente em 'Eleceed'.
[2025-10-08 14:29:57,313] INFO: [!] Capítulo 26 já existente em 'Eleceed'.
[2025-10-08 14:29:57,313] INFO: [!] Capítulo 27 já existente em 'Eleceed'.
[2025-10-08 14:29:57,313] INFO: [!] Capítulo 28 já existente em 'Eleceed'.
[2025-10-08 14:29:57,313] INFO: [!] Capítulo 29 já existente em 'Eleceed'.
[2025-10-08 14:29:57,313] INFO: [!] Capítulo 30 já existente em 'Eleceed'.
[2025-10-08 14:29:57,313] INFO: [!] Capítulo 31 já existente em 'Eleceed'.
[2025-10-08 14:29:57,313] INFO: [!] Capítulo 32 já existente em 'Eleceed'.
[2025-10-08 14:29:57,313] INFO: [!] Capítulo 33 já existente em 'Eleceed'.
[2025-10-08 14:29:57,313] INFO: [!] Capítulo 34 já existente em 'Eleceed'.
[2025-10-08 14:29:57,313] INFO: [!] Capítulo 35 já existente em 'Eleceed'.
[2025-10-08 14:29:57,313] INFO: [!] Capítulo 36 já existente em 'Eleceed'.
[2025-10-08 14:29:57,313] INFO: [!] Capítulo 37 já existente em 'Eleceed'.
[2025-10-08 14:29:57,313] INFO: [!] Capítulo 38 já existente em 'Eleceed'.
[2025-10-08 14:29:57,313] INFO: [!] Capítulo 39 já existente em 'Eleceed'.
[2025-10-08 14:29:57,313] INFO: [!] Capítulo 40 já existente em 'Eleceed'.
[2025-10-08 14:29:57,313] INFO: [!] Capítulo 41 já existente em 'Eleceed'.
[2025-10-08 14:29:57,313] INFO: [!] Capítulo 42 já existente em 'Eleceed'.
[2025-10-08 14:29:57,313] INFO: [!] Capítulo 43 já existente em 'Eleceed'.
[2025-10-08 14:29:57,314] INFO: [!] Capítulo 44 já existente em 'Eleceed'.
[2025-10-08 14:29:57,314] INFO: [!] Capítulo 45 já existente em 'Eleceed'.
[2025-10-08 14:29:57,314] INFO: [!] Capítulo 46 já existente em 'Eleceed'.
[2025-10-08 14:29:57,314] INFO: [!] Capítulo 47 já existente em 'Eleceed'.
[2025-10-08 14:29:57,314] INFO: [!] Capítulo 48 já existente em 'Eleceed'.
[2025-10-08 14:29:57,314] INFO: [!] Capítulo 49 já existente em 'Eleceed'.
[2025-10-08 14:29:57,314] INFO: [!] Capítulo 50 já existente em 'Eleceed'.
[2025-10-08 14:29:57,314] INFO: [!] Capítulo 51 já existente em 'Eleceed'.
[2025-10-08 14:29:57,314] INFO: [!] Capítulo 52 já existente em 'Eleceed'.
[2025-10-08 14:29:57,314] INFO: [!] Capítulo 53 já existente em 'Eleceed'.
[2025-10-08 14:29:57,314] INFO: [!] Capítulo 54 já existente em 'Eleceed'.
[2025-10-08 14:29:57,314] INFO: [!] Capítulo 55 já existente em 'Eleceed'.
[2025-10-08 14:29:57,314] INFO: [!] Capítulo 56 já existente em 'Eleceed'.
[2025-10-08 14:29:57,314] INFO: [!] Capítulo 57 já existente em 'Eleceed'.
[2025-10-08 14:29:57,314] INFO: [!] Capítulo 58 já existente em 'Eleceed'.
[2025-10-08 14:29:57,314] INFO: [!] Capítulo 59 já existente em 'Eleceed'.
[2025-10-08 14:29:57,314] INFO: [!] Capítulo 60 já existente em 'Eleceed'.
[2025-10-08 14:29:57,314] INFO: [!] Capítulo 61 já existente em 'Eleceed'.
[2025-10-08 14:29:57,314] INFO: [!] Capítulo 62 já existente em 'Eleceed'.
[2025-10-08 14:29:57,315] INFO: [!] Capítulo 63 já existente em 'Eleceed'.
[2025-10-08 14:29:57,315] INFO: [!] Capítulo 64 já existente em 'Eleceed'.
[2025-10-08 14:29:57,315] INFO: [!] Capítulo 65 já existente em 'Eleceed'.
[2025-10-08 14:29:57,315] INFO: [!] Capítulo 66 já existente em 'Eleceed'.
[2025-10-08 14:29:57,315] INFO: [!] Capítulo 67 já existente em 'Eleceed'.
[2025-10-08 14:29:57,315] INFO: [!] Capítulo 68 já existente em 'Eleceed'.
[2025-10-08 14:29:57,315] INFO: [!] Capítulo 69 já existente em 'Eleceed'.
[2025-10-08 14:29:57,315] INFO: [!] Capítulo 70 já existente em 'Eleceed'.
[2025-10-08 14:29:57,315] INFO: [!] Capítulo 71 já existente em 'Eleceed'.
[2025-10-08 14:29:57,315] INFO: [!] Capítulo 72 já existente em 'Eleceed'.
[2025-10-08 14:29:57,315] INFO: [!] Capítulo 73 já existente em 'Eleceed'.
[2025-10-08 14:29:57,315] INFO: [!] Capítulo 74 já existente em 'Eleceed'.
[2025-10-08 14:29:57,315] INFO: [!] Capítulo 75 já existente em 'Eleceed'.
[2025-10-08 14:29:57,315] INFO: [!] Capítulo 76 já existente em 'Eleceed'.
[2025-10-08 14:29:57,315] INFO: [!] Capítulo 77 já existente em 'Eleceed'.
[2025-10-08 14:29:57,315] INFO: [!] Capítulo 78 já existente em 'Eleceed'.
[2025-10-08 14:29:57,315] INFO: [!] Capítulo 79 já existente em 'Eleceed'.
[2025-10-08 14:29:57,315] INFO: [!] Capítulo 80 já existente em 'Eleceed'.
[2025-10-08 14:29:57,315] INFO: [!] Capítulo 81 já existente em 'Eleceed'.
[2025-10-08 14:29:57,315] INFO: [!] Capítulo 82 já existente em 'Eleceed'.
[2025-10-08 14:29:57,316] INFO: [!] Capítulo 83 já existente em 'Eleceed'.
[2025-10-08 14:29:57,316] INFO: [!] Capítulo 84 já existente em 'Eleceed'.
[2025-10-08 14:29:57,316] INFO: [!] Capítulo 85 já existente em 'Eleceed'.
[2025-10-08 14:29:57,316] INFO: [!] Capítulo 86 já existente em 'Eleceed'.
[2025-10-08 14:29:57,316] INFO: [!] Capítulo 87 já existente em 'Eleceed'.
[2025-10-08 14:29:57,316] INFO: [!] Capítulo 88 já existente em 'Eleceed'.
[2025-10-08 14:29:57,316] INFO: [!] Capítulo 89 já existente em 'Eleceed'.
[2025-10-08 14:29:57,316] INFO: [!] Capítulo 90 já existente em 'Eleceed'.
[2025-10-08 14:29:57,316] INFO: [!] Capítulo 91 já existente em 'Eleceed'.
[2025-10-08 14:29:57,316] INFO: [!] Capítulo 92 já existente em 'Eleceed'.
[2025-10-08 14:29:57,316] INFO: [!] Capítulo 93 já existente em 'Eleceed'.
[2025-10-08 14:29:57,316] INFO: [!] Capítulo 94 já existente em 'Eleceed'.
[2025-10-08 14:29:57,316] INFO: [!] Capítulo 95 já existente em 'Eleceed'.
[2025-10-08 14:29:57,316] INFO: [!] Capítulo 96 já existente em 'Eleceed'.
[2025-10-08 14:29:57,316] INFO: [!] Capítulo 97 já existente em 'Eleceed'.
[2025-10-08 14:29:57,316] INFO: [!] Capítulo 98 já existente em 'Eleceed'.
[2025-10-08 14:29:57,316] INFO: [!] Capítulo 99 já existente em 'Eleceed'.
[2025-10-08 14:29:57,316] INFO: [!] Capítulo 100 já existente em 'Eleceed'.
[2025-10-08 14:29:57,316] INFO: [!] Capítulo 101 já existente em 'Eleceed'.
[2025-10-08 14:29:57,316] INFO: [!] Capítulo 102 já existente em 'Eleceed'.
[2025-10-08 14:29:57,317] INFO: [!] Capítulo 103 já existente em 'Eleceed'.
[2025-10-08 14:29:57,317] INFO: [!] Capítulo 104 já existente em 'Eleceed'.
[2025-10-08 14:29:57,317] INFO: [!] Capítulo 105 já existente em 'Eleceed'.
[2025-10-08 14:29:57,317] INFO: [!] Capítulo 106 já existente em 'Eleceed'.
[2025-10-08 14:29:57,317] INFO: [!] Capítulo 107 já existente em 'Eleceed'.
[2025-10-08 14:29:57,317] INFO: [!] Capítulo 108 já existente em 'Eleceed'.
[2025-10-08 14:29:57,317] INFO: [!] Capítulo 109 já existente em 'Eleceed'.
[2025-10-08 14:29:57,317] INFO: [!] Capítulo 110 já existente em 'Eleceed'.
[2025-10-08 14:29:57,317] INFO: [!] Capítulo 111 já existente em 'Eleceed'.
[2025-10-08 14:29:57,317] INFO: [!] Capítulo 112 já existente em 'Eleceed'.
[2025-10-08 14:29:57,317] INFO: [!] Capítulo 113 já existente em 'Eleceed'.
[2025-10-08 14:29:57,317] INFO: [!] Capítulo 114 já existente em 'Eleceed'.
[2025-10-08 14:29:57,317] INFO: [!] Capítulo 115 já existente em 'Eleceed'.
[2025-10-08 14:29:57,317] INFO: [!] Capítulo 116 já existente em 'Eleceed'.
[2025-10-08 14:29:57,317] INFO: [!] Capítulo 117 já existente em 'Eleceed'.
[2025-10-08 14:29:57,317] INFO: [!] Capítulo 118 já existente em 'Eleceed'.
[2025-10-08 14:29:57,317] INFO: [!] Capítulo 119 já existente em 'Eleceed'.
[2025-10-08 14:29:57,317] INFO: [!] Capítulo 120 já existente em 'Eleceed'.
[2025-10-08 14:29:57,317] INFO: [!] Capítulo 121 já existente em 'Eleceed'.
[2025-10-08 14:29:57,317] INFO: [!] Capítulo 122 já existente em 'Eleceed'.
[2025-10-08 14:29:57,318] INFO: [!] Capítulo 123 já existente em 'Eleceed'.
[2025-10-08 14:29:57,318] INFO: [!] Capítulo 124 já existente em 'Eleceed'.
[2025-10-08 14:29:57,318] INFO: [!] Capítulo 125 já existente em 'Eleceed'.
[2025-10-08 14:29:57,318] INFO: [!] Capítulo 126 já existente em 'Eleceed'.
[2025-10-08 14:29:57,318] INFO: [!] Capítulo 127 já existente em 'Eleceed'.
[2025-10-08 14:29:57,318] INFO: [!] Capítulo 128 já existente em 'Eleceed'.
[2025-10-08 14:29:57,318] INFO: [!] Capítulo 129 já existente em 'Eleceed'.
[2025-10-08 14:29:57,318] INFO: [!] Capítulo 130 já existente em 'Eleceed'.
[2025-10-08 14:29:57,318] INFO: [!] Capítulo 131 já existente em 'Eleceed'.
[2025-10-08 14:29:57,318] INFO: [!] Capítulo 132 já existente em 'Eleceed'.
[2025-10-08 14:29:57,318] INFO: [!] Capítulo 133 já existente em 'Eleceed'.
[2025-10-08 14:29:57,318] INFO: [!] Capítulo 134 já existente em 'Eleceed'.
[2025-10-08 14:29:57,318] INFO: [!] Capítulo 135 já existente em 'Eleceed'.
[2025-10-08 14:29:57,318] INFO: [!] Capítulo 136 já existente em 'Eleceed'.
[2025-10-08 14:29:57,318] INFO: [!] Capítulo 137 já existente em 'Eleceed'.
[2025-10-08 14:29:57,318] INFO: [!] Capítulo 138 já existente em 'Eleceed'.
[2025-10-08 14:29:57,318] INFO: [!] Capítulo 139 já existente em 'Eleceed'.
[2025-10-08 14:29:57,318] INFO: [!] Capítulo 140 já existente em 'Eleceed'.
[2025-10-08 14:29:57,318] INFO: [!] Capítulo 141 já existente em 'Eleceed'.
[2025-10-08 14:29:57,319] INFO: [!] Capítulo 142 já existente em 'Eleceed'.
[2025-10-08 14:29:57,319] INFO: [!] Capítulo 143 já existente em 'Eleceed'.
[2025-10-08 14:29:57,319] INFO: [!] Capítulo 144 já existente em 'Eleceed'.
[2025-10-08 14:29:57,319] INFO: [!] Capítulo 145 já existente em 'Eleceed'.
[2025-10-08 14:29:57,319] INFO: [!] Capítulo 146 já existente em 'Eleceed'.
[2025-10-08 14:29:57,319] INFO: [!] Capítulo 147 já existente em 'Eleceed'.
[2025-10-08 14:29:57,319] INFO: [!] Capítulo 148 já existente em 'Eleceed'.
[2025-10-08 14:29:57,319] INFO: [!] Capítulo 149 já existente em 'Eleceed'.
[2025-10-08 14:29:57,319] INFO: [!] Capítulo 150 já existente em 'Eleceed'.
[2025-10-08 14:29:57,319] INFO: [!] Capítulo 151 já existente em 'Eleceed'.
[2025-10-08 14:29:57,319] INFO: [!] Capítulo 152 já existente em 'Eleceed'.
[2025-10-08 14:29:57,319] INFO: [!] Capítulo 153 já existente em 'Eleceed'.
[2025-10-08 14:29:57,319] INFO: [!] Capítulo 154 já existente em 'Eleceed'.
[2025-10-08 14:29:57,319] INFO: [!] Capítulo 155 já existente em 'Eleceed'.
[2025-10-08 14:29:57,319] INFO: [!] Capítulo 156 já existente em 'Eleceed'.
[2025-10-08 14:29:57,319] INFO: [!] Capítulo 157 já existente em 'Eleceed'.
[2025-10-08 14:29:57,319] INFO: [!] Capítulo 158 já existente em 'Eleceed'.
[2025-10-08 14:29:57,319] INFO: [!] Capítulo 159 já existente em 'Eleceed'.
[2025-10-08 14:29:57,319] INFO: [!] Capítulo 160 já existente em 'Eleceed'.
[2025-10-08 14:29:57,320] INFO: [!] Capítulo 161 já existente em 'Eleceed'.
[2025-10-08 14:29:57,320] INFO: [!] Capítulo 162 já existente em 'Eleceed'.
[2025-10-08 14:29:57,320] INFO: [!] Capítulo 163 já existente em 'Eleceed'.
[2025-10-08 14:29:57,320] INFO: [!] Capítulo 164 já existente em 'Eleceed'.
[2025-10-08 14:29:57,320] INFO: [!] Capítulo 165 já existente em 'Eleceed'.
[2025-10-08 14:29:57,320] INFO: [!] Capítulo 166 já existente em 'Eleceed'.
[2025-10-08 14:29:57,320] INFO: [!] Capítulo 167 já existente em 'Eleceed'.
[2025-10-08 14:29:57,320] INFO: [!] Capítulo 168 já existente em 'Eleceed'.
[2025-10-08 14:29:57,320] INFO: [!] Capítulo 169 já existente em 'Eleceed'.
[2025-10-08 14:29:57,320] INFO: [!] Capítulo 170 já existente em 'Eleceed'.
[2025-10-08 14:29:57,320] INFO: [!] Capítulo 171 já existente em 'Eleceed'.
[2025-10-08 14:29:57,320] INFO: [!] Capítulo 172 já existente em 'Eleceed'.
[2025-10-08 14:29:57,320] INFO: [!] Capítulo 173 já existente em 'Eleceed'.
[2025-10-08 14:29:57,320] INFO: [!] Capítulo 174 já existente em 'Eleceed'.
[2025-10-08 14:29:57,320] INFO: [!] Capítulo 175 já existente em 'Eleceed'.
[2025-10-08 14:29:57,320] INFO: [!] Capítulo 176 já existente em 'Eleceed'.
[2025-10-08 14:29:57,320] INFO: [!] Capítulo 177 já existente em 'Eleceed'.
[2025-10-08 14:29:57,320] INFO: [!] Capítulo 178 já existente em 'Eleceed'.
[2025-10-08 14:29:57,320] INFO: [!] Capítulo 179 já existente em 'Eleceed'.
[2025-10-08 14:29:57,321] INFO: [!] Capítulo 180 já existente em 'Eleceed'.
[2025-10-08 14:29:57,321] INFO: [!] Capítulo 181 já existente em 'Eleceed'.
[2025-10-08 14:29:57,321] INFO: [!] Capítulo 182 já existente em 'Eleceed'.
[2025-10-08 14:29:57,321] INFO: [!] Capítulo 183 já existente em 'Eleceed'.
[2025-10-08 14:29:57,321] INFO: [!] Capítulo 184 já existente em 'Eleceed'.
[2025-10-08 14:29:57,321] INFO: [!] Capítulo 185 já existente em 'Eleceed'.
[2025-10-08 14:29:57,321] INFO: [!] Capítulo 186 já existente em 'Eleceed'.
[2025-10-08 14:29:57,321] INFO: [!] Capítulo 187 já existente em 'Eleceed'.
[2025-10-08 14:29:57,321] INFO: [!] Capítulo 188 já existente em 'Eleceed'.
[2025-10-08 14:29:57,321] INFO: [!] Capítulo 189 já existente em 'Eleceed'.
[2025-10-08 14:29:57,321] INFO: [!] Capítulo 190 já existente em 'Eleceed'.
[2025-10-08 14:29:57,321] INFO: [!] Capítulo 191 já existente em 'Eleceed'.
[2025-10-08 14:29:57,321] INFO: [!] Capítulo 192 já existente em 'Eleceed'.
[2025-10-08 14:29:57,321] INFO: [!] Capítulo 193 já existente em 'Eleceed'.
[2025-10-08 14:29:57,321] INFO: [!] Capítulo 194 já existente em 'Eleceed'.
[2025-10-08 14:29:57,321] INFO: [!] Capítulo 195 já existente em 'Eleceed'.
[2025-10-08 14:29:57,321] INFO: [!] Capítulo 196 já existente em 'Eleceed'.
[2025-10-08 14:29:57,321] INFO: [!] Capítulo 197 já existente em 'Eleceed'.
[2025-10-08 14:29:57,321] INFO: [!] Capítulo 198 já existente em 'Eleceed'.
[2025-10-08 14:29:57,321] INFO: [!] Capítulo 199 já existente em 'Eleceed'.
[2025-10-08 14:29:57,322] INFO: [!] Capítulo 200 já existente em 'Eleceed'.
[2025-10-08 14:29:57,322] INFO: [!] Capítulo 201 já existente em 'Eleceed'.
[2025-10-08 14:29:57,322] INFO: [!] Capítulo 202 já existente em 'Eleceed'.
[2025-10-08 14:29:57,322] INFO: [!] Capítulo 203 já existente em 'Eleceed'.
[2025-10-08 14:29:57,322] INFO: [!] Capítulo 204 já existente em 'Eleceed'.
[2025-10-08 14:29:57,322] INFO: [!] Capítulo 205 já existente em 'Eleceed'.
[2025-10-08 14:29:57,322] INFO: [!] Capítulo 206 já existente em 'Eleceed'.
[2025-10-08 14:29:57,322] INFO: [!] Capítulo 207 já existente em 'Eleceed'.
[2025-10-08 14:29:57,322] INFO: [!] Capítulo 208 já existente em 'Eleceed'.
[2025-10-08 14:29:57,322] INFO: [!] Capítulo 209 já existente em 'Eleceed'.
[2025-10-08 14:29:57,322] INFO: [!] Capítulo 210 já existente em 'Eleceed'.
[2025-10-08 14:29:57,322] INFO: [!] Capítulo 300 já existente em 'Eleceed'.
[2025-10-08 14:29:57,322] INFO: [!] Capítulo 301 já existente em 'Eleceed'.
[2025-10-08 14:29:57,322] INFO: [!] Capítulo 302 já existente em 'Eleceed'.
[2025-10-08 14:29:57,322] INFO: [!] Capítulo 303 já existente em 'Eleceed'.
[2025-10-08 14:29:57,322] INFO: [!] Capítulo 304 já existente em 'Eleceed'.
[2025-10-08 14:29:57,322] INFO: [!] Capítulo 305 já existente em 'Eleceed'.
[2025-10-08 14:29:57,322] INFO: [!] Capítulo 306 já existente em 'Eleceed'.
[2025-10-08 14:29:57,322] INFO: [!] Capítulo 307 já existente em 'Eleceed'.
[2025-10-08 14:29:57,322] INFO: [!] Capítulo 308 já existente em 'Eleceed'.
[2025-10-08 14:29:57,323] INFO: [!] Capítulo 309 já existente em 'Eleceed'.
[2025-10-08 14:29:57,323] INFO: [!] Capítulo 310 já existente em 'Eleceed'.
[2025-10-08 14:29:57,323] INFO: [!] Capítulo 311 já existente em 'Eleceed'.
[2025-10-08 14:29:57,323] INFO: [!] Capítulo 313 já existente em 'Eleceed'.
[2025-10-08 14:29:57,323] INFO: [!] Capítulo 314 já existente em 'Eleceed'.
[2025-10-08 14:29:57,323] INFO: [!] Capítulo 315 já existente em 'Eleceed'.
[2025-10-08 14:29:57,323] INFO: [!] Capítulo 316 já existente em 'Eleceed'.
[2025-10-08 14:29:57,323] INFO: [!] Capítulo 317 já existente em 'Eleceed'.
[2025-10-08 14:29:57,323] INFO: [!] Capítulo 318 já existente em 'Eleceed'.
[2025-10-08 14:29:57,323] INFO: [!] Capítulo 319 já existente em 'Eleceed'.
[2025-10-08 14:29:57,323] INFO: [!] Capítulo 320 já existente em 'Eleceed'.
[2025-10-08 14:29:57,323] INFO: [!] Capítulo 321 já existente em 'Eleceed'.
[2025-10-08 14:29:57,323] INFO: [!] Capítulo 322 já existente em 'Eleceed'.
[2025-10-08 14:29:57,323] INFO: [!] Capítulo 323 já existente em 'Eleceed'.
[2025-10-08 14:29:57,323] INFO: [!] Capítulo 324 já existente em 'Eleceed'.
[2025-10-08 14:29:57,323] INFO: [!] Capítulo 325 já existente em 'Eleceed'.
[2025-10-08 14:29:57,323] INFO: [!] Capítulo 326 já existente em 'Eleceed'.
[2025-10-08 14:29:57,323] INFO: [!] Capítulo 327 já existente em 'Eleceed'.
[2025-10-08 14:29:57,323] INFO: [!] Capítulo 328 já existente em 'Eleceed'.
[2025-10-08 14:29:57,323] INFO: [!] Capítulo 329 já existente em 'Eleceed'.
[2025-10-08 14:29:57,324] INFO: [!] Capítulo 330 já existente em 'Eleceed'.
[2025-10-08 14:29:57,324] INFO: [!] Capítulo 331 já existente em 'Eleceed'.
[2025-10-08 14:29:57,324] INFO: [!] Capítulo 332 já existente em 'Eleceed'.
[2025-10-08 14:29:57,324] INFO: [!] Capítulo 333 já existente em 'Eleceed'.
[2025-10-08 14:29:57,324] INFO: [!] Capítulo 334 já existente em 'Eleceed'.
[2025-10-08 14:29:57,324] INFO: [!] Capítulo 335 já existente em 'Eleceed'.
[2025-10-08 14:29:57,324] INFO: [!] Capítulo 336 já existente em 'Eleceed'.
[2025-10-08 14:29:57,324] INFO: [!] Capítulo 337 já existente em 'Eleceed'.
[2025-10-08 14:29:57,324] INFO: [!] Capítulo 338 já existente em 'Eleceed'.
[2025-10-08 14:29:57,324] INFO: [!] Capítulo 339 já existente em 'Eleceed'.
[2025-10-08 14:29:57,324] INFO: [!] Capítulo 340 já existente em 'Eleceed'.
[2025-10-08 14:29:57,324] INFO: [!] Capítulo 341 já existente em 'Eleceed'.
[2025-10-08 14:29:57,324] INFO: [!] Capítulo 342 já existente em 'Eleceed'.
[2025-10-08 14:29:57,324] INFO: [!] Capítulo 343 já existente em 'Eleceed'.
[2025-10-08 14:29:57,324] INFO: [!] Capítulo 344 já existente em 'Eleceed'.
[2025-10-08 14:29:57,324] INFO: [!] Capítulo 345 já existente em 'Eleceed'.
[2025-10-08 14:29:57,324] INFO: [!] Capítulo 346 já existente em 'Eleceed'.
[2025-10-08 14:29:57,324] INFO: [!] Capítulo 347 já existente em 'Eleceed'.
[2025-10-08 14:29:57,324] INFO: [!] Capítulo 348 já existente em 'Eleceed'.
[2025-10-08 14:29:57,324] INFO: [!] Capítulo 349 já existente em 'Eleceed'.
[2025-10-08 14:29:57,324] INFO: [!] Capítulo 350 já existente em 'Eleceed'.
[2025-10-08 14:29:57,325] INFO: [!] Capítulo 351 já existente em 'Eleceed'.
[2025-10-08 14:29:57,325] INFO: [!] Capítulo 352 já existente em 'Eleceed'.
[2025-10-08 14:29:57,325] INFO: [!] Capítulo 353 já existente em 'Eleceed'.
[2025-10-08 14:29:57,325] INFO: [!] Capítulo 354 já existente em 'Eleceed'.
[2025-10-08 14:29:57,325] INFO: [!] Capítulo 355 já existente em 'Eleceed'.
[2025-10-08 14:29:57,325] INFO: [!] Capítulo 356 já existente em 'Eleceed'.
[2025-10-08 14:29:57,325] INFO: [!] Capítulo 357 já existente em 'Eleceed'.
[2025-10-08 14:29:57,325] INFO: [!] Capítulo 358 já existente em 'Eleceed'.
[2025-10-08 14:29:57,325] INFO: [!] Capítulo 359 já existente em 'Eleceed'.
[2025-10-08 14:29:57,325] INFO: [!] Capítulo 360 já existente em 'Eleceed'.
[2025-10-08 14:29:57,325] INFO: [!] Capítulo 361 já existente em 'Eleceed'.
[2025-10-08 14:29:57,325] INFO: [!] Capítulo 362 já existente em 'Eleceed'.
[2025-10-08 14:29:57,325] INFO: [!] Capítulo 363 já existente em 'Eleceed'.
[2025-10-08 14:29:57,325] INFO: [!] Capítulo 364 já existente em 'Eleceed'.
[2025-10-08 14:29:57,325] INFO: [!] Capítulo 365 já existente em 'Eleceed'.
[2025-10-08 14:29:57,325] INFO: [!] Capítulo 366 já existente em 'Eleceed'.
[2025-10-08 14:29:57,325] INFO: [!] Capítulo 367 já existente em 'Eleceed'.
[2025-10-08 14:29:57,325] INFO: [!] Capítulo 368 já existente em 'Eleceed'.
[2025-10-08 14:29:57,325] INFO: [!] Capítulo 369 já existente em 'Eleceed'.
[2025-10-08 14:29:57,325] INFO: [!] Capítulo 370 já existente em 'Eleceed'.
[2025-10-08 14:29:57,326] INFO: [!] Capítulo 371 já existente em 'Eleceed'.
[2025-10-08 14:29:57,343] INFO: [*] Buscando capítulos pela url: https://mangaonline.blog/manga/the-infinite-mage/
[2025-10-08 14:29:57,640] INFO: [*] Capítulos encontrados: 139
[2025-10-08 14:29:57,648] INFO: [*] Total de capítulos extraídos: 139
[2025-10-08 14:29:57,648] INFO: [*] Mangá 'The Infinite Mage' sincronizado com sucesso.
[2025-10-08 14:29:57,666] INFO: [*] Sessão fechada com sucesso.
[2025-10-08 14:53:12,802] INFO: [*] Sincronizando mangás do provedor MangaOnline
[2025-10-08 14:53:12,803] INFO: [*] Buscando página 1: https://mangaonline.blog/manga/
[2025-10-08 14:53:12,978] INFO: [*] Buscando página 2: https://mangaonline.blog/manga/page/2/
[2025-10-08 14:53:13,072] INFO: [*] Buscando página 3: https://mangaonline.blog/manga/page/3/
[2025-10-08 14:53:13,197] INFO: [*] Buscando página 4: https://mangaonline.blog/manga/page/4/
[2025-10-08 14:53:13,288] INFO: [*] Buscando página 5: https://mangaonline.blog/manga/page/5/
[2025-10-08 14:53:13,384] INFO: [*] Buscando página 6: https://mangaonline.blog/manga/page/6/
[2025-10-08 14:53:13,514] INFO: [*] Buscando página 7: https://mangaonline.blog/manga/page/7/
[2025-10-08 14:53:13,597] INFO: [*] Buscando página 8: https://mangaonline.blog/manga/page/8/
[2025-10-08 14:53:13,608] INFO: [!] Página 8 não encontrada ou vazia. Encerrando.
[2025-10-08 14:53:13,630] INFO: [*] Buscando capítulos pela url: https://mangaonline.blog/manga/solo-leveling-ragnarok/
[2025-10-08 14:53:13,713] INFO: [*] Capítulos encontrados: 58
[2025-10-08 14:53:13,716] INFO: [*] Total de capítulos extraídos: 58
[2025-10-08 14:53:13,716] INFO: [*] Mangá 'Solo Leveling: Ragnarok' sincronizado com sucesso.
[2025-10-08 14:53:13,778] INFO: [*] Buscando capítulos pela url: https://mangaonline.blog/manga/the-legendary-hero-is-an-academy-honors-student/
[2025-10-08 14:53:13,853] INFO: [*] Capítulos encontrados: 52
[2025-10-08 14:53:13,855] INFO: [*] Total de capítulos extraídos: 52
[2025-10-08 14:53:13,855] INFO: [*] Mangá 'The Legendary Hero is an Academy Honors Student' sincronizado com sucesso.
[2025-10-08 14:53:13,949] INFO: [*] Buscando capítulos pela url: https://mangaonline.blog/manga/blue-lock-manga-pt-br/
[2025-10-08 14:53:14,183] INFO: [*] Capítulos encontrados: 322
[2025-10-08 14:53:14,187] WARNING: [!] Capítulo sem número detectado: 'capitulo  (241)' — pulando...
[2025-10-08 14:53:14,187] WARNING: [!] Capítulo sem número detectado: 'capitulo  (240)' — pulando...
[2025-10-08 14:53:14,187] WARNING: [!] Capítulo sem número detectado: 'capitulo  (239)' — pulando...
[2025-10-08 14:53:14,187] WARNING: [!] Capítulo sem número detectado: 'capitulo  (238)' — pulando...
[2025-10-08 14:53:14,187] WARNING: [!] Capítulo sem número detectado: 'capitulo  (237)' — pulando...
[2025-10-08 14:53:14,188] WARNING: [!] Capítulo sem número detectado: 'capitulo  (236)' — pulando...
[2025-10-08 14:53:14,188] WARNING: [!] Capítulo sem número detectado: 'capitulo  (235)' — pulando...
[2025-10-08 14:53:14,188] WARNING: [!] Capítulo sem número detectado: 'capitulo  (234)' — pulando...
[2025-10-08 14:53:14,188] WARNING: [!] Capítulo sem número detectado: 'capitulo  (233)' — pulando...
[2025-10-08 14:53:14,188] WARNING: [!] Capítulo sem número detectado: 'capitulo  (232)' — pulando...
[2025-10-08 14:53:14,188] WARNING: [!] Capítulo sem número detectado: 'capitulo  (231)' — pulando...
[2025-10-08 14:53:14,188] WARNING: [!] Capítulo sem número detectado: 'capitulo  (230)' — pulando...
[2025-10-08 14:53:14,188] WARNING: [!] Capítulo sem número detectado: 'capitulo  (229)' — pulando...
[2025-10-08 14:53:14,188] WARNING: [!] Capítulo sem número detectado: 'capitulo  (228)' — pulando...
[2025-10-08 14:53:14,189] WARNING: [!] Capítulo sem número detectado: 'capitulo  (227)' — pulando...
[2025-10-08 14:53:14,189] WARNING: [!] Capítulo sem número detectado: 'capitulo  (226)' — pulando...
[2025-10-08 14:53:14,189] WARNING: [!] Capítulo sem número detectado: 'capitulo  (225)' — pulando...
[2025-10-08 14:53:14,189] WARNING: [!] Capítulo sem número detectado: 'capitulo  (224)' — pulando...
[2025-10-08 14:53:14,189] WARNING: [!] Capítulo sem número detectado: 'capitulo  (223)' — pulando...
[2025-10-08 14:53:14,189] WARNING: [!] Capítulo sem número detectado: 'capitulo  (222)' — pulando...
[2025-10-08 14:53:14,189] WARNING: [!] Capítulo sem número detectado: 'capitulo  (221)' — pulando...
[2025-10-08 14:53:14,189] WARNING: [!] Capítulo sem número detectado: 'capitulo  (220)' — pulando...
[2025-10-08 14:53:14,189] WARNING: [!] Capítulo sem número detectado: 'capitulo  (219)' — pulando...
[2025-10-08 14:53:14,190] WARNING: [!] Capítulo sem número detectado: 'capitulo  (218)' — pulando...
[2025-10-08 14:53:14,190] WARNING: [!] Capítulo sem número detectado: 'capitulo  (217)' — pulando...
[2025-10-08 14:53:14,190] WARNING: [!] Capítulo sem número detectado: 'capitulo  (216)' — pulando...
[2025-10-08 14:53:14,190] WARNING: [!] Capítulo sem número detectado: 'capitulo  (215)' — pulando...
[2025-10-08 14:53:14,190] WARNING: [!] Capítulo sem número detectado: 'capitulo  (214)' — pulando...
[2025-10-08 14:53:14,190] WARNING: [!] Capítulo sem número detectado: 'capitulo  (213)' — pulando...
[2025-10-08 14:53:14,190] WARNING: [!] Capítulo sem número detectado: 'capitulo  (212)' — pulando...
[2025-10-08 14:53:14,190] WARNING: [!] Capítulo sem número detectado: 'capitulo  (211)' — pulando...
[2025-10-08 14:53:14,190] WARNING: [!] Capítulo sem número detectado: 'capitulo  (210)' — pulando...
[2025-10-08 14:53:14,191] WARNING: [!] Capítulo sem número detectado: 'capitulo  (209)' — pulando...
[2025-10-08 14:53:14,191] WARNING: [!] Capítulo sem número detectado: 'capitulo  (208)' — pulando...
[2025-10-08 14:53:14,191] WARNING: [!] Capítulo sem número detectado: 'capitulo  (207)' — pulando...
[2025-10-08 14:53:14,191] WARNING: [!] Capítulo sem número detectado: 'capitulo  (206)' — pulando...
[2025-10-08 14:53:14,191] WARNING: [!] Capítulo sem número detectado: 'capitulo  (205)' — pulando...
[2025-10-08 14:53:14,191] WARNING: [!] Capítulo sem número detectado: 'capitulo  (204)' — pulando...
[2025-10-08 14:53:14,191] WARNING: [!] Capítulo sem número detectado: 'capitulo  (203)' — pulando...
[2025-10-08 14:53:14,191] WARNING: [!] Capítulo sem número detectado: 'capitulo  (202)' — pulando...
[2025-10-08 14:53:14,191] WARNING: [!] Capítulo sem número detectado: 'capitulo  (201)' — pulando...
[2025-10-08 14:53:14,191] WARNING: [!] Capítulo sem número detectado: 'capitulo  (200)' — pulando...
[2025-10-08 14:53:14,192] WARNING: [!] Capítulo sem número detectado: 'capitulo  (199)' — pulando...
[2025-10-08 14:53:14,192] WARNING: [!] Capítulo sem número detectado: 'capitulo  (198)' — pulando...
[2025-10-08 14:53:14,192] WARNING: [!] Capítulo sem número detectado: 'capitulo  (197)' — pulando...
[2025-10-08 14:53:14,192] WARNING: [!] Capítulo sem número detectado: 'capitulo  (196)' — pulando...
[2025-10-08 14:53:14,192] WARNING: [!] Capítulo sem número detectado: 'capitulo  (195)' — pulando...
[2025-10-08 14:53:14,192] WARNING: [!] Capítulo sem número detectado: 'capitulo  (194)' — pulando...
[2025-10-08 14:53:14,192] WARNING: [!] Capítulo sem número detectado: 'capitulo  (193)' — pulando...
[2025-10-08 14:53:14,192] WARNING: [!] Capítulo sem número detectado: 'capitulo  (192)' — pulando...
[2025-10-08 14:53:14,192] WARNING: [!] Capítulo sem número detectado: 'capitulo  (191)' — pulando...
[2025-10-08 14:53:14,193] WARNING: [!] Capítulo sem número detectado: 'capitulo  (190)' — pulando...
[2025-10-08 14:53:14,193] WARNING: [!] Capítulo sem número detectado: 'capitulo  (189)' — pulando...
[2025-10-08 14:53:14,193] WARNING: [!] Capítulo sem número detectado: 'capitulo  (188)' — pulando...
[2025-10-08 14:53:14,193] WARNING: [!] Capítulo sem número detectado: 'capitulo  (187)' — pulando...
[2025-10-08 14:53:14,193] WARNING: [!] Capítulo sem número detectado: 'capitulo  (186)' — pulando...
[2025-10-08 14:53:14,193] WARNING: [!] Capítulo sem número detectado: 'capitulo  (185)' — pulando...
[2025-10-08 14:53:14,193] WARNING: [!] Capítulo sem número detectado: 'capitulo  (184)' — pulando...
[2025-10-08 14:53:14,193] WARNING: [!] Capítulo sem número detectado: 'capitulo  (183)' — pulando...
[2025-10-08 14:53:14,193] WARNING: [!] Capítulo sem número detectado: 'capitulo  (182)' — pulando...
[2025-10-08 14:53:14,193] WARNING: [!] Capítulo sem número detectado: 'capitulo  (181)' — pulando...
[2025-10-08 14:53:14,194] WARNING: [!] Capítulo sem número detectado: 'capitulo  (180)' — pulando...
[2025-10-08 14:53:14,194] WARNING: [!] Capítulo sem número detectado: 'capitulo  (179)' — pulando...
[2025-10-08 14:53:14,194] WARNING: [!] Capítulo sem número detectado: 'capitulo  (178)' — pulando...
[2025-10-08 14:53:14,194] WARNING: [!] Capítulo sem número detectado: 'capitulo  (177)' — pulando...
[2025-10-08 14:53:14,194] WARNING: [!] Capítulo sem número detectado: 'capitulo  (176)' — pulando...
[2025-10-08 14:53:14,194] WARNING: [!] Capítulo sem número detectado: 'capitulo  (175)' — pulando...
[2025-10-08 14:53:14,194] WARNING: [!] Capítulo sem número detectado: 'capitulo  (174)' — pulando...
[2025-10-08 14:53:14,194] WARNING: [!] Capítulo sem número detectado: 'capitulo  (173)' — pulando...
[2025-10-08 14:53:14,194] WARNING: [!] Capítulo sem número detectado: 'capitulo  (172)' — pulando...
[2025-10-08 14:53:14,195] WARNING: [!] Capítulo sem número detectado: 'capitulo  (171)' — pulando...
[2025-10-08 14:53:14,195] WARNING: [!] Capítulo sem número detectado: 'capitulo  (170)' — pulando...
[2025-10-08 14:53:14,195] WARNING: [!] Capítulo sem número detectado: 'capitulo  (169)' — pulando...
[2025-10-08 14:53:14,195] WARNING: [!] Capítulo sem número detectado: 'capitulo  (168)' — pulando...
[2025-10-08 14:53:14,195] WARNING: [!] Capítulo sem número detectado: 'capitulo  (167)' — pulando...
[2025-10-08 14:53:14,195] WARNING: [!] Capítulo sem número detectado: 'capitulo  (166)' — pulando...
[2025-10-08 14:53:14,195] WARNING: [!] Capítulo sem número detectado: 'capitulo  (165)' — pulando...
[2025-10-08 14:53:14,195] WARNING: [!] Capítulo sem número detectado: 'capitulo  (164)' — pulando...
[2025-10-08 14:53:14,195] WARNING: [!] Capítulo sem número detectado: 'capitulo  (163)' — pulando...
[2025-10-08 14:53:14,195] WARNING: [!] Capítulo sem número detectado: 'capitulo  (162)' — pulando...
[2025-10-08 14:53:14,196] WARNING: [!] Capítulo sem número detectado: 'capitulo  (161)' — pulando...
[2025-10-08 14:53:14,196] WARNING: [!] Capítulo sem número detectado: 'capitulo  (160)' — pulando...
[2025-10-08 14:53:14,196] WARNING: [!] Capítulo sem número detectado: 'capitulo  (159)' — pulando...
[2025-10-08 14:53:14,196] WARNING: [!] Capítulo sem número detectado: 'capitulo  (158)' — pulando...
[2025-10-08 14:53:14,196] WARNING: [!] Capítulo sem número detectado: 'capitulo  (157)' — pulando...
[2025-10-08 14:53:14,196] WARNING: [!] Capítulo sem número detectado: 'capitulo  (156)' — pulando...
[2025-10-08 14:53:14,196] WARNING: [!] Capítulo sem número detectado: 'capitulo  (155)' — pulando...
[2025-10-08 14:53:14,196] WARNING: [!] Capítulo sem número detectado: 'capitulo  (154)' — pulando...
[2025-10-08 14:53:14,196] WARNING: [!] Capítulo sem número detectado: 'capitulo  (153)' — pulando...
[2025-10-08 14:53:14,196] WARNING: [!] Capítulo sem número detectado: 'capitulo  (152)' — pulando...
[2025-10-08 14:53:14,197] WARNING: [!] Capítulo sem número detectado: 'capitulo  (151)' — pulando...
[2025-10-08 14:53:14,197] WARNING: [!] Capítulo sem número detectado: 'capitulo  (150)' — pulando...
[2025-10-08 14:53:14,197] WARNING: [!] Capítulo sem número detectado: 'capitulo  (149)' — pulando...
[2025-10-08 14:53:14,197] WARNING: [!] Capítulo sem número detectado: 'capitulo  (148)' — pulando...
[2025-10-08 14:53:14,197] WARNING: [!] Capítulo sem número detectado: 'capitulo  (147)' — pulando...
[2025-10-08 14:53:14,197] WARNING: [!] Capítulo sem número detectado: 'capitulo  (146)' — pulando...
[2025-10-08 14:53:14,197] WARNING: [!] Capítulo sem número detectado: 'capitulo  (145)' — pulando...
[2025-10-08 14:53:14,197] WARNING: [!] Capítulo sem número detectado: 'capitulo  (144)' — pulando...
[2025-10-08 14:53:14,197] WARNING: [!] Capítulo sem número detectado: 'capitulo  (143)' — pulando...
[2025-10-08 14:53:14,198] WARNING: [!] Capítulo sem número detectado: 'capitulo  (142)' — pulando...
[2025-10-08 14:53:14,198] WARNING: [!] Capítulo sem número detectado: 'capitulo  (141)' — pulando...
[2025-10-08 14:53:14,198] WARNING: [!] Capítulo sem número detectado: 'capitulo  (140)' — pulando...
[2025-10-08 14:53:14,198] WARNING: [!] Capítulo sem número detectado: 'capitulo  (139)' — pulando...
[2025-10-08 14:53:14,198] WARNING: [!] Capítulo sem número detectado: 'capitulo  (138)' — pulando...
[2025-10-08 14:53:14,198] WARNING: [!] Capítulo sem número detectado: 'capitulo  (137)' — pulando...
[2025-10-08 14:53:14,198] WARNING: [!] Capítulo sem número detectado: 'capitulo  (136)' — pulando...
[2025-10-08 14:53:14,198] WARNING: [!] Capítulo sem número detectado: 'capitulo  (135)' — pulando...
[2025-10-08 14:53:14,198] WARNING: [!] Capítulo sem número detectado: 'capitulo  (134)' — pulando...
[2025-10-08 14:53:14,198] WARNING: [!] Capítulo sem número detectado: 'capitulo  (133)' — pulando...
[2025-10-08 14:53:14,199] WARNING: [!] Capítulo sem número detectado: 'capitulo  (132)' — pulando...
[2025-10-08 14:53:14,199] WARNING: [!] Capítulo sem número detectado: 'capitulo  (131)' — pulando...
[2025-10-08 14:53:14,199] WARNING: [!] Capítulo sem número detectado: 'capitulo  (130)' — pulando...
[2025-10-08 14:53:14,199] WARNING: [!] Capítulo sem número detectado: 'capitulo  (129)' — pulando...
[2025-10-08 14:53:14,199] WARNING: [!] Capítulo sem número detectado: 'capitulo  (128)' — pulando...
[2025-10-08 14:53:14,199] WARNING: [!] Capítulo sem número detectado: 'capitulo  (127)' — pulando...
[2025-10-08 14:53:14,199] WARNING: [!] Capítulo sem número detectado: 'capitulo  (126)' — pulando...
[2025-10-08 14:53:14,199] WARNING: [!] Capítulo sem número detectado: 'capitulo  (125)' — pulando...
[2025-10-08 14:53:14,199] WARNING: [!] Capítulo sem número detectado: 'capitulo  (124)' — pulando...
[2025-10-08 14:53:14,199] WARNING: [!] Capítulo sem número detectado: 'capitulo  (123)' — pulando...
[2025-10-08 14:53:14,200] WARNING: [!] Capítulo sem número detectado: 'capitulo  (122)' — pulando...
[2025-10-08 14:53:14,200] WARNING: [!] Capítulo sem número detectado: 'capitulo  (121)' — pulando...
[2025-10-08 14:53:14,200] WARNING: [!] Capítulo sem número detectado: 'capitulo  (120)' — pulando...
[2025-10-08 14:53:14,200] WARNING: [!] Capítulo sem número detectado: 'capitulo  (119)' — pulando...
[2025-10-08 14:53:14,200] WARNING: [!] Capítulo sem número detectado: 'capitulo  (118)' — pulando...
[2025-10-08 14:53:14,200] WARNING: [!] Capítulo sem número detectado: 'capitulo  (117)' — pulando...
[2025-10-08 14:53:14,200] WARNING: [!] Capítulo sem número detectado: 'capitulo  (116)' — pulando...
[2025-10-08 14:53:14,200] WARNING: [!] Capítulo sem número detectado: 'capitulo  (115)' — pulando...
[2025-10-08 14:53:14,200] WARNING: [!] Capítulo sem número detectado: 'capitulo  (114)' — pulando...
[2025-10-08 14:53:14,201] WARNING: [!] Capítulo sem número detectado: 'capitulo  (113)' — pulando...
[2025-10-08 14:53:14,201] WARNING: [!] Capítulo sem número detectado: 'capitulo  (112)' — pulando...
[2025-10-08 14:53:14,201] WARNING: [!] Capítulo sem número detectado: 'capitulo  (111)' — pulando...
[2025-10-08 14:53:14,201] WARNING: [!] Capítulo sem número detectado: 'capitulo  (110)' — pulando...
[2025-10-08 14:53:14,201] WARNING: [!] Capítulo sem número detectado: 'capitulo  (109)' — pulando...
[2025-10-08 14:53:14,201] WARNING: [!] Capítulo sem número detectado: 'capitulo  (108)' — pulando...
[2025-10-08 14:53:14,201] WARNING: [!] Capítulo sem número detectado: 'capitulo  (107)' — pulando...
[2025-10-08 14:53:14,201] WARNING: [!] Capítulo sem número detectado: 'capitulo  (106)' — pulando...
[2025-10-08 14:53:14,201] WARNING: [!] Capítulo sem número detectado: 'capitulo  (105)' — pulando...
[2025-10-08 14:53:14,201] WARNING: [!] Capítulo sem número detectado: 'capitulo  (104)' — pulando...
[2025-10-08 14:53:14,202] WARNING: [!] Capítulo sem número detectado: 'capitulo  (103)' — pulando...
[2025-10-08 14:53:14,202] WARNING: [!] Capítulo sem número detectado: 'capitulo  (102)' — pulando...
[2025-10-08 14:53:14,202] WARNING: [!] Capítulo sem número detectado: 'capitulo  (101)' — pulando...
[2025-10-08 14:53:14,202] WARNING: [!] Capítulo sem número detectado: 'capitulo  (100)' — pulando...
[2025-10-08 14:53:14,202] WARNING: [!] Capítulo sem número detectado: 'capitulo  (99)' — pulando...
[2025-10-08 14:53:14,202] WARNING: [!] Capítulo sem número detectado: 'capitulo  (98)' — pulando...
[2025-10-08 14:53:14,202] WARNING: [!] Capítulo sem número detectado: 'capitulo  (97)' — pulando...
[2025-10-08 14:53:14,202] WARNING: [!] Capítulo sem número detectado: 'capitulo  (96)' — pulando...
[2025-10-08 14:53:14,202] WARNING: [!] Capítulo sem número detectado: 'capitulo  (95)' — pulando...
[2025-10-08 14:53:14,202] WARNING: [!] Capítulo sem número detectado: 'capitulo  (94)' — pulando...
[2025-10-08 14:53:14,203] WARNING: [!] Capítulo sem número detectado: 'capitulo  (93)' — pulando...
[2025-10-08 14:53:14,203] WARNING: [!] Capítulo sem número detectado: 'capitulo  (92)' — pulando...
[2025-10-08 14:53:14,203] WARNING: [!] Capítulo sem número detectado: 'capitulo  (91)' — pulando...
[2025-10-08 14:53:14,203] WARNING: [!] Capítulo sem número detectado: 'capitulo  (90)' — pulando...
[2025-10-08 14:53:14,203] WARNING: [!] Capítulo sem número detectado: 'capitulo  (89)' — pulando...
[2025-10-08 14:53:14,203] WARNING: [!] Capítulo sem número detectado: 'capitulo  (88)' — pulando...
[2025-10-08 14:53:14,203] WARNING: [!] Capítulo sem número detectado: 'capitulo  (87)' — pulando...
[2025-10-08 14:53:14,203] WARNING: [!] Capítulo sem número detectado: 'capitulo  (86)' — pulando...
[2025-10-08 14:53:14,203] WARNING: [!] Capítulo sem número detectado: 'capitulo  (85)' — pulando...
[2025-10-08 14:53:14,204] WARNING: [!] Capítulo sem número detectado: 'capitulo  (84)' — pulando...
[2025-10-08 14:53:14,204] WARNING: [!] Capítulo sem número detectado: 'capitulo  (83)' — pulando...
[2025-10-08 14:53:14,204] WARNING: [!] Capítulo sem número detectado: 'capitulo  (82)' — pulando...
[2025-10-08 14:53:14,204] WARNING: [!] Capítulo sem número detectado: 'capitulo  (81)' — pulando...
[2025-10-08 14:53:14,204] WARNING: [!] Capítulo sem número detectado: 'capitulo  (80)' — pulando...
[2025-10-08 14:53:14,204] WARNING: [!] Capítulo sem número detectado: 'capitulo  (79)' — pulando...
[2025-10-08 14:53:14,204] WARNING: [!] Capítulo sem número detectado: 'capitulo  (78)' — pulando...
[2025-10-08 14:53:14,204] WARNING: [!] Capítulo sem número detectado: 'capitulo  (77)' — pulando...
[2025-10-08 14:53:14,204] WARNING: [!] Capítulo sem número detectado: 'capitulo  (76)' — pulando...
[2025-10-08 14:53:14,205] WARNING: [!] Capítulo sem número detectado: 'capitulo  (75)' — pulando...
[2025-10-08 14:53:14,205] WARNING: [!] Capítulo sem número detectado: 'capitulo  (74)' — pulando...
[2025-10-08 14:53:14,205] WARNING: [!] Capítulo sem número detectado: 'capitulo  (73)' — pulando...
[2025-10-08 14:53:14,205] WARNING: [!] Capítulo sem número detectado: 'capitulo  (72)' — pulando...
[2025-10-08 14:53:14,205] WARNING: [!] Capítulo sem número detectado: 'capitulo  (71)' — pulando...
[2025-10-08 14:53:14,205] WARNING: [!] Capítulo sem número detectado: 'capitulo  (70)' — pulando...
[2025-10-08 14:53:14,205] WARNING: [!] Capítulo sem número detectado: 'capitulo  (69)' — pulando...
[2025-10-08 14:53:14,205] WARNING: [!] Capítulo sem número detectado: 'capitulo  (68)' — pulando...
[2025-10-08 14:53:14,205] WARNING: [!] Capítulo sem número detectado: 'capitulo  (67)' — pulando...
[2025-10-08 14:53:14,205] WARNING: [!] Capítulo sem número detectado: 'capitulo  (66)' — pulando...
[2025-10-08 14:53:14,206] WARNING: [!] Capítulo sem número detectado: 'capitulo  (65)' — pulando...
[2025-10-08 14:53:14,206] WARNING: [!] Capítulo sem número detectado: 'capitulo  (64)' — pulando...
[2025-10-08 14:53:14,206] WARNING: [!] Capítulo sem número detectado: 'capitulo  (63)' — pulando...
[2025-10-08 14:53:14,206] WARNING: [!] Capítulo sem número detectado: 'capitulo  (62)' — pulando...
[2025-10-08 14:53:14,206] WARNING: [!] Capítulo sem número detectado: 'capitulo  (61)' — pulando...
[2025-10-08 14:53:14,206] WARNING: [!] Capítulo sem número detectado: 'capitulo  (60)' — pulando...
[2025-10-08 14:53:14,206] WARNING: [!] Capítulo sem número detectado: 'capitulo  (59)' — pulando...
[2025-10-08 14:53:14,206] WARNING: [!] Capítulo sem número detectado: 'capitulo  (58)' — pulando...
[2025-10-08 14:53:14,206] WARNING: [!] Capítulo sem número detectado: 'capitulo  (57)' — pulando...
[2025-10-08 14:53:14,207] WARNING: [!] Capítulo sem número detectado: 'capitulo  (56)' — pulando...
[2025-10-08 14:53:14,207] WARNING: [!] Capítulo sem número detectado: 'capitulo  (55)' — pulando...
[2025-10-08 14:53:14,207] WARNING: [!] Capítulo sem número detectado: 'capitulo  (54)' — pulando...
[2025-10-08 14:53:14,207] WARNING: [!] Capítulo sem número detectado: 'capitulo  (53)' — pulando...
[2025-10-08 14:53:14,207] WARNING: [!] Capítulo sem número detectado: 'capitulo  (52)' — pulando...
[2025-10-08 14:53:14,207] WARNING: [!] Capítulo sem número detectado: 'capitulo  (51)' — pulando...
[2025-10-08 14:53:14,207] WARNING: [!] Capítulo sem número detectado: 'capitulo  (50)' — pulando...
[2025-10-08 14:53:14,207] WARNING: [!] Capítulo sem número detectado: 'capitulo  (49)' — pulando...
[2025-10-08 14:53:14,207] WARNING: [!] Capítulo sem número detectado: 'capitulo  (48)' — pulando...
[2025-10-08 14:53:14,208] WARNING: [!] Capítulo sem número detectado: 'capitulo  (47)' — pulando...
[2025-10-08 14:53:14,208] WARNING: [!] Capítulo sem número detectado: 'capitulo  (46)' — pulando...
[2025-10-08 14:53:14,208] WARNING: [!] Capítulo sem número detectado: 'capitulo  (45)' — pulando...
[2025-10-08 14:53:14,208] WARNING: [!] Capítulo sem número detectado: 'capitulo  (44)' — pulando...
[2025-10-08 14:53:14,208] WARNING: [!] Capítulo sem número detectado: 'capitulo  (43)' — pulando...
[2025-10-08 14:53:14,208] WARNING: [!] Capítulo sem número detectado: 'capitulo  (42)' — pulando...
[2025-10-08 14:53:14,208] WARNING: [!] Capítulo sem número detectado: 'capitulo  (41)' — pulando...
[2025-10-08 14:53:14,208] WARNING: [!] Capítulo sem número detectado: 'capitulo  (40)' — pulando...
[2025-10-08 14:53:14,208] WARNING: [!] Capítulo sem número detectado: 'capitulo  (39)' — pulando...
[2025-10-08 14:53:14,209] WARNING: [!] Capítulo sem número detectado: 'capitulo  (38)' — pulando...
[2025-10-08 14:53:14,209] WARNING: [!] Capítulo sem número detectado: 'capitulo  (37)' — pulando...
[2025-10-08 14:53:14,209] WARNING: [!] Capítulo sem número detectado: 'capitulo  (36)' — pulando...
[2025-10-08 14:53:14,209] WARNING: [!] Capítulo sem número detectado: 'capitulo  (35)' — pulando...
[2025-10-08 14:53:14,209] WARNING: [!] Capítulo sem número detectado: 'capitulo  (34)' — pulando...
[2025-10-08 14:53:14,209] WARNING: [!] Capítulo sem número detectado: 'capitulo  (33)' — pulando...
[2025-10-08 14:53:14,209] WARNING: [!] Capítulo sem número detectado: 'capitulo  (32)' — pulando...
[2025-10-08 14:53:14,209] WARNING: [!] Capítulo sem número detectado: 'capitulo  (31)' — pulando...
[2025-10-08 14:53:14,209] WARNING: [!] Capítulo sem número detectado: 'capitulo  (30)' — pulando...
[2025-10-08 14:53:14,209] WARNING: [!] Capítulo sem número detectado: 'capitulo  (29)' — pulando...
[2025-10-08 14:53:14,210] WARNING: [!] Capítulo sem número detectado: 'capitulo  (28)' — pulando...
[2025-10-08 14:53:14,210] WARNING: [!] Capítulo sem número detectado: 'capitulo  (27)' — pulando...
[2025-10-08 14:53:14,210] WARNING: [!] Capítulo sem número detectado: 'capitulo  (26)' — pulando...
[2025-10-08 14:53:14,210] WARNING: [!] Capítulo sem número detectado: 'capitulo  (25)' — pulando...
[2025-10-08 14:53:14,210] WARNING: [!] Capítulo sem número detectado: 'capitulo  (24)' — pulando...
[2025-10-08 14:53:14,210] WARNING: [!] Capítulo sem número detectado: 'capitulo  (23)' — pulando...
[2025-10-08 14:53:14,210] WARNING: [!] Capítulo sem número detectado: 'capitulo  (22)' — pulando...
[2025-10-08 14:53:14,210] WARNING: [!] Capítulo sem número detectado: 'capitulo  (21)' — pulando...
[2025-10-08 14:53:14,210] WARNING: [!] Capítulo sem número detectado: 'capitulo  (20)' — pulando...
[2025-10-08 14:53:14,210] WARNING: [!] Capítulo sem número detectado: 'capitulo  (19)' — pulando...
[2025-10-08 14:53:14,211] WARNING: [!] Capítulo sem número detectado: 'capitulo  (18)' — pulando...
[2025-10-08 14:53:14,211] WARNING: [!] Capítulo sem número detectado: 'capitulo  (17)' — pulando...
[2025-10-08 14:53:14,211] WARNING: [!] Capítulo sem número detectado: 'capitulo  (16)' — pulando...
[2025-10-08 14:53:14,211] WARNING: [!] Capítulo sem número detectado: 'capitulo  (15)' — pulando...
[2025-10-08 14:53:14,211] WARNING: [!] Capítulo sem número detectado: 'capitulo  (14)' — pulando...
[2025-10-08 14:53:14,211] WARNING: [!] Capítulo sem número detectado: 'capitulo  (13)' — pulando...
[2025-10-08 14:53:14,211] WARNING: [!] Capítulo sem número detectado: 'capitulo  (12)' — pulando...
[2025-10-08 14:53:14,211] WARNING: [!] Capítulo sem número detectado: 'capitulo  (11)' — pulando...
[2025-10-08 14:53:14,212] WARNING: [!] Capítulo sem número detectado: 'capitulo  (10)' — pulando...
[2025-10-08 14:53:14,212] WARNING: [!] Capítulo sem número detectado: 'capitulo  (9)' — pulando...
[2025-10-08 14:53:14,212] WARNING: [!] Capítulo sem número detectado: 'capitulo  (8)' — pulando...
[2025-10-08 14:53:14,212] WARNING: [!] Capítulo sem número detectado: 'capitulo  (7)' — pulando...
[2025-10-08 14:53:14,212] WARNING: [!] Capítulo sem número detectado: 'capitulo  (6)' — pulando...
[2025-10-08 14:53:14,212] WARNING: [!] Capítulo sem número detectado: 'capitulo  (5)' — pulando...
[2025-10-08 14:53:14,212] WARNING: [!] Capítulo sem número detectado: 'capitulo  (4)' — pulando...
[2025-10-08 14:53:14,212] WARNING: [!] Capítulo sem número detectado: 'capitulo  (3)' — pulando...
[2025-10-08 14:53:14,212] WARNING: [!] Capítulo sem número detectado: 'capitulo  (2)' — pulando...
[2025-10-08 14:53:14,213] WARNING: [!] Capítulo sem número detectado: 'capitulo  (1)' — pulando...
[2025-10-08 14:53:14,213] INFO: [*] Total de capítulos extraídos: 81
[2025-10-08 14:53:14,213] INFO: [!] Capítulo 242 já existente em 'Blue Lock'.
[2025-10-08 14:53:14,213] INFO: [!] Capítulo 243 já existente em 'Blue Lock'.
[2025-10-08 14:53:14,213] INFO: [!] Capítulo 244 já existente em 'Blue Lock'.
[2025-10-08 14:53:14,213] INFO: [!] Capítulo 245 já existente em 'Blue Lock'.
[2025-10-08 14:53:14,213] INFO: [!] Capítulo 246 já existente em 'Blue Lock'.
[2025-10-08 14:53:14,213] INFO: [!] Capítulo 247 já existente em 'Blue Lock'.
[2025-10-08 14:53:14,213] INFO: [!] Capítulo 248 já existente em 'Blue Lock'.
[2025-10-08 14:53:14,213] INFO: [!] Capítulo 249 já existente em 'Blue Lock'.
[2025-10-08 14:53:14,213] INFO: [!] Capítulo 250 já existente em 'Blue Lock'.
[2025-10-08 14:53:14,213] INFO: [!] Capítulo 251 já existente em 'Blue Lock'.
[2025-10-08 14:53:14,213] INFO: [!] Capítulo 252 já existente em 'Blue Lock'.
[2025-10-08 14:53:14,213] INFO: [!] Capítulo 253 já existente em 'Blue Lock'.
[2025-10-08 14:53:14,213] INFO: [!] Capítulo 254 já existente em 'Blue Lock'.
[2025-10-08 14:53:14,213] INFO: [!] Capítulo 255 já existente em 'Blue Lock'.
[2025-10-08 14:53:14,214] INFO: [!] Capítulo 256 já existente em 'Blue Lock'.
[2025-10-08 14:53:14,214] INFO: [!] Capítulo 257 já existente em 'Blue Lock'.
[2025-10-08 14:53:14,214] INFO: [!] Capítulo 258 já existente em 'Blue Lock'.
[2025-10-08 14:53:14,214] INFO: [!] Capítulo 259 já existente em 'Blue Lock'.
[2025-10-08 14:53:14,214] INFO: [!] Capítulo 260 já existente em 'Blue Lock'.
[2025-10-08 14:53:14,214] INFO: [!] Capítulo 261 já existente em 'Blue Lock'.
[2025-10-08 14:53:14,214] INFO: [!] Capítulo 262 já existente em 'Blue Lock'.
[2025-10-08 14:53:14,214] INFO: [!] Capítulo 263 já existente em 'Blue Lock'.
[2025-10-08 14:53:14,214] INFO: [!] Capítulo 264 já existente em 'Blue Lock'.
[2025-10-08 14:53:14,214] INFO: [!] Capítulo 265 já existente em 'Blue Lock'.
[2025-10-08 14:53:14,214] INFO: [!] Capítulo 266 já existente em 'Blue Lock'.
[2025-10-08 14:53:14,214] INFO: [!] Capítulo 267 já existente em 'Blue Lock'.
[2025-10-08 14:53:14,214] INFO: [!] Capítulo 268 já existente em 'Blue Lock'.
[2025-10-08 14:53:14,214] INFO: [!] Capítulo 269 já existente em 'Blue Lock'.
[2025-10-08 14:53:14,214] INFO: [!] Capítulo 270 já existente em 'Blue Lock'.
[2025-10-08 14:53:14,214] INFO: [!] Capítulo 271 já existente em 'Blue Lock'.
[2025-10-08 14:53:14,214] INFO: [!] Capítulo 272 já existente em 'Blue Lock'.
[2025-10-08 14:53:14,214] INFO: [!] Capítulo 273 já existente em 'Blue Lock'.
[2025-10-08 14:53:14,214] INFO: [!] Capítulo 274 já existente em 'Blue Lock'.
[2025-10-08 14:53:14,215] INFO: [!] Capítulo 275 já existente em 'Blue Lock'.
[2025-10-08 14:53:14,215] INFO: [!] Capítulo 276 já existente em 'Blue Lock'.
[2025-10-08 14:53:14,215] INFO: [!] Capítulo 277 já existente em 'Blue Lock'.
[2025-10-08 14:53:14,215] INFO: [!] Capítulo 278 já existente em 'Blue Lock'.
[2025-10-08 14:53:14,215] INFO: [!] Capítulo 279 já existente em 'Blue Lock'.
[2025-10-08 14:53:14,215] INFO: [!] Capítulo 280 já existente em 'Blue Lock'.
[2025-10-08 14:53:14,215] INFO: [!] Capítulo 281 já existente em 'Blue Lock'.
[2025-10-08 14:53:14,215] INFO: [!] Capítulo 282 já existente em 'Blue Lock'.
[2025-10-08 14:53:14,215] INFO: [!] Capítulo 283 já existente em 'Blue Lock'.
[2025-10-08 14:53:14,215] INFO: [!] Capítulo 284 já existente em 'Blue Lock'.
[2025-10-08 14:53:14,215] INFO: [!] Capítulo 285 já existente em 'Blue Lock'.
[2025-10-08 14:53:14,215] INFO: [!] Capítulo 286 já existente em 'Blue Lock'.
[2025-10-08 14:53:14,215] INFO: [!] Capítulo 287 já existente em 'Blue Lock'.
[2025-10-08 14:53:14,215] INFO: [!] Capítulo 288 já existente em 'Blue Lock'.
[2025-10-08 14:53:14,215] INFO: [!] Capítulo 288.2 já existente em 'Blue Lock'.
[2025-10-08 14:53:14,215] INFO: [!] Capítulo 289 já existente em 'Blue Lock'.
[2025-10-08 14:53:14,215] INFO: [!] Capítulo 290 já existente em 'Blue Lock'.
[2025-10-08 14:53:14,215] INFO: [!] Capítulo 291 já existente em 'Blue Lock'.
[2025-10-08 14:53:14,215] INFO: [!] Capítulo 292 já existente em 'Blue Lock'.
[2025-10-08 14:53:14,215] INFO: [!] Capítulo 293 já existente em 'Blue Lock'.
[2025-10-08 14:53:14,216] INFO: [!] Capítulo 294 já existente em 'Blue Lock'.
[2025-10-08 14:53:14,216] INFO: [!] Capítulo 295 já existente em 'Blue Lock'.
[2025-10-08 14:53:14,216] INFO: [!] Capítulo 296 já existente em 'Blue Lock'.
[2025-10-08 14:53:14,216] INFO: [!] Capítulo 297 já existente em 'Blue Lock'.
[2025-10-08 14:53:14,216] INFO: [!] Capítulo 298 já existente em 'Blue Lock'.
[2025-10-08 14:53:14,216] INFO: [!] Capítulo 299 já existente em 'Blue Lock'.
[2025-10-08 14:53:14,216] INFO: [!] Capítulo 300 já existente em 'Blue Lock'.
[2025-10-08 14:53:14,216] INFO: [!] Capítulo 301 já existente em 'Blue Lock'.
[2025-10-08 14:53:14,216] INFO: [!] Capítulo 302 já existente em 'Blue Lock'.
[2025-10-08 14:53:14,216] INFO: [!] Capítulo 303 já existente em 'Blue Lock'.
[2025-10-08 14:53:14,216] INFO: [!] Capítulo 304 já existente em 'Blue Lock'.
[2025-10-08 14:53:14,216] INFO: [!] Capítulo 305 já existente em 'Blue Lock'.
[2025-10-08 14:53:14,216] INFO: [!] Capítulo 306 já existente em 'Blue Lock'.
[2025-10-08 14:53:14,216] INFO: [!] Capítulo 307 já existente em 'Blue Lock'.
[2025-10-08 14:53:14,216] INFO: [!] Capítulo 308 já existente em 'Blue Lock'.
[2025-10-08 14:53:14,216] INFO: [!] Capítulo 309 já existente em 'Blue Lock'.
[2025-10-08 14:53:14,216] INFO: [!] Capítulo 310 já existente em 'Blue Lock'.
[2025-10-08 14:53:14,216] INFO: [!] Capítulo 311 já existente em 'Blue Lock'.
[2025-10-08 14:53:14,216] INFO: [!] Capítulo 312 já existente em 'Blue Lock'.
[2025-10-08 14:53:14,216] INFO: [!] Capítulo 313 já existente em 'Blue Lock'.
[2025-10-08 14:53:14,217] INFO: [!] Capítulo 314.1 já existente em 'Blue Lock'.
[2025-10-08 14:53:14,217] INFO: [!] Capítulo 314.2 já existente em 'Blue Lock'.
[2025-10-08 14:53:14,217] INFO: [!] Capítulo 315 já existente em 'Blue Lock'.
[2025-10-08 14:53:14,217] INFO: [!] Capítulo 316 já existente em 'Blue Lock'.
[2025-10-08 14:53:14,217] INFO: [!] Capítulo 317 já existente em 'Blue Lock'.
[2025-10-08 14:53:14,217] INFO: [!] Capítulo 318 já existente em 'Blue Lock'.
[2025-10-08 14:53:14,217] INFO: [!] Capítulo 319 já existente em 'Blue Lock'.
[2025-10-08 14:53:14,217] INFO: [!] Capítulo 320 já existente em 'Blue Lock'.
[2025-10-08 14:53:14,284] INFO: [*] Buscando capítulos pela url: https://mangaonline.blog/manga/eleceed/
[2025-10-08 14:53:14,460] INFO: [*] Capítulos encontrados: 281
[2025-10-08 14:53:14,474] INFO: [*] Total de capítulos extraídos: 281
[2025-10-08 14:53:14,475] INFO: [!] Capítulo 1 já existente em 'Eleceed'.
[2025-10-08 14:53:14,475] INFO: [!] Capítulo 2 já existente em 'Eleceed'.
[2025-10-08 14:53:14,475] INFO: [!] Capítulo 3 já existente em 'Eleceed'.
[2025-10-08 14:53:14,475] INFO: [!] Capítulo 4 já existente em 'Eleceed'.
[2025-10-08 14:53:14,475] INFO: [!] Capítulo 5 já existente em 'Eleceed'.
[2025-10-08 14:53:14,475] INFO: [!] Capítulo 6 já existente em 'Eleceed'.
[2025-10-08 14:53:14,475] INFO: [!] Capítulo 7 já existente em 'Eleceed'.
[2025-10-08 14:53:14,475] INFO: [!] Capítulo 8 já existente em 'Eleceed'.
[2025-10-08 14:53:14,475] INFO: [!] Capítulo 9 já existente em 'Eleceed'.
[2025-10-08 14:53:14,475] INFO: [!] Capítulo 10 já existente em 'Eleceed'.
[2025-10-08 14:53:14,475] INFO: [!] Capítulo 11 já existente em 'Eleceed'.
[2025-10-08 14:53:14,475] INFO: [!] Capítulo 12 já existente em 'Eleceed'.
[2025-10-08 14:53:14,476] INFO: [!] Capítulo 13 já existente em 'Eleceed'.
[2025-10-08 14:53:14,476] INFO: [!] Capítulo 14 já existente em 'Eleceed'.
[2025-10-08 14:53:14,476] INFO: [!] Capítulo 15 já existente em 'Eleceed'.
[2025-10-08 14:53:14,476] INFO: [!] Capítulo 16 já existente em 'Eleceed'.
[2025-10-08 14:53:14,476] INFO: [!] Capítulo 17 já existente em 'Eleceed'.
[2025-10-08 14:53:14,476] INFO: [!] Capítulo 18 já existente em 'Eleceed'.
[2025-10-08 14:53:14,476] INFO: [!] Capítulo 19 já existente em 'Eleceed'.
[2025-10-08 14:53:14,476] INFO: [!] Capítulo 20 já existente em 'Eleceed'.
[2025-10-08 14:53:14,476] INFO: [!] Capítulo 21 já existente em 'Eleceed'.
[2025-10-08 14:53:14,476] INFO: [!] Capítulo 22 já existente em 'Eleceed'.
[2025-10-08 14:53:14,476] INFO: [!] Capítulo 23 já existente em 'Eleceed'.
[2025-10-08 14:53:14,476] INFO: [!] Capítulo 24 já existente em 'Eleceed'.
[2025-10-08 14:53:14,476] INFO: [!] Capítulo 25 já existente em 'Eleceed'.
[2025-10-08 14:53:14,476] INFO: [!] Capítulo 26 já existente em 'Eleceed'.
[2025-10-08 14:53:14,476] INFO: [!] Capítulo 27 já existente em 'Eleceed'.
[2025-10-08 14:53:14,476] INFO: [!] Capítulo 28 já existente em 'Eleceed'.
[2025-10-08 14:53:14,476] INFO: [!] Capítulo 29 já existente em 'Eleceed'.
[2025-10-08 14:53:14,476] INFO: [!] Capítulo 30 já existente em 'Eleceed'.
[2025-10-08 14:53:14,477] INFO: [!] Capítulo 31 já existente em 'Eleceed'.
[2025-10-08 14:53:14,477] INFO: [!] Capítulo 32 já existente em 'Eleceed'.
[2025-10-08 14:53:14,477] INFO: [!] Capítulo 33 já existente em 'Eleceed'.
[2025-10-08 14:53:14,477] INFO: [!] Capítulo 34 já existente em 'Eleceed'.
[2025-10-08 14:53:14,477] INFO: [!] Capítulo 35 já existente em 'Eleceed'.
[2025-10-08 14:53:14,477] INFO: [!] Capítulo 36 já existente em 'Eleceed'.
[2025-10-08 14:53:14,477] INFO: [!] Capítulo 37 já existente em 'Eleceed'.
[2025-10-08 14:53:14,477] INFO: [!] Capítulo 38 já existente em 'Eleceed'.
[2025-10-08 14:53:14,477] INFO: [!] Capítulo 39 já existente em 'Eleceed'.
[2025-10-08 14:53:14,477] INFO: [!] Capítulo 40 já existente em 'Eleceed'.
[2025-10-08 14:53:14,477] INFO: [!] Capítulo 41 já existente em 'Eleceed'.
[2025-10-08 14:53:14,477] INFO: [!] Capítulo 42 já existente em 'Eleceed'.
[2025-10-08 14:53:14,477] INFO: [!] Capítulo 43 já existente em 'Eleceed'.
[2025-10-08 14:53:14,477] INFO: [!] Capítulo 44 já existente em 'Eleceed'.
[2025-10-08 14:53:14,477] INFO: [!] Capítulo 45 já existente em 'Eleceed'.
[2025-10-08 14:53:14,477] INFO: [!] Capítulo 46 já existente em 'Eleceed'.
[2025-10-08 14:53:14,477] INFO: [!] Capítulo 47 já existente em 'Eleceed'.
[2025-10-08 14:53:14,478] INFO: [!] Capítulo 48 já existente em 'Eleceed'.
[2025-10-08 14:53:14,478] INFO: [!] Capítulo 49 já existente em 'Eleceed'.
[2025-10-08 14:53:14,478] INFO: [!] Capítulo 50 já existente em 'Eleceed'.
[2025-10-08 14:53:14,478] INFO: [!] Capítulo 51 já existente em 'Eleceed'.
[2025-10-08 14:53:14,478] INFO: [!] Capítulo 52 já existente em 'Eleceed'.
[2025-10-08 14:53:14,478] INFO: [!] Capítulo 53 já existente em 'Eleceed'.
[2025-10-08 14:53:14,478] INFO: [!] Capítulo 54 já existente em 'Eleceed'.
[2025-10-08 14:53:14,478] INFO: [!] Capítulo 55 já existente em 'Eleceed'.
[2025-10-08 14:53:14,478] INFO: [!] Capítulo 56 já existente em 'Eleceed'.
[2025-10-08 14:53:14,478] INFO: [!] Capítulo 57 já existente em 'Eleceed'.
[2025-10-08 14:53:14,478] INFO: [!] Capítulo 58 já existente em 'Eleceed'.
[2025-10-08 14:53:14,478] INFO: [!] Capítulo 59 já existente em 'Eleceed'.
[2025-10-08 14:53:14,478] INFO: [!] Capítulo 60 já existente em 'Eleceed'.
[2025-10-08 14:53:14,478] INFO: [!] Capítulo 61 já existente em 'Eleceed'.
[2025-10-08 14:53:14,478] INFO: [!] Capítulo 62 já existente em 'Eleceed'.
[2025-10-08 14:53:14,478] INFO: [!] Capítulo 63 já existente em 'Eleceed'.
[2025-10-08 14:53:14,478] INFO: [!] Capítulo 64 já existente em 'Eleceed'.
[2025-10-08 14:53:14,478] INFO: [!] Capítulo 65 já existente em 'Eleceed'.
[2025-10-08 14:53:14,478] INFO: [!] Capítulo 66 já existente em 'Eleceed'.
[2025-10-08 14:53:14,478] INFO: [!] Capítulo 67 já existente em 'Eleceed'.
[2025-10-08 14:53:14,479] INFO: [!] Capítulo 68 já existente em 'Eleceed'.
[2025-10-08 14:53:14,479] INFO: [!] Capítulo 69 já existente em 'Eleceed'.
[2025-10-08 14:53:14,479] INFO: [!] Capítulo 70 já existente em 'Eleceed'.
[2025-10-08 14:53:14,479] INFO: [!] Capítulo 71 já existente em 'Eleceed'.
[2025-10-08 14:53:14,479] INFO: [!] Capítulo 72 já existente em 'Eleceed'.
[2025-10-08 14:53:14,479] INFO: [!] Capítulo 73 já existente em 'Eleceed'.
[2025-10-08 14:53:14,479] INFO: [!] Capítulo 74 já existente em 'Eleceed'.
[2025-10-08 14:53:14,479] INFO: [!] Capítulo 75 já existente em 'Eleceed'.
[2025-10-08 14:53:14,479] INFO: [!] Capítulo 76 já existente em 'Eleceed'.
[2025-10-08 14:53:14,479] INFO: [!] Capítulo 77 já existente em 'Eleceed'.
[2025-10-08 14:53:14,479] INFO: [!] Capítulo 78 já existente em 'Eleceed'.
[2025-10-08 14:53:14,479] INFO: [!] Capítulo 79 já existente em 'Eleceed'.
[2025-10-08 14:53:14,479] INFO: [!] Capítulo 80 já existente em 'Eleceed'.
[2025-10-08 14:53:14,479] INFO: [!] Capítulo 81 já existente em 'Eleceed'.
[2025-10-08 14:53:14,479] INFO: [!] Capítulo 82 já existente em 'Eleceed'.
[2025-10-08 14:53:14,479] INFO: [!] Capítulo 83 já existente em 'Eleceed'.
[2025-10-08 14:53:14,479] INFO: [!] Capítulo 84 já existente em 'Eleceed'.
[2025-10-08 14:53:14,479] INFO: [!] Capítulo 85 já existente em 'Eleceed'.
[2025-10-08 14:53:14,479] INFO: [!] Capítulo 86 já existente em 'Eleceed'.
[2025-10-08 14:53:14,479] INFO: [!] Capítulo 87 já existente em 'Eleceed'.
[2025-10-08 14:53:14,480] INFO: [!] Capítulo 88 já existente em 'Eleceed'.
[2025-10-08 14:53:14,480] INFO: [!] Capítulo 89 já existente em 'Eleceed'.
[2025-10-08 14:53:14,480] INFO: [!] Capítulo 90 já existente em 'Eleceed'.
[2025-10-08 14:53:14,480] INFO: [!] Capítulo 91 já existente em 'Eleceed'.
[2025-10-08 14:53:14,480] INFO: [!] Capítulo 92 já existente em 'Eleceed'.
[2025-10-08 14:53:14,480] INFO: [!] Capítulo 93 já existente em 'Eleceed'.
[2025-10-08 14:53:14,480] INFO: [!] Capítulo 94 já existente em 'Eleceed'.
[2025-10-08 14:53:14,480] INFO: [!] Capítulo 95 já existente em 'Eleceed'.
[2025-10-08 14:53:14,480] INFO: [!] Capítulo 96 já existente em 'Eleceed'.
[2025-10-08 14:53:14,480] INFO: [!] Capítulo 97 já existente em 'Eleceed'.
[2025-10-08 14:53:14,480] INFO: [!] Capítulo 98 já existente em 'Eleceed'.
[2025-10-08 14:53:14,480] INFO: [!] Capítulo 99 já existente em 'Eleceed'.
[2025-10-08 14:53:14,480] INFO: [!] Capítulo 100 já existente em 'Eleceed'.
[2025-10-08 14:53:14,480] INFO: [!] Capítulo 101 já existente em 'Eleceed'.
[2025-10-08 14:53:14,480] INFO: [!] Capítulo 102 já existente em 'Eleceed'.
[2025-10-08 14:53:14,480] INFO: [!] Capítulo 103 já existente em 'Eleceed'.
[2025-10-08 14:53:14,480] INFO: [!] Capítulo 104 já existente em 'Eleceed'.
[2025-10-08 14:53:14,480] INFO: [!] Capítulo 105 já existente em 'Eleceed'.
[2025-10-08 14:53:14,480] INFO: [!] Capítulo 106 já existente em 'Eleceed'.
[2025-10-08 14:53:14,481] INFO: [!] Capítulo 107 já existente em 'Eleceed'.
[2025-10-08 14:53:14,481] INFO: [!] Capítulo 108 já existente em 'Eleceed'.
[2025-10-08 14:53:14,481] INFO: [!] Capítulo 109 já existente em 'Eleceed'.
[2025-10-08 14:53:14,481] INFO: [!] Capítulo 110 já existente em 'Eleceed'.
[2025-10-08 14:53:14,481] INFO: [!] Capítulo 111 já existente em 'Eleceed'.
[2025-10-08 14:53:14,481] INFO: [!] Capítulo 112 já existente em 'Eleceed'.
[2025-10-08 14:53:14,481] INFO: [!] Capítulo 113 já existente em 'Eleceed'.
[2025-10-08 14:53:14,481] INFO: [!] Capítulo 114 já existente em 'Eleceed'.
[2025-10-08 14:53:14,481] INFO: [!] Capítulo 115 já existente em 'Eleceed'.
[2025-10-08 14:53:14,481] INFO: [!] Capítulo 116 já existente em 'Eleceed'.
[2025-10-08 14:53:14,481] INFO: [!] Capítulo 117 já existente em 'Eleceed'.
[2025-10-08 14:53:14,481] INFO: [!] Capítulo 118 já existente em 'Eleceed'.
[2025-10-08 14:53:14,481] INFO: [!] Capítulo 119 já existente em 'Eleceed'.
[2025-10-08 14:53:14,481] INFO: [!] Capítulo 120 já existente em 'Eleceed'.
[2025-10-08 14:53:14,481] INFO: [!] Capítulo 121 já existente em 'Eleceed'.
[2025-10-08 14:53:14,481] INFO: [!] Capítulo 122 já existente em 'Eleceed'.
[2025-10-08 14:53:14,481] INFO: [!] Capítulo 123 já existente em 'Eleceed'.
[2025-10-08 14:53:14,481] INFO: [!] Capítulo 124 já existente em 'Eleceed'.
[2025-10-08 14:53:14,481] INFO: [!] Capítulo 125 já existente em 'Eleceed'.
[2025-10-08 14:53:14,481] INFO: [!] Capítulo 126 já existente em 'Eleceed'.
[2025-10-08 14:53:14,482] INFO: [!] Capítulo 127 já existente em 'Eleceed'.
[2025-10-08 14:53:14,482] INFO: [!] Capítulo 128 já existente em 'Eleceed'.
[2025-10-08 14:53:14,482] INFO: [!] Capítulo 129 já existente em 'Eleceed'.
[2025-10-08 14:53:14,482] INFO: [!] Capítulo 130 já existente em 'Eleceed'.
[2025-10-08 14:53:14,482] INFO: [!] Capítulo 131 já existente em 'Eleceed'.
[2025-10-08 14:53:14,482] INFO: [!] Capítulo 132 já existente em 'Eleceed'.
[2025-10-08 14:53:14,482] INFO: [!] Capítulo 133 já existente em 'Eleceed'.
[2025-10-08 14:53:14,482] INFO: [!] Capítulo 134 já existente em 'Eleceed'.
[2025-10-08 14:53:14,482] INFO: [!] Capítulo 135 já existente em 'Eleceed'.
[2025-10-08 14:53:14,482] INFO: [!] Capítulo 136 já existente em 'Eleceed'.
[2025-10-08 14:53:14,482] INFO: [!] Capítulo 137 já existente em 'Eleceed'.
[2025-10-08 14:53:14,482] INFO: [!] Capítulo 138 já existente em 'Eleceed'.
[2025-10-08 14:53:14,482] INFO: [!] Capítulo 139 já existente em 'Eleceed'.
[2025-10-08 14:53:14,482] INFO: [!] Capítulo 140 já existente em 'Eleceed'.
[2025-10-08 14:53:14,482] INFO: [!] Capítulo 141 já existente em 'Eleceed'.
[2025-10-08 14:53:14,482] INFO: [!] Capítulo 142 já existente em 'Eleceed'.
[2025-10-08 14:53:14,482] INFO: [!] Capítulo 143 já existente em 'Eleceed'.
[2025-10-08 14:53:14,482] INFO: [!] Capítulo 144 já existente em 'Eleceed'.
[2025-10-08 14:53:14,482] INFO: [!] Capítulo 145 já existente em 'Eleceed'.
[2025-10-08 14:53:14,482] INFO: [!] Capítulo 146 já existente em 'Eleceed'.
[2025-10-08 14:53:14,483] INFO: [!] Capítulo 147 já existente em 'Eleceed'.
[2025-10-08 14:53:14,483] INFO: [!] Capítulo 148 já existente em 'Eleceed'.
[2025-10-08 14:53:14,483] INFO: [!] Capítulo 149 já existente em 'Eleceed'.
[2025-10-08 14:53:14,483] INFO: [!] Capítulo 150 já existente em 'Eleceed'.
[2025-10-08 14:53:14,483] INFO: [!] Capítulo 151 já existente em 'Eleceed'.
[2025-10-08 14:53:14,483] INFO: [!] Capítulo 152 já existente em 'Eleceed'.
[2025-10-08 14:53:14,483] INFO: [!] Capítulo 153 já existente em 'Eleceed'.
[2025-10-08 14:53:14,483] INFO: [!] Capítulo 154 já existente em 'Eleceed'.
[2025-10-08 14:53:14,483] INFO: [!] Capítulo 155 já existente em 'Eleceed'.
[2025-10-08 14:53:14,483] INFO: [!] Capítulo 156 já existente em 'Eleceed'.
[2025-10-08 14:53:14,483] INFO: [!] Capítulo 157 já existente em 'Eleceed'.
[2025-10-08 14:53:14,483] INFO: [!] Capítulo 158 já existente em 'Eleceed'.
[2025-10-08 14:53:14,483] INFO: [!] Capítulo 159 já existente em 'Eleceed'.
[2025-10-08 14:53:14,483] INFO: [!] Capítulo 160 já existente em 'Eleceed'.
[2025-10-08 14:53:14,483] INFO: [!] Capítulo 161 já existente em 'Eleceed'.
[2025-10-08 14:53:14,483] INFO: [!] Capítulo 162 já existente em 'Eleceed'.
[2025-10-08 14:53:14,483] INFO: [!] Capítulo 163 já existente em 'Eleceed'.
[2025-10-08 14:53:14,483] INFO: [!] Capítulo 164 já existente em 'Eleceed'.
[2025-10-08 14:53:14,483] INFO: [!] Capítulo 165 já existente em 'Eleceed'.
[2025-10-08 14:53:14,483] INFO: [!] Capítulo 166 já existente em 'Eleceed'.
[2025-10-08 14:53:14,484] INFO: [!] Capítulo 167 já existente em 'Eleceed'.
[2025-10-08 14:53:14,484] INFO: [!] Capítulo 168 já existente em 'Eleceed'.
[2025-10-08 14:53:14,484] INFO: [!] Capítulo 169 já existente em 'Eleceed'.
[2025-10-08 14:53:14,484] INFO: [!] Capítulo 170 já existente em 'Eleceed'.
[2025-10-08 14:53:14,484] INFO: [!] Capítulo 171 já existente em 'Eleceed'.
[2025-10-08 14:53:14,484] INFO: [!] Capítulo 172 já existente em 'Eleceed'.
[2025-10-08 14:53:14,484] INFO: [!] Capítulo 173 já existente em 'Eleceed'.
[2025-10-08 14:53:14,484] INFO: [!] Capítulo 174 já existente em 'Eleceed'.
[2025-10-08 14:53:14,484] INFO: [!] Capítulo 175 já existente em 'Eleceed'.
[2025-10-08 14:53:14,484] INFO: [!] Capítulo 176 já existente em 'Eleceed'.
[2025-10-08 14:53:14,484] INFO: [!] Capítulo 177 já existente em 'Eleceed'.
[2025-10-08 14:53:14,484] INFO: [!] Capítulo 178 já existente em 'Eleceed'.
[2025-10-08 14:53:14,484] INFO: [!] Capítulo 179 já existente em 'Eleceed'.
[2025-10-08 14:53:14,484] INFO: [!] Capítulo 180 já existente em 'Eleceed'.
[2025-10-08 14:53:14,484] INFO: [!] Capítulo 181 já existente em 'Eleceed'.
[2025-10-08 14:53:14,484] INFO: [!] Capítulo 182 já existente em 'Eleceed'.
[2025-10-08 14:53:14,484] INFO: [!] Capítulo 183 já existente em 'Eleceed'.
[2025-10-08 14:53:14,484] INFO: [!] Capítulo 184 já existente em 'Eleceed'.
[2025-10-08 14:53:14,484] INFO: [!] Capítulo 185 já existente em 'Eleceed'.
[2025-10-08 14:53:14,484] INFO: [!] Capítulo 186 já existente em 'Eleceed'.
[2025-10-08 14:53:14,485] INFO: [!] Capítulo 187 já existente em 'Eleceed'.
[2025-10-08 14:53:14,485] INFO: [!] Capítulo 188 já existente em 'Eleceed'.
[2025-10-08 14:53:14,485] INFO: [!] Capítulo 189 já existente em 'Eleceed'.
[2025-10-08 14:53:14,485] INFO: [!] Capítulo 190 já existente em 'Eleceed'.
[2025-10-08 14:53:14,485] INFO: [!] Capítulo 191 já existente em 'Eleceed'.
[2025-10-08 14:53:14,485] INFO: [!] Capítulo 192 já existente em 'Eleceed'.
[2025-10-08 14:53:14,485] INFO: [!] Capítulo 193 já existente em 'Eleceed'.
[2025-10-08 14:53:14,485] INFO: [!] Capítulo 194 já existente em 'Eleceed'.
[2025-10-08 14:53:14,485] INFO: [!] Capítulo 195 já existente em 'Eleceed'.
[2025-10-08 14:53:14,485] INFO: [!] Capítulo 196 já existente em 'Eleceed'.
[2025-10-08 14:53:14,485] INFO: [!] Capítulo 197 já existente em 'Eleceed'.
[2025-10-08 14:53:14,485] INFO: [!] Capítulo 198 já existente em 'Eleceed'.
[2025-10-08 14:53:14,485] INFO: [!] Capítulo 199 já existente em 'Eleceed'.
[2025-10-08 14:53:14,485] INFO: [!] Capítulo 200 já existente em 'Eleceed'.
[2025-10-08 14:53:14,485] INFO: [!] Capítulo 201 já existente em 'Eleceed'.
[2025-10-08 14:53:14,485] INFO: [!] Capítulo 202 já existente em 'Eleceed'.
[2025-10-08 14:53:14,485] INFO: [!] Capítulo 203 já existente em 'Eleceed'.
[2025-10-08 14:53:14,485] INFO: [!] Capítulo 204 já existente em 'Eleceed'.
[2025-10-08 14:53:14,485] INFO: [!] Capítulo 205 já existente em 'Eleceed'.
[2025-10-08 14:53:14,485] INFO: [!] Capítulo 206 já existente em 'Eleceed'.
[2025-10-08 14:53:14,486] INFO: [!] Capítulo 207 já existente em 'Eleceed'.
[2025-10-08 14:53:14,486] INFO: [!] Capítulo 208 já existente em 'Eleceed'.
[2025-10-08 14:53:14,486] INFO: [!] Capítulo 209 já existente em 'Eleceed'.
[2025-10-08 14:53:14,486] INFO: [!] Capítulo 210 já existente em 'Eleceed'.
[2025-10-08 14:53:14,486] INFO: [!] Capítulo 300 já existente em 'Eleceed'.
[2025-10-08 14:53:14,486] INFO: [!] Capítulo 301 já existente em 'Eleceed'.
[2025-10-08 14:53:14,486] INFO: [!] Capítulo 302 já existente em 'Eleceed'.
[2025-10-08 14:53:14,486] INFO: [!] Capítulo 303 já existente em 'Eleceed'.
[2025-10-08 14:53:14,486] INFO: [!] Capítulo 304 já existente em 'Eleceed'.
[2025-10-08 14:53:14,486] INFO: [!] Capítulo 305 já existente em 'Eleceed'.
[2025-10-08 14:53:14,486] INFO: [!] Capítulo 306 já existente em 'Eleceed'.
[2025-10-08 14:53:14,486] INFO: [!] Capítulo 307 já existente em 'Eleceed'.
[2025-10-08 14:53:14,486] INFO: [!] Capítulo 308 já existente em 'Eleceed'.
[2025-10-08 14:53:14,486] INFO: [!] Capítulo 309 já existente em 'Eleceed'.
[2025-10-08 14:53:14,486] INFO: [!] Capítulo 310 já existente em 'Eleceed'.
[2025-10-08 14:53:14,486] INFO: [!] Capítulo 311 já existente em 'Eleceed'.
[2025-10-08 14:53:14,486] INFO: [!] Capítulo 313 já existente em 'Eleceed'.
[2025-10-08 14:53:14,486] INFO: [!] Capítulo 314 já existente em 'Eleceed'.
[2025-10-08 14:53:14,486] INFO: [!] Capítulo 315 já existente em 'Eleceed'.
[2025-10-08 14:53:14,486] INFO: [!] Capítulo 316 já existente em 'Eleceed'.
[2025-10-08 14:53:14,487] INFO: [!] Capítulo 317 já existente em 'Eleceed'.
[2025-10-08 14:53:14,487] INFO: [!] Capítulo 318 já existente em 'Eleceed'.
[2025-10-08 14:53:14,487] INFO: [!] Capítulo 319 já existente em 'Eleceed'.
[2025-10-08 14:53:14,487] INFO: [!] Capítulo 320 já existente em 'Eleceed'.
[2025-10-08 14:53:14,487] INFO: [!] Capítulo 321 já existente em 'Eleceed'.
[2025-10-08 14:53:14,487] INFO: [!] Capítulo 322 já existente em 'Eleceed'.
[2025-10-08 14:53:14,487] INFO: [!] Capítulo 323 já existente em 'Eleceed'.
[2025-10-08 14:53:14,487] INFO: [!] Capítulo 324 já existente em 'Eleceed'.
[2025-10-08 14:53:14,487] INFO: [!] Capítulo 325 já existente em 'Eleceed'.
[2025-10-08 14:53:14,487] INFO: [!] Capítulo 326 já existente em 'Eleceed'.
[2025-10-08 14:53:14,487] INFO: [!] Capítulo 327 já existente em 'Eleceed'.
[2025-10-08 14:53:14,487] INFO: [!] Capítulo 328 já existente em 'Eleceed'.
[2025-10-08 14:53:14,487] INFO: [!] Capítulo 329 já existente em 'Eleceed'.
[2025-10-08 14:53:14,487] INFO: [!] Capítulo 330 já existente em 'Eleceed'.
[2025-10-08 14:53:14,487] INFO: [!] Capítulo 331 já existente em 'Eleceed'.
[2025-10-08 14:53:14,487] INFO: [!] Capítulo 332 já existente em 'Eleceed'.
[2025-10-08 14:53:14,487] INFO: [!] Capítulo 333 já existente em 'Eleceed'.
[2025-10-08 14:53:14,487] INFO: [!] Capítulo 334 já existente em 'Eleceed'.
[2025-10-08 14:53:14,488] INFO: [!] Capítulo 335 já existente em 'Eleceed'.
[2025-10-08 14:53:14,488] INFO: [!] Capítulo 336 já existente em 'Eleceed'.
[2025-10-08 14:53:14,488] INFO: [!] Capítulo 337 já existente em 'Eleceed'.
[2025-10-08 14:53:14,488] INFO: [!] Capítulo 338 já existente em 'Eleceed'.
[2025-10-08 14:53:14,488] INFO: [!] Capítulo 339 já existente em 'Eleceed'.
[2025-10-08 14:53:14,488] INFO: [!] Capítulo 340 já existente em 'Eleceed'.
[2025-10-08 14:53:14,488] INFO: [!] Capítulo 341 já existente em 'Eleceed'.
[2025-10-08 14:53:14,488] INFO: [!] Capítulo 342 já existente em 'Eleceed'.
[2025-10-08 14:53:14,488] INFO: [!] Capítulo 343 já existente em 'Eleceed'.
[2025-10-08 14:53:14,488] INFO: [!] Capítulo 344 já existente em 'Eleceed'.
[2025-10-08 14:53:14,488] INFO: [!] Capítulo 345 já existente em 'Eleceed'.
[2025-10-08 14:53:14,488] INFO: [!] Capítulo 346 já existente em 'Eleceed'.
[2025-10-08 14:53:14,488] INFO: [!] Capítulo 347 já existente em 'Eleceed'.
[2025-10-08 14:53:14,488] INFO: [!] Capítulo 348 já existente em 'Eleceed'.
[2025-10-08 14:53:14,488] INFO: [!] Capítulo 349 já existente em 'Eleceed'.
[2025-10-08 14:53:14,488] INFO: [!] Capítulo 350 já existente em 'Eleceed'.
[2025-10-08 14:53:14,488] INFO: [!] Capítulo 351 já existente em 'Eleceed'.
[2025-10-08 14:53:14,488] INFO: [!] Capítulo 352 já existente em 'Eleceed'.
[2025-10-08 14:53:14,489] INFO: [!] Capítulo 353 já existente em 'Eleceed'.
[2025-10-08 14:53:14,489] INFO: [!] Capítulo 354 já existente em 'Eleceed'.
[2025-10-08 14:53:14,489] INFO: [!] Capítulo 355 já existente em 'Eleceed'.
[2025-10-08 14:53:14,489] INFO: [!] Capítulo 356 já existente em 'Eleceed'.
[2025-10-08 14:53:14,489] INFO: [!] Capítulo 357 já existente em 'Eleceed'.
[2025-10-08 14:53:14,489] INFO: [!] Capítulo 358 já existente em 'Eleceed'.
[2025-10-08 14:53:14,489] INFO: [!] Capítulo 359 já existente em 'Eleceed'.
[2025-10-08 14:53:14,489] INFO: [!] Capítulo 360 já existente em 'Eleceed'.
[2025-10-08 14:53:14,489] INFO: [!] Capítulo 361 já existente em 'Eleceed'.
[2025-10-08 14:53:14,489] INFO: [!] Capítulo 362 já existente em 'Eleceed'.
[2025-10-08 14:53:14,489] INFO: [!] Capítulo 363 já existente em 'Eleceed'.
[2025-10-08 14:53:14,489] INFO: [!] Capítulo 364 já existente em 'Eleceed'.
[2025-10-08 14:53:14,489] INFO: [!] Capítulo 365 já existente em 'Eleceed'.
[2025-10-08 14:53:14,489] INFO: [!] Capítulo 366 já existente em 'Eleceed'.
[2025-10-08 14:53:14,489] INFO: [!] Capítulo 367 já existente em 'Eleceed'.
[2025-10-08 14:53:14,489] INFO: [!] Capítulo 368 já existente em 'Eleceed'.
[2025-10-08 14:53:14,489] INFO: [!] Capítulo 369 já existente em 'Eleceed'.
[2025-10-08 14:53:14,489] INFO: [!] Capítulo 370 já existente em 'Eleceed'.
[2025-10-08 14:53:14,489] INFO: [!] Capítulo 371 já existente em 'Eleceed'.
[2025-10-08 14:53:14,568] INFO: [*] Buscando capítulos pela url: https://mangaonline.blog/manga/the-infinite-mage/
[2025-10-08 14:53:14,685] INFO: [*] Capítulos encontrados: 139
[2025-10-08 14:53:14,692] INFO: [*] Total de capítulos extraídos: 139
[2025-10-08 14:53:14,692] INFO: [*] Mangá 'The Infinite Mage' sincronizado com sucesso.
[2025-10-08 14:53:14,710] INFO: [*] Buscando capítulos pela url: https://mangaonline.blog/manga/mo-huang-da-guan-jia-magic-emperor-manga-pt-br/
[2025-10-08 14:53:15,128] INFO: [*] Capítulos encontrados: 742
[2025-10-08 14:53:15,135] WARNING: [!] Capítulo sem número detectado: 'capitulo (565)' — pulando...
[2025-10-08 14:53:15,135] WARNING: [!] Capítulo sem número detectado: 'capitulo (564)' — pulando...
[2025-10-08 14:53:15,135] WARNING: [!] Capítulo sem número detectado: 'capitulo (563)' — pulando...
[2025-10-08 14:53:15,136] WARNING: [!] Capítulo sem número detectado: 'capitulo (562)' — pulando...
[2025-10-08 14:53:15,136] WARNING: [!] Capítulo sem número detectado: 'capitulo (561)' — pulando...
[2025-10-08 14:53:15,136] WARNING: [!] Capítulo sem número detectado: 'capitulo (560)' — pulando...
[2025-10-08 14:53:15,136] WARNING: [!] Capítulo sem número detectado: 'capitulo (559)' — pulando...
[2025-10-08 14:53:15,136] WARNING: [!] Capítulo sem número detectado: 'capitulo (558)' — pulando...
[2025-10-08 14:53:15,136] WARNING: [!] Capítulo sem número detectado: 'capitulo (557)' — pulando...
[2025-10-08 14:53:15,136] WARNING: [!] Capítulo sem número detectado: 'capitulo (556)' — pulando...
[2025-10-08 14:53:15,136] WARNING: [!] Capítulo sem número detectado: 'capitulo (555)' — pulando...
[2025-10-08 14:53:15,137] WARNING: [!] Capítulo sem número detectado: 'capitulo (554)' — pulando...
[2025-10-08 14:53:15,137] WARNING: [!] Capítulo sem número detectado: 'capitulo (553)' — pulando...
[2025-10-08 14:53:15,137] WARNING: [!] Capítulo sem número detectado: 'capitulo (552)' — pulando...
[2025-10-08 14:53:15,137] WARNING: [!] Capítulo sem número detectado: 'capitulo (551)' — pulando...
[2025-10-08 14:53:15,137] WARNING: [!] Capítulo sem número detectado: 'capitulo (550)' — pulando...
[2025-10-08 14:53:15,137] WARNING: [!] Capítulo sem número detectado: 'capitulo (549)' — pulando...
[2025-10-08 14:53:15,137] WARNING: [!] Capítulo sem número detectado: 'capitulo (548)' — pulando...
[2025-10-08 14:53:15,137] WARNING: [!] Capítulo sem número detectado: 'capitulo (547)' — pulando...
[2025-10-08 14:53:15,138] WARNING: [!] Capítulo sem número detectado: 'capitulo (546)' — pulando...
[2025-10-08 14:53:15,138] WARNING: [!] Capítulo sem número detectado: 'capitulo (545)' — pulando...
[2025-10-08 14:53:15,138] WARNING: [!] Capítulo sem número detectado: 'capitulo (544)' — pulando...
[2025-10-08 14:53:15,138] WARNING: [!] Capítulo sem número detectado: 'capitulo (543)' — pulando...
[2025-10-08 14:53:15,138] WARNING: [!] Capítulo sem número detectado: 'capitulo (542)' — pulando...
[2025-10-08 14:53:15,138] WARNING: [!] Capítulo sem número detectado: 'capitulo (541)' — pulando...
[2025-10-08 14:53:15,138] WARNING: [!] Capítulo sem número detectado: 'capitulo (540)' — pulando...
[2025-10-08 14:53:15,138] WARNING: [!] Capítulo sem número detectado: 'capitulo (539)' — pulando...
[2025-10-08 14:53:15,138] WARNING: [!] Capítulo sem número detectado: 'capitulo (538)' — pulando...
[2025-10-08 14:53:15,139] WARNING: [!] Capítulo sem número detectado: 'capitulo (537)' — pulando...
[2025-10-08 14:53:15,139] WARNING: [!] Capítulo sem número detectado: 'capitulo (536)' — pulando...
[2025-10-08 14:53:15,139] WARNING: [!] Capítulo sem número detectado: 'capitulo (535)' — pulando...
[2025-10-08 14:53:15,139] WARNING: [!] Capítulo sem número detectado: 'capitulo (534)' — pulando...
[2025-10-08 14:53:15,139] WARNING: [!] Capítulo sem número detectado: 'capitulo (533)' — pulando...
[2025-10-08 14:53:15,139] WARNING: [!] Capítulo sem número detectado: 'capitulo (532)' — pulando...
[2025-10-08 14:53:15,139] WARNING: [!] Capítulo sem número detectado: 'capitulo (531)' — pulando...
[2025-10-08 14:53:15,139] WARNING: [!] Capítulo sem número detectado: 'capitulo (530)' — pulando...
[2025-10-08 14:53:15,139] WARNING: [!] Capítulo sem número detectado: 'capitulo (529)' — pulando...
[2025-10-08 14:53:15,139] WARNING: [!] Capítulo sem número detectado: 'capitulo (528)' — pulando...
[2025-10-08 14:53:15,140] WARNING: [!] Capítulo sem número detectado: 'capitulo (527)' — pulando...
[2025-10-08 14:53:15,140] WARNING: [!] Capítulo sem número detectado: 'capitulo (526)' — pulando...
[2025-10-08 14:53:15,140] WARNING: [!] Capítulo sem número detectado: 'capitulo (525)' — pulando...
[2025-10-08 14:53:15,140] WARNING: [!] Capítulo sem número detectado: 'capitulo (524)' — pulando...
[2025-10-08 14:53:15,140] WARNING: [!] Capítulo sem número detectado: 'capitulo (523)' — pulando...
[2025-10-08 14:53:15,140] WARNING: [!] Capítulo sem número detectado: 'capitulo (522)' — pulando...
[2025-10-08 14:53:15,140] WARNING: [!] Capítulo sem número detectado: 'capitulo (521)' — pulando...
[2025-10-08 14:53:15,140] WARNING: [!] Capítulo sem número detectado: 'capitulo (520)' — pulando...
[2025-10-08 14:53:15,140] WARNING: [!] Capítulo sem número detectado: 'capitulo (519)' — pulando...
[2025-10-08 14:53:15,141] WARNING: [!] Capítulo sem número detectado: 'capitulo (518)' — pulando...
[2025-10-08 14:53:15,141] WARNING: [!] Capítulo sem número detectado: 'capitulo (517)' — pulando...
[2025-10-08 14:53:15,141] WARNING: [!] Capítulo sem número detectado: 'capitulo (516)' — pulando...
[2025-10-08 14:53:15,141] WARNING: [!] Capítulo sem número detectado: 'capitulo (515)' — pulando...
[2025-10-08 14:53:15,141] WARNING: [!] Capítulo sem número detectado: 'capitulo (514)' — pulando...
[2025-10-08 14:53:15,141] WARNING: [!] Capítulo sem número detectado: 'capitulo (513)' — pulando...
[2025-10-08 14:53:15,141] WARNING: [!] Capítulo sem número detectado: 'capitulo (512)' — pulando...
[2025-10-08 14:53:15,141] WARNING: [!] Capítulo sem número detectado: 'capitulo (511)' — pulando...
[2025-10-08 14:53:15,141] WARNING: [!] Capítulo sem número detectado: 'capitulo (510)' — pulando...
[2025-10-08 14:53:15,142] WARNING: [!] Capítulo sem número detectado: 'capitulo (509)' — pulando...
[2025-10-08 14:53:15,142] WARNING: [!] Capítulo sem número detectado: 'capitulo (508)' — pulando...
[2025-10-08 14:53:15,142] WARNING: [!] Capítulo sem número detectado: 'capitulo (507)' — pulando...
[2025-10-08 14:53:15,142] WARNING: [!] Capítulo sem número detectado: 'capitulo (506)' — pulando...
[2025-10-08 14:53:15,142] WARNING: [!] Capítulo sem número detectado: 'capitulo (505)' — pulando...
[2025-10-08 14:53:15,142] WARNING: [!] Capítulo sem número detectado: 'capitulo (504)' — pulando...
[2025-10-08 14:53:15,142] WARNING: [!] Capítulo sem número detectado: 'capitulo (503)' — pulando...
[2025-10-08 14:53:15,142] WARNING: [!] Capítulo sem número detectado: 'capitulo (502)' — pulando...
[2025-10-08 14:53:15,143] WARNING: [!] Capítulo sem número detectado: 'capitulo (501)' — pulando...
[2025-10-08 14:53:15,143] WARNING: [!] Capítulo sem número detectado: 'capitulo (500)' — pulando...
[2025-10-08 14:53:15,143] WARNING: [!] Capítulo sem número detectado: 'capitulo (499)' — pulando...
[2025-10-08 14:53:15,143] WARNING: [!] Capítulo sem número detectado: 'capitulo (498)' — pulando...
[2025-10-08 14:53:15,143] WARNING: [!] Capítulo sem número detectado: 'capitulo (497)' — pulando...
[2025-10-08 14:53:15,143] WARNING: [!] Capítulo sem número detectado: 'capitulo (496)' — pulando...
[2025-10-08 14:53:15,143] WARNING: [!] Capítulo sem número detectado: 'capitulo (495)' — pulando...
[2025-10-08 14:53:15,143] WARNING: [!] Capítulo sem número detectado: 'capitulo (494)' — pulando...
[2025-10-08 14:53:15,143] WARNING: [!] Capítulo sem número detectado: 'capitulo (493)' — pulando...
[2025-10-08 14:53:15,143] WARNING: [!] Capítulo sem número detectado: 'capitulo (492)' — pulando...
[2025-10-08 14:53:15,144] WARNING: [!] Capítulo sem número detectado: 'capitulo (491)' — pulando...
[2025-10-08 14:53:15,144] WARNING: [!] Capítulo sem número detectado: 'capitulo (490)' — pulando...
[2025-10-08 14:53:15,144] WARNING: [!] Capítulo sem número detectado: 'capitulo (489)' — pulando...
[2025-10-08 14:53:15,144] WARNING: [!] Capítulo sem número detectado: 'capitulo (488)' — pulando...
[2025-10-08 14:53:15,144] WARNING: [!] Capítulo sem número detectado: 'capitulo (487)' — pulando...
[2025-10-08 14:53:15,144] WARNING: [!] Capítulo sem número detectado: 'capitulo (486)' — pulando...
[2025-10-08 14:53:15,144] WARNING: [!] Capítulo sem número detectado: 'capitulo (485)' — pulando...
[2025-10-08 14:53:15,144] WARNING: [!] Capítulo sem número detectado: 'capitulo (484)' — pulando...
[2025-10-08 14:53:15,144] WARNING: [!] Capítulo sem número detectado: 'capitulo (483)' — pulando...
[2025-10-08 14:53:15,144] WARNING: [!] Capítulo sem número detectado: 'capitulo (482)' — pulando...
[2025-10-08 14:53:15,145] WARNING: [!] Capítulo sem número detectado: 'capitulo (481)' — pulando...
[2025-10-08 14:53:15,145] WARNING: [!] Capítulo sem número detectado: 'capitulo (480)' — pulando...
[2025-10-08 14:53:15,145] WARNING: [!] Capítulo sem número detectado: 'capitulo (479)' — pulando...
[2025-10-08 14:53:15,145] WARNING: [!] Capítulo sem número detectado: 'capitulo (478)' — pulando...
[2025-10-08 14:53:15,145] WARNING: [!] Capítulo sem número detectado: 'capitulo (477)' — pulando...
[2025-10-08 14:53:15,145] WARNING: [!] Capítulo sem número detectado: 'capitulo (476)' — pulando...
[2025-10-08 14:53:15,145] WARNING: [!] Capítulo sem número detectado: 'capitulo (475)' — pulando...
[2025-10-08 14:53:15,145] WARNING: [!] Capítulo sem número detectado: 'capitulo (474)' — pulando...
[2025-10-08 14:53:15,145] WARNING: [!] Capítulo sem número detectado: 'capitulo (473)' — pulando...
[2025-10-08 14:53:15,146] WARNING: [!] Capítulo sem número detectado: 'capitulo (472)' — pulando...
[2025-10-08 14:53:15,146] WARNING: [!] Capítulo sem número detectado: 'capitulo (471)' — pulando...
[2025-10-08 14:53:15,146] WARNING: [!] Capítulo sem número detectado: 'capitulo (470)' — pulando...
[2025-10-08 14:53:15,146] WARNING: [!] Capítulo sem número detectado: 'capitulo (469)' — pulando...
[2025-10-08 14:53:15,146] WARNING: [!] Capítulo sem número detectado: 'capitulo (468)' — pulando...
[2025-10-08 14:53:15,146] WARNING: [!] Capítulo sem número detectado: 'capitulo (467)' — pulando...
[2025-10-08 14:53:15,146] WARNING: [!] Capítulo sem número detectado: 'capitulo (466)' — pulando...
[2025-10-08 14:53:15,146] WARNING: [!] Capítulo sem número detectado: 'capitulo (465)' — pulando...
[2025-10-08 14:53:15,146] WARNING: [!] Capítulo sem número detectado: 'capitulo (464)' — pulando...
[2025-10-08 14:53:15,146] WARNING: [!] Capítulo sem número detectado: 'capitulo (463)' — pulando...
[2025-10-08 14:53:15,147] WARNING: [!] Capítulo sem número detectado: 'capitulo (462)' — pulando...
[2025-10-08 14:53:15,147] WARNING: [!] Capítulo sem número detectado: 'capitulo (461)' — pulando...
[2025-10-08 14:53:15,147] WARNING: [!] Capítulo sem número detectado: 'capitulo (460)' — pulando...
[2025-10-08 14:53:15,147] WARNING: [!] Capítulo sem número detectado: 'capitulo (459)' — pulando...
[2025-10-08 14:53:15,147] WARNING: [!] Capítulo sem número detectado: 'capitulo (458)' — pulando...
[2025-10-08 14:53:15,147] WARNING: [!] Capítulo sem número detectado: 'capitulo (457)' — pulando...
[2025-10-08 14:53:15,147] WARNING: [!] Capítulo sem número detectado: 'capitulo (456)' — pulando...
[2025-10-08 14:53:15,147] WARNING: [!] Capítulo sem número detectado: 'capitulo (455)' — pulando...
[2025-10-08 14:53:15,147] WARNING: [!] Capítulo sem número detectado: 'capitulo (454)' — pulando...
[2025-10-08 14:53:15,148] WARNING: [!] Capítulo sem número detectado: 'capitulo (453)' — pulando...
[2025-10-08 14:53:15,148] WARNING: [!] Capítulo sem número detectado: 'capitulo (452)' — pulando...
[2025-10-08 14:53:15,148] WARNING: [!] Capítulo sem número detectado: 'capitulo (451)' — pulando...
[2025-10-08 14:53:15,148] WARNING: [!] Capítulo sem número detectado: 'capitulo (450)' — pulando...
[2025-10-08 14:53:15,148] WARNING: [!] Capítulo sem número detectado: 'capitulo (449)' — pulando...
[2025-10-08 14:53:15,148] WARNING: [!] Capítulo sem número detectado: 'capitulo (448)' — pulando...
[2025-10-08 14:53:15,148] WARNING: [!] Capítulo sem número detectado: 'capitulo (447)' — pulando...
[2025-10-08 14:53:15,148] WARNING: [!] Capítulo sem número detectado: 'capitulo (446)' — pulando...
[2025-10-08 14:53:15,148] WARNING: [!] Capítulo sem número detectado: 'capitulo (445)' — pulando...
[2025-10-08 14:53:15,148] WARNING: [!] Capítulo sem número detectado: 'capitulo (444)' — pulando...
[2025-10-08 14:53:15,149] WARNING: [!] Capítulo sem número detectado: 'capitulo (443)' — pulando...
[2025-10-08 14:53:15,149] WARNING: [!] Capítulo sem número detectado: 'capitulo (442)' — pulando...
[2025-10-08 14:53:15,149] WARNING: [!] Capítulo sem número detectado: 'capitulo (441)' — pulando...
[2025-10-08 14:53:15,149] WARNING: [!] Capítulo sem número detectado: 'capitulo (440)' — pulando...
[2025-10-08 14:53:15,149] WARNING: [!] Capítulo sem número detectado: 'capitulo (439)' — pulando...
[2025-10-08 14:53:15,149] WARNING: [!] Capítulo sem número detectado: 'capitulo (438)' — pulando...
[2025-10-08 14:53:15,149] WARNING: [!] Capítulo sem número detectado: 'capitulo (437)' — pulando...
[2025-10-08 14:53:15,149] WARNING: [!] Capítulo sem número detectado: 'capitulo (436)' — pulando...
[2025-10-08 14:53:15,149] WARNING: [!] Capítulo sem número detectado: 'capitulo (435)' — pulando...
[2025-10-08 14:53:15,150] WARNING: [!] Capítulo sem número detectado: 'capitulo (434)' — pulando...
[2025-10-08 14:53:15,150] WARNING: [!] Capítulo sem número detectado: 'capitulo (433)' — pulando...
[2025-10-08 14:53:15,150] WARNING: [!] Capítulo sem número detectado: 'capitulo (432)' — pulando...
[2025-10-08 14:53:15,150] WARNING: [!] Capítulo sem número detectado: 'capitulo (431)' — pulando...
[2025-10-08 14:53:15,150] WARNING: [!] Capítulo sem número detectado: 'capitulo (430)' — pulando...
[2025-10-08 14:53:15,150] WARNING: [!] Capítulo sem número detectado: 'capitulo (429)' — pulando...
[2025-10-08 14:53:15,150] WARNING: [!] Capítulo sem número detectado: 'capitulo (428)' — pulando...
[2025-10-08 14:53:15,150] WARNING: [!] Capítulo sem número detectado: 'capitulo (427)' — pulando...
[2025-10-08 14:53:15,150] WARNING: [!] Capítulo sem número detectado: 'capitulo (426)' — pulando...
[2025-10-08 14:53:15,150] WARNING: [!] Capítulo sem número detectado: 'capitulo (425)' — pulando...
[2025-10-08 14:53:15,151] WARNING: [!] Capítulo sem número detectado: 'capitulo (424)' — pulando...
[2025-10-08 14:53:15,151] WARNING: [!] Capítulo sem número detectado: 'capitulo (423)' — pulando...
[2025-10-08 14:53:15,151] WARNING: [!] Capítulo sem número detectado: 'capitulo (422)' — pulando...
[2025-10-08 14:53:15,151] WARNING: [!] Capítulo sem número detectado: 'capitulo (421)' — pulando...
[2025-10-08 14:53:15,151] WARNING: [!] Capítulo sem número detectado: 'capitulo (420)' — pulando...
[2025-10-08 14:53:15,151] WARNING: [!] Capítulo sem número detectado: 'capitulo (419)' — pulando...
[2025-10-08 14:53:15,151] WARNING: [!] Capítulo sem número detectado: 'capitulo (418)' — pulando...
[2025-10-08 14:53:15,151] WARNING: [!] Capítulo sem número detectado: 'capitulo (417)' — pulando...
[2025-10-08 14:53:15,151] WARNING: [!] Capítulo sem número detectado: 'capitulo (416)' — pulando...
[2025-10-08 14:53:15,152] WARNING: [!] Capítulo sem número detectado: 'capitulo (415)' — pulando...
[2025-10-08 14:53:15,152] WARNING: [!] Capítulo sem número detectado: 'capitulo (414)' — pulando...
[2025-10-08 14:53:15,152] WARNING: [!] Capítulo sem número detectado: 'capitulo (413)' — pulando...
[2025-10-08 14:53:15,152] WARNING: [!] Capítulo sem número detectado: 'capitulo (412)' — pulando...
[2025-10-08 14:53:15,152] WARNING: [!] Capítulo sem número detectado: 'capitulo (411)' — pulando...
[2025-10-08 14:53:15,152] WARNING: [!] Capítulo sem número detectado: 'capitulo (410)' — pulando...
[2025-10-08 14:53:15,152] WARNING: [!] Capítulo sem número detectado: 'capitulo (409)' — pulando...
[2025-10-08 14:53:15,152] WARNING: [!] Capítulo sem número detectado: 'capitulo (408)' — pulando...
[2025-10-08 14:53:15,152] WARNING: [!] Capítulo sem número detectado: 'capitulo (407)' — pulando...
[2025-10-08 14:53:15,152] WARNING: [!] Capítulo sem número detectado: 'capitulo (406)' — pulando...
[2025-10-08 14:53:15,153] WARNING: [!] Capítulo sem número detectado: 'capitulo (405)' — pulando...
[2025-10-08 14:53:15,153] WARNING: [!] Capítulo sem número detectado: 'capitulo (404)' — pulando...
[2025-10-08 14:53:15,153] WARNING: [!] Capítulo sem número detectado: 'capitulo (403)' — pulando...
[2025-10-08 14:53:15,153] WARNING: [!] Capítulo sem número detectado: 'capitulo (402)' — pulando...
[2025-10-08 14:53:15,153] WARNING: [!] Capítulo sem número detectado: 'capitulo (401)' — pulando...
[2025-10-08 14:53:15,153] WARNING: [!] Capítulo sem número detectado: 'capitulo (400)' — pulando...
[2025-10-08 14:53:15,153] WARNING: [!] Capítulo sem número detectado: 'capitulo (399)' — pulando...
[2025-10-08 14:53:15,153] WARNING: [!] Capítulo sem número detectado: 'capitulo (398)' — pulando...
[2025-10-08 14:53:15,153] WARNING: [!] Capítulo sem número detectado: 'capitulo (397)' — pulando...
[2025-10-08 14:53:15,153] WARNING: [!] Capítulo sem número detectado: 'capitulo (396)' — pulando...
[2025-10-08 14:53:15,154] WARNING: [!] Capítulo sem número detectado: 'capitulo (395)' — pulando...
[2025-10-08 14:53:15,154] WARNING: [!] Capítulo sem número detectado: 'capitulo (394)' — pulando...
[2025-10-08 14:53:15,154] WARNING: [!] Capítulo sem número detectado: 'capitulo (393)' — pulando...
[2025-10-08 14:53:15,154] WARNING: [!] Capítulo sem número detectado: 'capitulo (392)' — pulando...
[2025-10-08 14:53:15,154] WARNING: [!] Capítulo sem número detectado: 'capitulo (391)' — pulando...
[2025-10-08 14:53:15,154] WARNING: [!] Capítulo sem número detectado: 'capitulo (390)' — pulando...
[2025-10-08 14:53:15,154] WARNING: [!] Capítulo sem número detectado: 'capitulo (389)' — pulando...
[2025-10-08 14:53:15,154] WARNING: [!] Capítulo sem número detectado: 'capitulo (388)' — pulando...
[2025-10-08 14:53:15,154] WARNING: [!] Capítulo sem número detectado: 'capitulo (387)' — pulando...
[2025-10-08 14:53:15,154] WARNING: [!] Capítulo sem número detectado: 'capitulo (386)' — pulando...
[2025-10-08 14:53:15,155] WARNING: [!] Capítulo sem número detectado: 'capitulo (385)' — pulando...
[2025-10-08 14:53:15,155] WARNING: [!] Capítulo sem número detectado: 'capitulo (384)' — pulando...
[2025-10-08 14:53:15,155] WARNING: [!] Capítulo sem número detectado: 'capitulo (383)' — pulando...
[2025-10-08 14:53:15,155] WARNING: [!] Capítulo sem número detectado: 'capitulo (382)' — pulando...
[2025-10-08 14:53:15,155] WARNING: [!] Capítulo sem número detectado: 'capitulo (381)' — pulando...
[2025-10-08 14:53:15,155] WARNING: [!] Capítulo sem número detectado: 'capitulo (380)' — pulando...
[2025-10-08 14:53:15,155] WARNING: [!] Capítulo sem número detectado: 'capitulo (379)' — pulando...
[2025-10-08 14:53:15,155] WARNING: [!] Capítulo sem número detectado: 'capitulo (378)' — pulando...
[2025-10-08 14:53:15,155] WARNING: [!] Capítulo sem número detectado: 'capitulo (377)' — pulando...
[2025-10-08 14:53:15,156] WARNING: [!] Capítulo sem número detectado: 'capitulo (376)' — pulando...
[2025-10-08 14:53:15,156] WARNING: [!] Capítulo sem número detectado: 'capitulo (375)' — pulando...
[2025-10-08 14:53:15,156] WARNING: [!] Capítulo sem número detectado: 'capitulo (374)' — pulando...
[2025-10-08 14:53:15,156] WARNING: [!] Capítulo sem número detectado: 'capitulo (373)' — pulando...
[2025-10-08 14:53:15,156] WARNING: [!] Capítulo sem número detectado: 'capitulo (372)' — pulando...
[2025-10-08 14:53:15,156] WARNING: [!] Capítulo sem número detectado: 'capitulo (371)' — pulando...
[2025-10-08 14:53:15,156] WARNING: [!] Capítulo sem número detectado: 'capitulo (370)' — pulando...
[2025-10-08 14:53:15,156] WARNING: [!] Capítulo sem número detectado: 'capitulo (369)' — pulando...
[2025-10-08 14:53:15,156] WARNING: [!] Capítulo sem número detectado: 'capitulo (368)' — pulando...
[2025-10-08 14:53:15,156] WARNING: [!] Capítulo sem número detectado: 'capitulo (367)' — pulando...
[2025-10-08 14:53:15,157] WARNING: [!] Capítulo sem número detectado: 'capitulo (366)' — pulando...
[2025-10-08 14:53:15,157] WARNING: [!] Capítulo sem número detectado: 'capitulo (365)' — pulando...
[2025-10-08 14:53:15,157] WARNING: [!] Capítulo sem número detectado: 'capitulo (364)' — pulando...
[2025-10-08 14:53:15,157] WARNING: [!] Capítulo sem número detectado: 'capitulo (363)' — pulando...
[2025-10-08 14:53:15,157] WARNING: [!] Capítulo sem número detectado: 'capitulo (362)' — pulando...
[2025-10-08 14:53:15,157] WARNING: [!] Capítulo sem número detectado: 'capitulo (361)' — pulando...
[2025-10-08 14:53:15,157] WARNING: [!] Capítulo sem número detectado: 'capitulo (360)' — pulando...
[2025-10-08 14:53:15,157] WARNING: [!] Capítulo sem número detectado: 'capitulo (359)' — pulando...
[2025-10-08 14:53:15,157] WARNING: [!] Capítulo sem número detectado: 'capitulo (358)' — pulando...
[2025-10-08 14:53:15,158] WARNING: [!] Capítulo sem número detectado: 'capitulo (357)' — pulando...
[2025-10-08 14:53:15,158] WARNING: [!] Capítulo sem número detectado: 'capitulo (356)' — pulando...
[2025-10-08 14:53:15,158] WARNING: [!] Capítulo sem número detectado: 'capitulo (355)' — pulando...
[2025-10-08 14:53:15,158] WARNING: [!] Capítulo sem número detectado: 'capitulo (354)' — pulando...
[2025-10-08 14:53:15,158] WARNING: [!] Capítulo sem número detectado: 'capitulo (353)' — pulando...
[2025-10-08 14:53:15,158] WARNING: [!] Capítulo sem número detectado: 'capitulo (352)' — pulando...
[2025-10-08 14:53:15,158] WARNING: [!] Capítulo sem número detectado: 'capitulo (351)' — pulando...
[2025-10-08 14:53:15,158] WARNING: [!] Capítulo sem número detectado: 'capitulo (350)' — pulando...
[2025-10-08 14:53:15,158] WARNING: [!] Capítulo sem número detectado: 'capitulo (349)' — pulando...
[2025-10-08 14:53:15,159] WARNING: [!] Capítulo sem número detectado: 'capitulo (348)' — pulando...
[2025-10-08 14:53:15,159] WARNING: [!] Capítulo sem número detectado: 'capitulo (347)' — pulando...
[2025-10-08 14:53:15,159] WARNING: [!] Capítulo sem número detectado: 'capitulo (346)' — pulando...
[2025-10-08 14:53:15,159] WARNING: [!] Capítulo sem número detectado: 'capitulo (345)' — pulando...
[2025-10-08 14:53:15,159] WARNING: [!] Capítulo sem número detectado: 'capitulo (344)' — pulando...
[2025-10-08 14:53:15,159] WARNING: [!] Capítulo sem número detectado: 'capitulo (343)' — pulando...
[2025-10-08 14:53:15,159] WARNING: [!] Capítulo sem número detectado: 'capitulo (342)' — pulando...
[2025-10-08 14:53:15,159] WARNING: [!] Capítulo sem número detectado: 'capitulo (341)' — pulando...
[2025-10-08 14:53:15,159] WARNING: [!] Capítulo sem número detectado: 'capitulo (340)' — pulando...
[2025-10-08 14:53:15,160] WARNING: [!] Capítulo sem número detectado: 'capitulo (339)' — pulando...
[2025-10-08 14:53:15,160] WARNING: [!] Capítulo sem número detectado: 'capitulo (338)' — pulando...
[2025-10-08 14:53:15,160] WARNING: [!] Capítulo sem número detectado: 'capitulo (337)' — pulando...
[2025-10-08 14:53:15,160] WARNING: [!] Capítulo sem número detectado: 'capitulo (336)' — pulando...
[2025-10-08 14:53:15,160] WARNING: [!] Capítulo sem número detectado: 'capitulo (314)' — pulando...
[2025-10-08 14:53:15,160] WARNING: [!] Capítulo sem número detectado: 'capitulo (313)' — pulando...
[2025-10-08 14:53:15,160] WARNING: [!] Capítulo sem número detectado: 'capitulo (312)' — pulando...
[2025-10-08 14:53:15,160] WARNING: [!] Capítulo sem número detectado: 'capitulo (311)' — pulando...
[2025-10-08 14:53:15,160] WARNING: [!] Capítulo sem número detectado: 'capitulo (310)' — pulando...
[2025-10-08 14:53:15,160] WARNING: [!] Capítulo sem número detectado: 'capitulo (309)' — pulando...
[2025-10-08 14:53:15,161] WARNING: [!] Capítulo sem número detectado: 'capitulo (308)' — pulando...
[2025-10-08 14:53:15,161] WARNING: [!] Capítulo sem número detectado: 'capitulo (307)' — pulando...
[2025-10-08 14:53:15,161] WARNING: [!] Capítulo sem número detectado: 'capitulo (306)' — pulando...
[2025-10-08 14:53:15,161] WARNING: [!] Capítulo sem número detectado: 'capitulo (305)' — pulando...
[2025-10-08 14:53:15,161] WARNING: [!] Capítulo sem número detectado: 'capitulo (304)' — pulando...
[2025-10-08 14:53:15,161] WARNING: [!] Capítulo sem número detectado: 'capitulo (303)' — pulando...
[2025-10-08 14:53:15,161] WARNING: [!] Capítulo sem número detectado: 'capitulo (302)' — pulando...
[2025-10-08 14:53:15,161] WARNING: [!] Capítulo sem número detectado: 'capitulo (301)' — pulando...
[2025-10-08 14:53:15,161] WARNING: [!] Capítulo sem número detectado: 'capitulo (300)' — pulando...
[2025-10-08 14:53:15,161] WARNING: [!] Capítulo sem número detectado: 'capitulo (299)' — pulando...
[2025-10-08 14:53:15,162] WARNING: [!] Capítulo sem número detectado: 'capitulo (298)' — pulando...
[2025-10-08 14:53:15,162] WARNING: [!] Capítulo sem número detectado: 'capitulo (297)' — pulando...
[2025-10-08 14:53:15,162] WARNING: [!] Capítulo sem número detectado: 'capitulo (296)' — pulando...
[2025-10-08 14:53:15,162] WARNING: [!] Capítulo sem número detectado: 'capitulo (295)' — pulando...
[2025-10-08 14:53:15,162] WARNING: [!] Capítulo sem número detectado: 'capitulo (294)' — pulando...
[2025-10-08 14:53:15,162] WARNING: [!] Capítulo sem número detectado: 'capitulo (293)' — pulando...
[2025-10-08 14:53:15,162] WARNING: [!] Capítulo sem número detectado: 'capitulo (292)' — pulando...
[2025-10-08 14:53:15,162] WARNING: [!] Capítulo sem número detectado: 'capitulo (291)' — pulando...
[2025-10-08 14:53:15,162] WARNING: [!] Capítulo sem número detectado: 'capitulo (290)' — pulando...
[2025-10-08 14:53:15,162] WARNING: [!] Capítulo sem número detectado: 'capitulo (289)' — pulando...
[2025-10-08 14:53:15,163] WARNING: [!] Capítulo sem número detectado: 'capitulo (288)' — pulando...
[2025-10-08 14:53:15,163] WARNING: [!] Capítulo sem número detectado: 'capitulo (287)' — pulando...
[2025-10-08 14:53:15,163] WARNING: [!] Capítulo sem número detectado: 'capitulo (286)' — pulando...
[2025-10-08 14:53:15,163] WARNING: [!] Capítulo sem número detectado: 'capitulo (285)' — pulando...
[2025-10-08 14:53:15,163] WARNING: [!] Capítulo sem número detectado: 'capitulo (284)' — pulando...
[2025-10-08 14:53:15,163] WARNING: [!] Capítulo sem número detectado: 'capitulo (283)' — pulando...
[2025-10-08 14:53:15,163] WARNING: [!] Capítulo sem número detectado: 'capitulo (282)' — pulando...
[2025-10-08 14:53:15,163] WARNING: [!] Capítulo sem número detectado: 'capitulo (281)' — pulando...
[2025-10-08 14:53:15,163] WARNING: [!] Capítulo sem número detectado: 'capitulo (280)' — pulando...
[2025-10-08 14:53:15,164] WARNING: [!] Capítulo sem número detectado: 'capitulo (279)' — pulando...
[2025-10-08 14:53:15,164] WARNING: [!] Capítulo sem número detectado: 'capitulo (278)' — pulando...
[2025-10-08 14:53:15,164] WARNING: [!] Capítulo sem número detectado: 'capitulo (277)' — pulando...
[2025-10-08 14:53:15,164] WARNING: [!] Capítulo sem número detectado: 'capitulo (276)' — pulando...
[2025-10-08 14:53:15,164] WARNING: [!] Capítulo sem número detectado: 'capitulo (275)' — pulando...
[2025-10-08 14:53:15,164] WARNING: [!] Capítulo sem número detectado: 'capitulo (274)' — pulando...
[2025-10-08 14:53:15,164] WARNING: [!] Capítulo sem número detectado: 'capitulo (273)' — pulando...
[2025-10-08 14:53:15,164] WARNING: [!] Capítulo sem número detectado: 'capitulo (272)' — pulando...
[2025-10-08 14:53:15,164] WARNING: [!] Capítulo sem número detectado: 'capitulo (271)' — pulando...
[2025-10-08 14:53:15,165] WARNING: [!] Capítulo sem número detectado: 'capitulo (270)' — pulando...
[2025-10-08 14:53:15,165] WARNING: [!] Capítulo sem número detectado: 'capitulo (269)' — pulando...
[2025-10-08 14:53:15,165] WARNING: [!] Capítulo sem número detectado: 'capitulo (268)' — pulando...
[2025-10-08 14:53:15,165] WARNING: [!] Capítulo sem número detectado: 'capitulo (267)' — pulando...
[2025-10-08 14:53:15,165] WARNING: [!] Capítulo sem número detectado: 'capitulo (266)' — pulando...
[2025-10-08 14:53:15,165] WARNING: [!] Capítulo sem número detectado: 'capitulo (265)' — pulando...
[2025-10-08 14:53:15,165] WARNING: [!] Capítulo sem número detectado: 'capitulo (264)' — pulando...
[2025-10-08 14:53:15,165] WARNING: [!] Capítulo sem número detectado: 'capitulo (263)' — pulando...
[2025-10-08 14:53:15,165] WARNING: [!] Capítulo sem número detectado: 'capitulo (262)' — pulando...
[2025-10-08 14:53:15,165] WARNING: [!] Capítulo sem número detectado: 'capitulo (261)' — pulando...
[2025-10-08 14:53:15,165] WARNING: [!] Capítulo sem número detectado: 'capitulo (260)' — pulando...
[2025-10-08 14:53:15,166] WARNING: [!] Capítulo sem número detectado: 'capitulo (259)' — pulando...
[2025-10-08 14:53:15,166] WARNING: [!] Capítulo sem número detectado: 'capitulo (258)' — pulando...
[2025-10-08 14:53:15,166] WARNING: [!] Capítulo sem número detectado: 'capitulo (257)' — pulando...
[2025-10-08 14:53:15,166] WARNING: [!] Capítulo sem número detectado: 'capitulo (256)' — pulando...
[2025-10-08 14:53:15,166] WARNING: [!] Capítulo sem número detectado: 'capitulo (255)' — pulando...
[2025-10-08 14:53:15,166] WARNING: [!] Capítulo sem número detectado: 'capitulo (254)' — pulando...
[2025-10-08 14:53:15,166] WARNING: [!] Capítulo sem número detectado: 'capitulo (253)' — pulando...
[2025-10-08 14:53:15,166] WARNING: [!] Capítulo sem número detectado: 'capitulo (252)' — pulando...
[2025-10-08 14:53:15,166] WARNING: [!] Capítulo sem número detectado: 'capitulo (251)' — pulando...
[2025-10-08 14:53:15,167] WARNING: [!] Capítulo sem número detectado: 'capitulo (250)' — pulando...
[2025-10-08 14:53:15,167] WARNING: [!] Capítulo sem número detectado: 'capitulo (249)' — pulando...
[2025-10-08 14:53:15,167] WARNING: [!] Capítulo sem número detectado: 'capitulo (248)' — pulando...
[2025-10-08 14:53:15,167] WARNING: [!] Capítulo sem número detectado: 'capitulo (247)' — pulando...
[2025-10-08 14:53:15,167] WARNING: [!] Capítulo sem número detectado: 'capitulo (246)' — pulando...
[2025-10-08 14:53:15,167] WARNING: [!] Capítulo sem número detectado: 'capitulo (245)' — pulando...
[2025-10-08 14:53:15,167] WARNING: [!] Capítulo sem número detectado: 'capitulo (244)' — pulando...
[2025-10-08 14:53:15,167] WARNING: [!] Capítulo sem número detectado: 'capitulo (243)' — pulando...
[2025-10-08 14:53:15,167] WARNING: [!] Capítulo sem número detectado: 'capitulo (242)' — pulando...
[2025-10-08 14:53:15,167] WARNING: [!] Capítulo sem número detectado: 'capitulo (241)' — pulando...
[2025-10-08 14:53:15,168] WARNING: [!] Capítulo sem número detectado: 'capitulo (240)' — pulando...
[2025-10-08 14:53:15,168] WARNING: [!] Capítulo sem número detectado: 'capitulo (239)' — pulando...
[2025-10-08 14:53:15,168] WARNING: [!] Capítulo sem número detectado: 'capitulo (238)' — pulando...
[2025-10-08 14:53:15,168] WARNING: [!] Capítulo sem número detectado: 'capitulo (237)' — pulando...
[2025-10-08 14:53:15,168] WARNING: [!] Capítulo sem número detectado: 'capitulo (236)' — pulando...
[2025-10-08 14:53:15,168] WARNING: [!] Capítulo sem número detectado: 'capitulo (235)' — pulando...
[2025-10-08 14:53:15,168] WARNING: [!] Capítulo sem número detectado: 'capitulo (234)' — pulando...
[2025-10-08 14:53:15,168] WARNING: [!] Capítulo sem número detectado: 'capitulo (233)' — pulando...
[2025-10-08 14:53:15,168] WARNING: [!] Capítulo sem número detectado: 'capitulo (232)' — pulando...
[2025-10-08 14:53:15,168] WARNING: [!] Capítulo sem número detectado: 'capitulo (231)' — pulando...
[2025-10-08 14:53:15,169] WARNING: [!] Capítulo sem número detectado: 'capitulo (230)' — pulando...
[2025-10-08 14:53:15,169] WARNING: [!] Capítulo sem número detectado: 'capitulo (229)' — pulando...
[2025-10-08 14:53:15,169] WARNING: [!] Capítulo sem número detectado: 'capitulo (228)' — pulando...
[2025-10-08 14:53:15,169] WARNING: [!] Capítulo sem número detectado: 'capitulo (227)' — pulando...
[2025-10-08 14:53:15,169] WARNING: [!] Capítulo sem número detectado: 'capitulo (226)' — pulando...
[2025-10-08 14:53:15,169] WARNING: [!] Capítulo sem número detectado: 'capitulo (225)' — pulando...
[2025-10-08 14:53:15,169] WARNING: [!] Capítulo sem número detectado: 'capitulo (224)' — pulando...
[2025-10-08 14:53:15,169] WARNING: [!] Capítulo sem número detectado: 'capitulo (223)' — pulando...
[2025-10-08 14:53:15,169] WARNING: [!] Capítulo sem número detectado: 'capitulo (222)' — pulando...
[2025-10-08 14:53:15,170] WARNING: [!] Capítulo sem número detectado: 'capitulo (221)' — pulando...
[2025-10-08 14:53:15,170] WARNING: [!] Capítulo sem número detectado: 'capitulo (220)' — pulando...
[2025-10-08 14:53:15,170] WARNING: [!] Capítulo sem número detectado: 'capitulo (219)' — pulando...
[2025-10-08 14:53:15,170] WARNING: [!] Capítulo sem número detectado: 'capitulo (218)' — pulando...
[2025-10-08 14:53:15,170] WARNING: [!] Capítulo sem número detectado: 'capitulo (217)' — pulando...
[2025-10-08 14:53:15,170] WARNING: [!] Capítulo sem número detectado: 'capitulo (216)' — pulando...
[2025-10-08 14:53:15,170] WARNING: [!] Capítulo sem número detectado: 'capitulo (215)' — pulando...
[2025-10-08 14:53:15,170] WARNING: [!] Capítulo sem número detectado: 'capitulo (214)' — pulando...
[2025-10-08 14:53:15,170] WARNING: [!] Capítulo sem número detectado: 'capitulo (213)' — pulando...
[2025-10-08 14:53:15,170] WARNING: [!] Capítulo sem número detectado: 'capitulo (212)' — pulando...
[2025-10-08 14:53:15,171] WARNING: [!] Capítulo sem número detectado: 'capitulo (211)' — pulando...
[2025-10-08 14:53:15,171] WARNING: [!] Capítulo sem número detectado: 'capitulo (210)' — pulando...
[2025-10-08 14:53:15,171] WARNING: [!] Capítulo sem número detectado: 'capitulo (209)' — pulando...
[2025-10-08 14:53:15,171] WARNING: [!] Capítulo sem número detectado: 'capitulo (208)' — pulando...
[2025-10-08 14:53:15,171] WARNING: [!] Capítulo sem número detectado: 'capitulo (207)' — pulando...
[2025-10-08 14:53:15,171] WARNING: [!] Capítulo sem número detectado: 'capitulo (206)' — pulando...
[2025-10-08 14:53:15,171] WARNING: [!] Capítulo sem número detectado: 'capitulo (205)' — pulando...
[2025-10-08 14:53:15,171] WARNING: [!] Capítulo sem número detectado: 'capitulo (204)' — pulando...
[2025-10-08 14:53:15,171] WARNING: [!] Capítulo sem número detectado: 'capitulo (203)' — pulando...
[2025-10-08 14:53:15,171] WARNING: [!] Capítulo sem número detectado: 'capitulo (202)' — pulando...
[2025-10-08 14:53:15,172] WARNING: [!] Capítulo sem número detectado: 'capitulo (201)' — pulando...
[2025-10-08 14:53:15,172] WARNING: [!] Capítulo sem número detectado: 'capitulo (200)' — pulando...
[2025-10-08 14:53:15,172] WARNING: [!] Capítulo sem número detectado: 'capitulo (199)' — pulando...
[2025-10-08 14:53:15,172] WARNING: [!] Capítulo sem número detectado: 'capitulo (198)' — pulando...
[2025-10-08 14:53:15,172] WARNING: [!] Capítulo sem número detectado: 'capitulo (197)' — pulando...
[2025-10-08 14:53:15,172] WARNING: [!] Capítulo sem número detectado: 'capitulo (196)' — pulando...
[2025-10-08 14:53:15,172] WARNING: [!] Capítulo sem número detectado: 'capitulo (195)' — pulando...
[2025-10-08 14:53:15,172] WARNING: [!] Capítulo sem número detectado: 'capitulo (194)' — pulando...
[2025-10-08 14:53:15,172] WARNING: [!] Capítulo sem número detectado: 'capitulo (193)' — pulando...
[2025-10-08 14:53:15,172] WARNING: [!] Capítulo sem número detectado: 'capitulo (192)' — pulando...
[2025-10-08 14:53:15,173] WARNING: [!] Capítulo sem número detectado: 'capitulo (191)' — pulando...
[2025-10-08 14:53:15,173] WARNING: [!] Capítulo sem número detectado: 'capitulo (190)' — pulando...
[2025-10-08 14:53:15,173] WARNING: [!] Capítulo sem número detectado: 'capitulo (189)' — pulando...
[2025-10-08 14:53:15,173] WARNING: [!] Capítulo sem número detectado: 'capitulo (188)' — pulando...
[2025-10-08 14:53:15,173] WARNING: [!] Capítulo sem número detectado: 'capitulo (187)' — pulando...
[2025-10-08 14:53:15,173] WARNING: [!] Capítulo sem número detectado: 'capitulo (186)' — pulando...
[2025-10-08 14:53:15,173] WARNING: [!] Capítulo sem número detectado: 'capitulo (185)' — pulando...
[2025-10-08 14:53:15,173] WARNING: [!] Capítulo sem número detectado: 'capitulo (184)' — pulando...
[2025-10-08 14:53:15,173] WARNING: [!] Capítulo sem número detectado: 'capitulo (183)' — pulando...
[2025-10-08 14:53:15,174] WARNING: [!] Capítulo sem número detectado: 'capitulo (182)' — pulando...
[2025-10-08 14:53:15,174] WARNING: [!] Capítulo sem número detectado: 'capitulo (181)' — pulando...
[2025-10-08 14:53:15,174] WARNING: [!] Capítulo sem número detectado: 'capitulo (180)' — pulando...
[2025-10-08 14:53:15,174] WARNING: [!] Capítulo sem número detectado: 'capitulo (179)' — pulando...
[2025-10-08 14:53:15,174] WARNING: [!] Capítulo sem número detectado: 'capitulo (178)' — pulando...
[2025-10-08 14:53:15,174] WARNING: [!] Capítulo sem número detectado: 'capitulo (177)' — pulando...
[2025-10-08 14:53:15,174] WARNING: [!] Capítulo sem número detectado: 'capitulo (176)' — pulando...
[2025-10-08 14:53:15,174] WARNING: [!] Capítulo sem número detectado: 'capitulo (175)' — pulando...
[2025-10-08 14:53:15,175] WARNING: [!] Capítulo sem número detectado: 'capitulo (174)' — pulando...
[2025-10-08 14:53:15,175] WARNING: [!] Capítulo sem número detectado: 'capitulo (173)' — pulando...
[2025-10-08 14:53:15,175] WARNING: [!] Capítulo sem número detectado: 'capitulo (172)' — pulando...
[2025-10-08 14:53:15,175] WARNING: [!] Capítulo sem número detectado: 'capitulo (171)' — pulando...
[2025-10-08 14:53:15,175] WARNING: [!] Capítulo sem número detectado: 'capitulo (170)' — pulando...
[2025-10-08 14:53:15,175] WARNING: [!] Capítulo sem número detectado: 'capitulo (169)' — pulando...
[2025-10-08 14:53:15,175] WARNING: [!] Capítulo sem número detectado: 'capitulo (168)' — pulando...
[2025-10-08 14:53:15,175] WARNING: [!] Capítulo sem número detectado: 'capitulo (167)' — pulando...
[2025-10-08 14:53:15,175] WARNING: [!] Capítulo sem número detectado: 'capitulo (166)' — pulando...
[2025-10-08 14:53:15,175] WARNING: [!] Capítulo sem número detectado: 'capitulo (165)' — pulando...
[2025-10-08 14:53:15,176] WARNING: [!] Capítulo sem número detectado: 'capitulo (164)' — pulando...
[2025-10-08 14:53:15,176] WARNING: [!] Capítulo sem número detectado: 'capitulo (163)' — pulando...
[2025-10-08 14:53:15,176] WARNING: [!] Capítulo sem número detectado: 'capitulo (162)' — pulando...
[2025-10-08 14:53:15,176] WARNING: [!] Capítulo sem número detectado: 'capitulo (161)' — pulando...
[2025-10-08 14:53:15,176] WARNING: [!] Capítulo sem número detectado: 'capitulo (160)' — pulando...
[2025-10-08 14:53:15,176] WARNING: [!] Capítulo sem número detectado: 'capitulo (159)' — pulando...
[2025-10-08 14:53:15,176] WARNING: [!] Capítulo sem número detectado: 'capitulo (158)' — pulando...
[2025-10-08 14:53:15,176] WARNING: [!] Capítulo sem número detectado: 'capitulo (157)' — pulando...
[2025-10-08 14:53:15,176] WARNING: [!] Capítulo sem número detectado: 'capitulo (156)' — pulando...
[2025-10-08 14:53:15,177] WARNING: [!] Capítulo sem número detectado: 'capitulo (155)' — pulando...
[2025-10-08 14:53:15,177] WARNING: [!] Capítulo sem número detectado: 'capitulo (154)' — pulando...
[2025-10-08 14:53:15,177] WARNING: [!] Capítulo sem número detectado: 'capitulo (153)' — pulando...
[2025-10-08 14:53:15,177] WARNING: [!] Capítulo sem número detectado: 'capitulo (152)' — pulando...
[2025-10-08 14:53:15,177] WARNING: [!] Capítulo sem número detectado: 'capitulo (151)' — pulando...
[2025-10-08 14:53:15,177] WARNING: [!] Capítulo sem número detectado: 'capitulo (150)' — pulando...
[2025-10-08 14:53:15,177] WARNING: [!] Capítulo sem número detectado: 'capitulo (149)' — pulando...
[2025-10-08 14:53:15,177] WARNING: [!] Capítulo sem número detectado: 'capitulo (148)' — pulando...
[2025-10-08 14:53:15,177] WARNING: [!] Capítulo sem número detectado: 'capitulo (147)' — pulando...
[2025-10-08 14:53:15,177] WARNING: [!] Capítulo sem número detectado: 'capitulo (146)' — pulando...
[2025-10-08 14:53:15,178] WARNING: [!] Capítulo sem número detectado: 'capitulo (145)' — pulando...
[2025-10-08 14:53:15,178] WARNING: [!] Capítulo sem número detectado: 'capitulo (144)' — pulando...
[2025-10-08 14:53:15,178] WARNING: [!] Capítulo sem número detectado: 'capitulo (143)' — pulando...
[2025-10-08 14:53:15,178] WARNING: [!] Capítulo sem número detectado: 'capitulo (142)' — pulando...
[2025-10-08 14:53:15,178] WARNING: [!] Capítulo sem número detectado: 'capitulo (141)' — pulando...
[2025-10-08 14:53:15,178] WARNING: [!] Capítulo sem número detectado: 'capitulo (140)' — pulando...
[2025-10-08 14:53:15,178] WARNING: [!] Capítulo sem número detectado: 'capitulo (139)' — pulando...
[2025-10-08 14:53:15,178] WARNING: [!] Capítulo sem número detectado: 'capitulo (138)' — pulando...
[2025-10-08 14:53:15,178] WARNING: [!] Capítulo sem número detectado: 'capitulo (137)' — pulando...
[2025-10-08 14:53:15,179] WARNING: [!] Capítulo sem número detectado: 'capitulo (136)' — pulando...
[2025-10-08 14:53:15,179] WARNING: [!] Capítulo sem número detectado: 'capitulo (135)' — pulando...
[2025-10-08 14:53:15,179] WARNING: [!] Capítulo sem número detectado: 'capitulo (134)' — pulando...
[2025-10-08 14:53:15,179] WARNING: [!] Capítulo sem número detectado: 'capitulo (133)' — pulando...
[2025-10-08 14:53:15,179] WARNING: [!] Capítulo sem número detectado: 'capitulo (132)' — pulando...
[2025-10-08 14:53:15,179] WARNING: [!] Capítulo sem número detectado: 'capitulo (131)' — pulando...
[2025-10-08 14:53:15,179] WARNING: [!] Capítulo sem número detectado: 'capitulo (130)' — pulando...
[2025-10-08 14:53:15,179] WARNING: [!] Capítulo sem número detectado: 'capitulo (129)' — pulando...
[2025-10-08 14:53:15,179] WARNING: [!] Capítulo sem número detectado: 'capitulo (128)' — pulando...
[2025-10-08 14:53:15,180] WARNING: [!] Capítulo sem número detectado: 'capitulo (127)' — pulando...
[2025-10-08 14:53:15,180] WARNING: [!] Capítulo sem número detectado: 'capitulo (126)' — pulando...
[2025-10-08 14:53:15,180] WARNING: [!] Capítulo sem número detectado: 'capitulo (125)' — pulando...
[2025-10-08 14:53:15,180] WARNING: [!] Capítulo sem número detectado: 'capitulo (124)' — pulando...
[2025-10-08 14:53:15,180] WARNING: [!] Capítulo sem número detectado: 'capitulo (123)' — pulando...
[2025-10-08 14:53:15,180] WARNING: [!] Capítulo sem número detectado: 'capitulo (122)' — pulando...
[2025-10-08 14:53:15,180] WARNING: [!] Capítulo sem número detectado: 'capitulo (121)' — pulando...
[2025-10-08 14:53:15,180] WARNING: [!] Capítulo sem número detectado: 'capitulo (120)' — pulando...
[2025-10-08 14:53:15,180] WARNING: [!] Capítulo sem número detectado: 'capitulo (119)' — pulando...
[2025-10-08 14:53:15,180] WARNING: [!] Capítulo sem número detectado: 'capitulo (118)' — pulando...
[2025-10-08 14:53:15,181] WARNING: [!] Capítulo sem número detectado: 'capitulo (117)' — pulando...
[2025-10-08 14:53:15,181] WARNING: [!] Capítulo sem número detectado: 'capitulo (116)' — pulando...
[2025-10-08 14:53:15,181] WARNING: [!] Capítulo sem número detectado: 'capitulo (115)' — pulando...
[2025-10-08 14:53:15,181] WARNING: [!] Capítulo sem número detectado: 'capitulo (114)' — pulando...
[2025-10-08 14:53:15,181] WARNING: [!] Capítulo sem número detectado: 'capitulo (113)' — pulando...
[2025-10-08 14:53:15,181] WARNING: [!] Capítulo sem número detectado: 'capitulo (112)' — pulando...
[2025-10-08 14:53:15,181] WARNING: [!] Capítulo sem número detectado: 'capitulo (111)' — pulando...
[2025-10-08 14:53:15,181] WARNING: [!] Capítulo sem número detectado: 'capitulo (110)' — pulando...
[2025-10-08 14:53:15,181] WARNING: [!] Capítulo sem número detectado: 'capitulo (109)' — pulando...
[2025-10-08 14:53:15,182] WARNING: [!] Capítulo sem número detectado: 'capitulo (108)' — pulando...
[2025-10-08 14:53:15,182] WARNING: [!] Capítulo sem número detectado: 'capitulo (107)' — pulando...
[2025-10-08 14:53:15,182] WARNING: [!] Capítulo sem número detectado: 'capitulo (106)' — pulando...
[2025-10-08 14:53:15,182] WARNING: [!] Capítulo sem número detectado: 'capitulo (105)' — pulando...
[2025-10-08 14:53:15,182] WARNING: [!] Capítulo sem número detectado: 'capitulo (104)' — pulando...
[2025-10-08 14:53:15,182] WARNING: [!] Capítulo sem número detectado: 'capitulo (103)' — pulando...
[2025-10-08 14:53:15,182] WARNING: [!] Capítulo sem número detectado: 'capitulo (102)' — pulando...
[2025-10-08 14:53:15,182] WARNING: [!] Capítulo sem número detectado: 'capitulo (101)' — pulando...
[2025-10-08 14:53:15,182] WARNING: [!] Capítulo sem número detectado: 'capitulo (100)' — pulando...
[2025-10-08 14:53:15,182] WARNING: [!] Capítulo sem número detectado: 'capitulo (99)' — pulando...
[2025-10-08 14:53:15,183] WARNING: [!] Capítulo sem número detectado: 'capitulo (98)' — pulando...
[2025-10-08 14:53:15,183] WARNING: [!] Capítulo sem número detectado: 'capitulo (97)' — pulando...
[2025-10-08 14:53:15,183] WARNING: [!] Capítulo sem número detectado: 'capitulo (96)' — pulando...
[2025-10-08 14:53:15,183] WARNING: [!] Capítulo sem número detectado: 'capitulo (95)' — pulando...
[2025-10-08 14:53:15,183] WARNING: [!] Capítulo sem número detectado: 'capitulo (94)' — pulando...
[2025-10-08 14:53:15,183] WARNING: [!] Capítulo sem número detectado: 'capitulo (93)' — pulando...
[2025-10-08 14:53:15,183] WARNING: [!] Capítulo sem número detectado: 'capitulo (92)' — pulando...
[2025-10-08 14:53:15,183] WARNING: [!] Capítulo sem número detectado: 'capitulo (91)' — pulando...
[2025-10-08 14:53:15,183] WARNING: [!] Capítulo sem número detectado: 'capitulo (90)' — pulando...
[2025-10-08 14:53:15,183] WARNING: [!] Capítulo sem número detectado: 'capitulo (89)' — pulando...
[2025-10-08 14:53:15,184] WARNING: [!] Capítulo sem número detectado: 'capitulo (88)' — pulando...
[2025-10-08 14:53:15,184] WARNING: [!] Capítulo sem número detectado: 'capitulo (87)' — pulando...
[2025-10-08 14:53:15,184] WARNING: [!] Capítulo sem número detectado: 'capitulo (86)' — pulando...
[2025-10-08 14:53:15,184] WARNING: [!] Capítulo sem número detectado: 'capitulo (85)' — pulando...
[2025-10-08 14:53:15,184] WARNING: [!] Capítulo sem número detectado: 'capitulo (84)' — pulando...
[2025-10-08 14:53:15,184] WARNING: [!] Capítulo sem número detectado: 'capitulo (83)' — pulando...
[2025-10-08 14:53:15,184] WARNING: [!] Capítulo sem número detectado: 'capitulo (82)' — pulando...
[2025-10-08 14:53:15,184] WARNING: [!] Capítulo sem número detectado: 'capitulo (81)' — pulando...
[2025-10-08 14:53:15,184] WARNING: [!] Capítulo sem número detectado: 'capitulo (80)' — pulando...
[2025-10-08 14:53:15,185] WARNING: [!] Capítulo sem número detectado: 'capitulo (79)' — pulando...
[2025-10-08 14:53:15,185] WARNING: [!] Capítulo sem número detectado: 'capitulo (78)' — pulando...
[2025-10-08 14:53:15,185] WARNING: [!] Capítulo sem número detectado: 'capitulo (77)' — pulando...
[2025-10-08 14:53:15,185] WARNING: [!] Capítulo sem número detectado: 'capitulo (76)' — pulando...
[2025-10-08 14:53:15,185] WARNING: [!] Capítulo sem número detectado: 'capitulo (75)' — pulando...
[2025-10-08 14:53:15,185] WARNING: [!] Capítulo sem número detectado: 'capitulo (74)' — pulando...
[2025-10-08 14:53:15,185] WARNING: [!] Capítulo sem número detectado: 'capitulo (73)' — pulando...
[2025-10-08 14:53:15,185] WARNING: [!] Capítulo sem número detectado: 'capitulo (72)' — pulando...
[2025-10-08 14:53:15,185] WARNING: [!] Capítulo sem número detectado: 'capitulo (71)' — pulando...
[2025-10-08 14:53:15,185] WARNING: [!] Capítulo sem número detectado: 'capitulo (70)' — pulando...
[2025-10-08 14:53:15,186] WARNING: [!] Capítulo sem número detectado: 'capitulo (69)' — pulando...
[2025-10-08 14:53:15,186] WARNING: [!] Capítulo sem número detectado: 'capitulo (68)' — pulando...
[2025-10-08 14:53:15,186] WARNING: [!] Capítulo sem número detectado: 'capitulo (67)' — pulando...
[2025-10-08 14:53:15,186] WARNING: [!] Capítulo sem número detectado: 'capitulo (66)' — pulando...
[2025-10-08 14:53:15,186] WARNING: [!] Capítulo sem número detectado: 'capitulo (65)' — pulando...
[2025-10-08 14:53:15,186] WARNING: [!] Capítulo sem número detectado: 'capitulo (64)' — pulando...
[2025-10-08 14:53:15,186] WARNING: [!] Capítulo sem número detectado: 'capitulo (63)' — pulando...
[2025-10-08 14:53:15,186] WARNING: [!] Capítulo sem número detectado: 'capitulo (62)' — pulando...
[2025-10-08 14:53:15,186] WARNING: [!] Capítulo sem número detectado: 'capitulo (61)' — pulando...
[2025-10-08 14:53:15,186] WARNING: [!] Capítulo sem número detectado: 'capitulo (60)' — pulando...
[2025-10-08 14:53:15,187] WARNING: [!] Capítulo sem número detectado: 'capitulo (59)' — pulando...
[2025-10-08 14:53:15,187] WARNING: [!] Capítulo sem número detectado: 'capitulo (58)' — pulando...
[2025-10-08 14:53:15,187] WARNING: [!] Capítulo sem número detectado: 'capitulo (57)' — pulando...
[2025-10-08 14:53:15,187] WARNING: [!] Capítulo sem número detectado: 'capitulo (56)' — pulando...
[2025-10-08 14:53:15,187] WARNING: [!] Capítulo sem número detectado: 'capitulo (55)' — pulando...
[2025-10-08 14:53:15,187] WARNING: [!] Capítulo sem número detectado: 'capitulo (54)' — pulando...
[2025-10-08 14:53:15,187] WARNING: [!] Capítulo sem número detectado: 'capitulo (53)' — pulando...
[2025-10-08 14:53:15,187] WARNING: [!] Capítulo sem número detectado: 'capitulo (52)' — pulando...
[2025-10-08 14:53:15,187] WARNING: [!] Capítulo sem número detectado: 'capitulo (51)' — pulando...
[2025-10-08 14:53:15,187] WARNING: [!] Capítulo sem número detectado: 'capitulo (50)' — pulando...
[2025-10-08 14:53:15,188] WARNING: [!] Capítulo sem número detectado: 'capitulo (49)' — pulando...
[2025-10-08 14:53:15,188] WARNING: [!] Capítulo sem número detectado: 'capitulo (48)' — pulando...
[2025-10-08 14:53:15,188] WARNING: [!] Capítulo sem número detectado: 'capitulo (47)' — pulando...
[2025-10-08 14:53:15,188] WARNING: [!] Capítulo sem número detectado: 'capitulo (46)' — pulando...
[2025-10-08 14:53:15,188] WARNING: [!] Capítulo sem número detectado: 'capitulo (45)' — pulando...
[2025-10-08 14:53:15,188] WARNING: [!] Capítulo sem número detectado: 'capitulo (44)' — pulando...
[2025-10-08 14:53:15,188] WARNING: [!] Capítulo sem número detectado: 'capitulo (43)' — pulando...
[2025-10-08 14:53:15,188] WARNING: [!] Capítulo sem número detectado: 'capitulo (42)' — pulando...
[2025-10-08 14:53:15,188] WARNING: [!] Capítulo sem número detectado: 'capitulo (41)' — pulando...
[2025-10-08 14:53:15,189] WARNING: [!] Capítulo sem número detectado: 'capitulo (40)' — pulando...
[2025-10-08 14:53:15,189] WARNING: [!] Capítulo sem número detectado: 'capitulo (39)' — pulando...
[2025-10-08 14:53:15,189] WARNING: [!] Capítulo sem número detectado: 'capitulo (38)' — pulando...
[2025-10-08 14:53:15,189] WARNING: [!] Capítulo sem número detectado: 'capitulo (37)' — pulando...
[2025-10-08 14:53:15,189] WARNING: [!] Capítulo sem número detectado: 'capitulo (36)' — pulando...
[2025-10-08 14:53:15,189] WARNING: [!] Capítulo sem número detectado: 'capitulo (35)' — pulando...
[2025-10-08 14:53:15,189] WARNING: [!] Capítulo sem número detectado: 'capitulo (34)' — pulando...
[2025-10-08 14:53:15,189] WARNING: [!] Capítulo sem número detectado: 'capitulo (33)' — pulando...
[2025-10-08 14:53:15,189] WARNING: [!] Capítulo sem número detectado: 'capitulo (32)' — pulando...
[2025-10-08 14:53:15,190] WARNING: [!] Capítulo sem número detectado: 'capitulo (31)' — pulando...
[2025-10-08 14:53:15,190] WARNING: [!] Capítulo sem número detectado: 'capitulo (30)' — pulando...
[2025-10-08 14:53:15,190] WARNING: [!] Capítulo sem número detectado: 'capitulo (29)' — pulando...
[2025-10-08 14:53:15,190] WARNING: [!] Capítulo sem número detectado: 'capitulo (28)' — pulando...
[2025-10-08 14:53:15,190] WARNING: [!] Capítulo sem número detectado: 'capitulo (27)' — pulando...
[2025-10-08 14:53:15,190] WARNING: [!] Capítulo sem número detectado: 'capitulo (26)' — pulando...
[2025-10-08 14:53:15,190] WARNING: [!] Capítulo sem número detectado: 'capitulo (25)' — pulando...
[2025-10-08 14:53:15,190] WARNING: [!] Capítulo sem número detectado: 'capitulo (24)' — pulando...
[2025-10-08 14:53:15,190] WARNING: [!] Capítulo sem número detectado: 'capitulo (23)' — pulando...
[2025-10-08 14:53:15,191] WARNING: [!] Capítulo sem número detectado: 'capitulo (22)' — pulando...
[2025-10-08 14:53:15,191] WARNING: [!] Capítulo sem número detectado: 'capitulo (21)' — pulando...
[2025-10-08 14:53:15,191] WARNING: [!] Capítulo sem número detectado: 'capitulo (20)' — pulando...
[2025-10-08 14:53:15,191] WARNING: [!] Capítulo sem número detectado: 'capitulo (19)' — pulando...
[2025-10-08 14:53:15,191] WARNING: [!] Capítulo sem número detectado: 'capitulo (18)' — pulando...
[2025-10-08 14:53:15,191] WARNING: [!] Capítulo sem número detectado: 'capitulo (17)' — pulando...
[2025-10-08 14:53:15,191] WARNING: [!] Capítulo sem número detectado: 'capitulo (16)' — pulando...
[2025-10-08 14:53:15,191] WARNING: [!] Capítulo sem número detectado: 'capitulo (15)' — pulando...
[2025-10-08 14:53:15,191] WARNING: [!] Capítulo sem número detectado: 'capitulo (14)' — pulando...
[2025-10-08 14:53:15,191] WARNING: [!] Capítulo sem número detectado: 'capitulo (13)' — pulando...
[2025-10-08 14:53:15,192] WARNING: [!] Capítulo sem número detectado: 'capitulo (12)' — pulando...
[2025-10-08 14:53:15,192] WARNING: [!] Capítulo sem número detectado: 'capitulo (11)' — pulando...
[2025-10-08 14:53:15,192] WARNING: [!] Capítulo sem número detectado: 'capitulo (10)' — pulando...
[2025-10-08 14:53:15,192] WARNING: [!] Capítulo sem número detectado: 'capitulo (9)' — pulando...
[2025-10-08 14:53:15,192] WARNING: [!] Capítulo sem número detectado: 'capitulo (8)' — pulando...
[2025-10-08 14:53:15,192] WARNING: [!] Capítulo sem número detectado: 'capitulo (7)' — pulando...
[2025-10-08 14:53:15,192] WARNING: [!] Capítulo sem número detectado: 'capitulo (6)' — pulando...
[2025-10-08 14:53:15,192] WARNING: [!] Capítulo sem número detectado: 'capitulo (5)' — pulando...
[2025-10-08 14:53:15,192] WARNING: [!] Capítulo sem número detectado: 'capitulo (4)' — pulando...
[2025-10-08 14:53:15,192] WARNING: [!] Capítulo sem número detectado: 'capitulo (3)' — pulando...
[2025-10-08 14:53:15,193] WARNING: [!] Capítulo sem número detectado: 'capitulo (2)' — pulando...
[2025-10-08 14:53:15,193] WARNING: [!] Capítulo sem número detectado: 'capitulo (1)' — pulando...
[2025-10-08 14:53:15,195] INFO: [*] Total de capítulos extraídos: 198
[2025-10-08 14:53:15,195] INFO: [*] Mangá 'Magic Emperor' sincronizado com sucesso.
[2025-10-08 14:53:15,257] INFO: [*] Buscando capítulos pela url: https://mangaonline.blog/manga/the-regressed-mercenarys-machinations/
[2025-10-08 14:53:15,339] INFO: [*] Capítulos encontrados: 59
[2025-10-08 14:53:15,342] INFO: [*] Total de capítulos extraídos: 59
[2025-10-08 14:53:15,342] INFO: [*] Mangá 'The Regressed Mercenary’s Machinations' sincronizado com sucesso.
[2025-10-08 14:53:15,360] INFO: [*] Buscando capítulos pela url: https://mangaonline.blog/manga/the-reborn-young-lord-is-an-assassin/
[2025-10-08 14:53:15,455] INFO: [*] Capítulos encontrados: 94
[2025-10-08 14:53:15,459] INFO: [*] Total de capítulos extraídos: 94
[2025-10-08 14:53:15,459] INFO: [!] Capítulo 1 já existente em 'The Reborn Young Lord Is an Assassin'.
[2025-10-08 14:53:15,460] INFO: [!] Capítulo 2 já existente em 'The Reborn Young Lord Is an Assassin'.
[2025-10-08 14:53:15,460] INFO: [!] Capítulo 3 já existente em 'The Reborn Young Lord Is an Assassin'.
[2025-10-08 14:53:15,460] INFO: [!] Capítulo 4 já existente em 'The Reborn Young Lord Is an Assassin'.
[2025-10-08 14:53:15,460] INFO: [!] Capítulo 5 já existente em 'The Reborn Young Lord Is an Assassin'.
[2025-10-08 14:53:15,460] INFO: [!] Capítulo 6 já existente em 'The Reborn Young Lord Is an Assassin'.
[2025-10-08 14:53:15,460] INFO: [!] Capítulo 7 já existente em 'The Reborn Young Lord Is an Assassin'.
[2025-10-08 14:53:15,460] INFO: [!] Capítulo 8 já existente em 'The Reborn Young Lord Is an Assassin'.
[2025-10-08 14:53:15,460] INFO: [!] Capítulo 9 já existente em 'The Reborn Young Lord Is an Assassin'.
[2025-10-08 14:53:15,460] INFO: [!] Capítulo 10 já existente em 'The Reborn Young Lord Is an Assassin'.
[2025-10-08 14:53:15,460] INFO: [!] Capítulo 11 já existente em 'The Reborn Young Lord Is an Assassin'.
[2025-10-08 14:53:15,460] INFO: [!] Capítulo 12 já existente em 'The Reborn Young Lord Is an Assassin'.
[2025-10-08 14:53:15,460] INFO: [!] Capítulo 13 já existente em 'The Reborn Young Lord Is an Assassin'.
[2025-10-08 14:53:15,460] INFO: [!] Capítulo 14 já existente em 'The Reborn Young Lord Is an Assassin'.
[2025-10-08 14:53:15,460] INFO: [!] Capítulo 15 já existente em 'The Reborn Young Lord Is an Assassin'.
[2025-10-08 14:53:15,460] INFO: [!] Capítulo 16 já existente em 'The Reborn Young Lord Is an Assassin'.
[2025-10-08 14:53:15,460] INFO: [!] Capítulo 17 já existente em 'The Reborn Young Lord Is an Assassin'.
[2025-10-08 14:53:15,460] INFO: [!] Capítulo 18 já existente em 'The Reborn Young Lord Is an Assassin'.
[2025-10-08 14:53:15,460] INFO: [!] Capítulo 19 já existente em 'The Reborn Young Lord Is an Assassin'.
[2025-10-08 14:53:15,461] INFO: [!] Capítulo 20 já existente em 'The Reborn Young Lord Is an Assassin'.
[2025-10-08 14:53:15,461] INFO: [!] Capítulo 21 já existente em 'The Reborn Young Lord Is an Assassin'.
[2025-10-08 14:53:15,461] INFO: [!] Capítulo 22 já existente em 'The Reborn Young Lord Is an Assassin'.
[2025-10-08 14:53:15,461] INFO: [!] Capítulo 23 já existente em 'The Reborn Young Lord Is an Assassin'.
[2025-10-08 14:53:15,461] INFO: [!] Capítulo 24 já existente em 'The Reborn Young Lord Is an Assassin'.
[2025-10-08 14:53:15,461] INFO: [!] Capítulo 25 já existente em 'The Reborn Young Lord Is an Assassin'.
[2025-10-08 14:53:15,461] INFO: [!] Capítulo 26 já existente em 'The Reborn Young Lord Is an Assassin'.
[2025-10-08 14:53:15,461] INFO: [!] Capítulo 27 já existente em 'The Reborn Young Lord Is an Assassin'.
[2025-10-08 14:53:15,461] INFO: [!] Capítulo 28 já existente em 'The Reborn Young Lord Is an Assassin'.
[2025-10-08 14:53:15,461] INFO: [!] Capítulo 29 já existente em 'The Reborn Young Lord Is an Assassin'.
[2025-10-08 14:53:15,461] INFO: [!] Capítulo 30 já existente em 'The Reborn Young Lord Is an Assassin'.
[2025-10-08 14:53:15,461] INFO: [!] Capítulo 31 já existente em 'The Reborn Young Lord Is an Assassin'.
[2025-10-08 14:53:15,461] INFO: [!] Capítulo 32 já existente em 'The Reborn Young Lord Is an Assassin'.
[2025-10-08 14:53:15,461] INFO: [!] Capítulo 33 já existente em 'The Reborn Young Lord Is an Assassin'.
[2025-10-08 14:53:15,461] INFO: [!] Capítulo 34 já existente em 'The Reborn Young Lord Is an Assassin'.
[2025-10-08 14:53:15,461] INFO: [!] Capítulo 35 já existente em 'The Reborn Young Lord Is an Assassin'.
[2025-10-08 14:53:15,461] INFO: [!] Capítulo 36 já existente em 'The Reborn Young Lord Is an Assassin'.
[2025-10-08 14:53:15,461] INFO: [!] Capítulo 37 já existente em 'The Reborn Young Lord Is an Assassin'.
[2025-10-08 14:53:15,461] INFO: [!] Capítulo 38 já existente em 'The Reborn Young Lord Is an Assassin'.
[2025-10-08 14:53:15,461] INFO: [!] Capítulo 39 já existente em 'The Reborn Young Lord Is an Assassin'.
[2025-10-08 14:53:15,462] INFO: [!] Capítulo 40 já existente em 'The Reborn Young Lord Is an Assassin'.
[2025-10-08 14:53:15,462] INFO: [!] Capítulo 41 já existente em 'The Reborn Young Lord Is an Assassin'.
[2025-10-08 14:53:15,462] INFO: [!] Capítulo 42 já existente em 'The Reborn Young Lord Is an Assassin'.
[2025-10-08 14:53:15,462] INFO: [!] Capítulo 43 já existente em 'The Reborn Young Lord Is an Assassin'.
[2025-10-08 14:53:15,462] INFO: [!] Capítulo 44 já existente em 'The Reborn Young Lord Is an Assassin'.
[2025-10-08 14:53:15,462] INFO: [!] Capítulo 45 já existente em 'The Reborn Young Lord Is an Assassin'.
[2025-10-08 14:53:15,462] INFO: [!] Capítulo 46 já existente em 'The Reborn Young Lord Is an Assassin'.
[2025-10-08 14:53:15,462] INFO: [!] Capítulo 47 já existente em 'The Reborn Young Lord Is an Assassin'.
[2025-10-08 14:53:15,462] INFO: [!] Capítulo 48 já existente em 'The Reborn Young Lord Is an Assassin'.
[2025-10-08 14:53:15,462] INFO: [!] Capítulo 49 já existente em 'The Reborn Young Lord Is an Assassin'.
[2025-10-08 14:53:15,462] INFO: [!] Capítulo 50 já existente em 'The Reborn Young Lord Is an Assassin'.
[2025-10-08 14:53:15,462] INFO: [!] Capítulo 51 já existente em 'The Reborn Young Lord Is an Assassin'.
[2025-10-08 14:53:15,462] INFO: [!] Capítulo 52 já existente em 'The Reborn Young Lord Is an Assassin'.
[2025-10-08 14:53:15,462] INFO: [!] Capítulo 53 já existente em 'The Reborn Young Lord Is an Assassin'.
[2025-10-08 14:53:15,462] INFO: [!] Capítulo 54 já existente em 'The Reborn Young Lord Is an Assassin'.
[2025-10-08 14:53:15,462] INFO: [!] Capítulo 55 já existente em 'The Reborn Young Lord Is an Assassin'.
[2025-10-08 14:53:15,462] INFO: [!] Capítulo 56 já existente em 'The Reborn Young Lord Is an Assassin'.
[2025-10-08 14:53:15,462] INFO: [!] Capítulo 57 já existente em 'The Reborn Young Lord Is an Assassin'.
[2025-10-08 14:53:15,462] INFO: [!] Capítulo 58 já existente em 'The Reborn Young Lord Is an Assassin'.
[2025-10-08 14:53:15,462] INFO: [!] Capítulo 59 já existente em 'The Reborn Young Lord Is an Assassin'.
[2025-10-08 14:53:15,463] INFO: [!] Capítulo 60 já existente em 'The Reborn Young Lord Is an Assassin'.
[2025-10-08 14:53:15,463] INFO: [!] Capítulo 61 já existente em 'The Reborn Young Lord Is an Assassin'.
[2025-10-08 14:53:15,463] INFO: [!] Capítulo 62 já existente em 'The Reborn Young Lord Is an Assassin'.
[2025-10-08 14:53:15,463] INFO: [!] Capítulo 63 já existente em 'The Reborn Young Lord Is an Assassin'.
[2025-10-08 14:53:15,463] INFO: [!] Capítulo 64 já existente em 'The Reborn Young Lord Is an Assassin'.
[2025-10-08 14:53:15,463] INFO: [!] Capítulo 65 já existente em 'The Reborn Young Lord Is an Assassin'.
[2025-10-08 14:53:15,463] INFO: [!] Capítulo 66 já existente em 'The Reborn Young Lord Is an Assassin'.
[2025-10-08 14:53:15,463] INFO: [!] Capítulo 67 já existente em 'The Reborn Young Lord Is an Assassin'.
[2025-10-08 14:53:15,463] INFO: [!] Capítulo 69 já existente em 'The Reborn Young Lord Is an Assassin'.
[2025-10-08 14:53:15,463] INFO: [!] Capítulo 70 já existente em 'The Reborn Young Lord Is an Assassin'.
[2025-10-08 14:53:15,463] INFO: [!] Capítulo 71 já existente em 'The Reborn Young Lord Is an Assassin'.
[2025-10-08 14:53:15,463] INFO: [!] Capítulo 72 já existente em 'The Reborn Young Lord Is an Assassin'.
[2025-10-08 14:53:15,463] INFO: [!] Capítulo 73 já existente em 'The Reborn Young Lord Is an Assassin'.
[2025-10-08 14:53:15,463] INFO: [!] Capítulo 74 já existente em 'The Reborn Young Lord Is an Assassin'.
[2025-10-08 14:53:15,463] INFO: [!] Capítulo 75 já existente em 'The Reborn Young Lord Is an Assassin'.
[2025-10-08 14:53:15,463] INFO: [!] Capítulo 76 já existente em 'The Reborn Young Lord Is an Assassin'.
[2025-10-08 14:53:15,463] INFO: [!] Capítulo 77 já existente em 'The Reborn Young Lord Is an Assassin'.
[2025-10-08 14:53:15,463] INFO: [!] Capítulo 78 já existente em 'The Reborn Young Lord Is an Assassin'.
[2025-10-08 14:53:15,463] INFO: [!] Capítulo 79 já existente em 'The Reborn Young Lord Is an Assassin'.
[2025-10-08 14:53:15,464] INFO: [!] Capítulo 80 já existente em 'The Reborn Young Lord Is an Assassin'.
[2025-10-08 14:53:15,464] INFO: [!] Capítulo 81 já existente em 'The Reborn Young Lord Is an Assassin'.
[2025-10-08 14:53:15,464] INFO: [!] Capítulo 82 já existente em 'The Reborn Young Lord Is an Assassin'.
[2025-10-08 14:53:15,464] INFO: [!] Capítulo 83 já existente em 'The Reborn Young Lord Is an Assassin'.
[2025-10-08 14:53:15,464] INFO: [!] Capítulo 84 já existente em 'The Reborn Young Lord Is an Assassin'.
[2025-10-08 14:53:15,464] INFO: [!] Capítulo 85 já existente em 'The Reborn Young Lord Is an Assassin'.
[2025-10-08 14:53:15,464] INFO: [!] Capítulo 86 já existente em 'The Reborn Young Lord Is an Assassin'.
[2025-10-08 14:53:15,464] INFO: [!] Capítulo 87 já existente em 'The Reborn Young Lord Is an Assassin'.
[2025-10-08 14:53:15,464] INFO: [!] Capítulo 88 já existente em 'The Reborn Young Lord Is an Assassin'.
[2025-10-08 14:53:15,464] INFO: [!] Capítulo 89 já existente em 'The Reborn Young Lord Is an Assassin'.
[2025-10-08 14:53:15,464] INFO: [!] Capítulo 90 já existente em 'The Reborn Young Lord Is an Assassin'.
[2025-10-08 14:53:15,464] INFO: [!] Capítulo 91 já existente em 'The Reborn Young Lord Is an Assassin'.
[2025-10-08 14:53:15,464] INFO: [!] Capítulo 92 já existente em 'The Reborn Young Lord Is an Assassin'.
[2025-10-08 14:53:15,464] INFO: [!] Capítulo 93 já existente em 'The Reborn Young Lord Is an Assassin'.
[2025-10-08 14:53:15,464] INFO: [!] Capítulo 94 já existente em 'The Reborn Young Lord Is an Assassin'.
[2025-10-08 14:53:15,464] INFO: [!] Capítulo 95 já existente em 'The Reborn Young Lord Is an Assassin'.
[2025-10-08 14:53:15,540] INFO: [*] Buscando capítulos pela url: https://mangaonline.blog/manga/dandadan-manga-pt-br/
[2025-10-08 14:53:15,710] INFO: [*] Capítulos encontrados: 212
[2025-10-08 14:53:15,720] INFO: [*] Total de capítulos extraídos: 212
[2025-10-08 14:53:15,721] INFO: [*] Mangá 'Dandadan' sincronizado com sucesso.
[2025-10-08 14:53:15,739] INFO: [*] Buscando capítulos pela url: https://mangaonline.blog/manga/i-obtained-a-mythic-item/
[2025-10-08 14:53:15,890] INFO: [*] Capítulos encontrados: 148
[2025-10-08 14:53:15,897] INFO: [*] Total de capítulos extraídos: 148
[2025-10-08 14:53:15,897] INFO: [!] Capítulo 1 já existente em 'I Obtained a Mythic Item'.
[2025-10-08 14:53:15,897] INFO: [!] Capítulo 2 já existente em 'I Obtained a Mythic Item'.
[2025-10-08 14:53:15,897] INFO: [!] Capítulo 3 já existente em 'I Obtained a Mythic Item'.
[2025-10-08 14:53:15,897] INFO: [!] Capítulo 4 já existente em 'I Obtained a Mythic Item'.
[2025-10-08 14:53:15,897] INFO: [!] Capítulo 5 já existente em 'I Obtained a Mythic Item'.
[2025-10-08 14:53:15,897] INFO: [!] Capítulo 6 já existente em 'I Obtained a Mythic Item'.
[2025-10-08 14:53:15,897] INFO: [!] Capítulo 7 já existente em 'I Obtained a Mythic Item'.
[2025-10-08 14:53:15,897] INFO: [!] Capítulo 8 já existente em 'I Obtained a Mythic Item'.
[2025-10-08 14:53:15,897] INFO: [!] Capítulo 9 já existente em 'I Obtained a Mythic Item'.
[2025-10-08 14:53:15,898] INFO: [!] Capítulo 10 já existente em 'I Obtained a Mythic Item'.
[2025-10-08 14:53:15,898] INFO: [!] Capítulo 11 já existente em 'I Obtained a Mythic Item'.
[2025-10-08 14:53:15,898] INFO: [!] Capítulo 12 já existente em 'I Obtained a Mythic Item'.
[2025-10-08 14:53:15,898] INFO: [!] Capítulo 13 já existente em 'I Obtained a Mythic Item'.
[2025-10-08 14:53:15,898] INFO: [!] Capítulo 14 já existente em 'I Obtained a Mythic Item'.
[2025-10-08 14:53:15,898] INFO: [!] Capítulo 15 já existente em 'I Obtained a Mythic Item'.
[2025-10-08 14:53:15,898] INFO: [!] Capítulo 16 já existente em 'I Obtained a Mythic Item'.
[2025-10-08 14:53:15,898] INFO: [!] Capítulo 17 já existente em 'I Obtained a Mythic Item'.
[2025-10-08 14:53:15,898] INFO: [!] Capítulo 18 já existente em 'I Obtained a Mythic Item'.
[2025-10-08 14:53:15,898] INFO: [!] Capítulo 19 já existente em 'I Obtained a Mythic Item'.
[2025-10-08 14:53:15,898] INFO: [!] Capítulo 20 já existente em 'I Obtained a Mythic Item'.
[2025-10-08 14:53:15,898] INFO: [!] Capítulo 21 já existente em 'I Obtained a Mythic Item'.
[2025-10-08 14:53:15,898] INFO: [!] Capítulo 22 já existente em 'I Obtained a Mythic Item'.
[2025-10-08 14:53:15,898] INFO: [!] Capítulo 23 já existente em 'I Obtained a Mythic Item'.
[2025-10-08 14:53:15,898] INFO: [!] Capítulo 24 já existente em 'I Obtained a Mythic Item'.
[2025-10-08 14:53:15,898] INFO: [!] Capítulo 25 já existente em 'I Obtained a Mythic Item'.
[2025-10-08 14:53:15,898] INFO: [!] Capítulo 26 já existente em 'I Obtained a Mythic Item'.
[2025-10-08 14:53:15,898] INFO: [!] Capítulo 27 já existente em 'I Obtained a Mythic Item'.
[2025-10-08 14:53:15,898] INFO: [!] Capítulo 28 já existente em 'I Obtained a Mythic Item'.
[2025-10-08 14:53:15,898] INFO: [!] Capítulo 29 já existente em 'I Obtained a Mythic Item'.
[2025-10-08 14:53:15,899] INFO: [!] Capítulo 30 já existente em 'I Obtained a Mythic Item'.
[2025-10-08 14:53:15,899] INFO: [!] Capítulo 31 já existente em 'I Obtained a Mythic Item'.
[2025-10-08 14:53:15,899] INFO: [!] Capítulo 32 já existente em 'I Obtained a Mythic Item'.
[2025-10-08 14:53:15,899] INFO: [!] Capítulo 33 já existente em 'I Obtained a Mythic Item'.
[2025-10-08 14:53:15,899] INFO: [!] Capítulo 34 já existente em 'I Obtained a Mythic Item'.
[2025-10-08 14:53:15,899] INFO: [!] Capítulo 35 já existente em 'I Obtained a Mythic Item'.
[2025-10-08 14:53:15,899] INFO: [!] Capítulo 36 já existente em 'I Obtained a Mythic Item'.
[2025-10-08 14:53:15,899] INFO: [!] Capítulo 37 já existente em 'I Obtained a Mythic Item'.
[2025-10-08 14:53:15,899] INFO: [!] Capítulo 38 já existente em 'I Obtained a Mythic Item'.
[2025-10-08 14:53:15,899] INFO: [!] Capítulo 39 já existente em 'I Obtained a Mythic Item'.
[2025-10-08 14:53:15,899] INFO: [!] Capítulo 40 já existente em 'I Obtained a Mythic Item'.
[2025-10-08 14:53:15,899] INFO: [!] Capítulo 41 já existente em 'I Obtained a Mythic Item'.
[2025-10-08 14:53:15,899] INFO: [!] Capítulo 42 já existente em 'I Obtained a Mythic Item'.
[2025-10-08 14:53:15,899] INFO: [!] Capítulo 43 já existente em 'I Obtained a Mythic Item'.
[2025-10-08 14:53:15,899] INFO: [!] Capítulo 44 já existente em 'I Obtained a Mythic Item'.
[2025-10-08 14:53:15,899] INFO: [!] Capítulo 45 já existente em 'I Obtained a Mythic Item'.
[2025-10-08 14:53:15,899] INFO: [!] Capítulo 46 já existente em 'I Obtained a Mythic Item'.
[2025-10-08 14:53:15,899] INFO: [!] Capítulo 47 já existente em 'I Obtained a Mythic Item'.
[2025-10-08 14:53:15,899] INFO: [!] Capítulo 48 já existente em 'I Obtained a Mythic Item'.
[2025-10-08 14:53:15,900] INFO: [!] Capítulo 49 já existente em 'I Obtained a Mythic Item'.
[2025-10-08 14:53:15,900] INFO: [!] Capítulo 50 já existente em 'I Obtained a Mythic Item'.
[2025-10-08 14:53:15,900] INFO: [!] Capítulo 51 já existente em 'I Obtained a Mythic Item'.
[2025-10-08 14:53:15,900] INFO: [!] Capítulo 52 já existente em 'I Obtained a Mythic Item'.
[2025-10-08 14:53:15,900] INFO: [!] Capítulo 53 já existente em 'I Obtained a Mythic Item'.
[2025-10-08 14:53:15,900] INFO: [!] Capítulo 54 já existente em 'I Obtained a Mythic Item'.
[2025-10-08 14:53:15,900] INFO: [!] Capítulo 55 já existente em 'I Obtained a Mythic Item'.
[2025-10-08 14:53:15,900] INFO: [!] Capítulo 56 já existente em 'I Obtained a Mythic Item'.
[2025-10-08 14:53:15,900] INFO: [!] Capítulo 57 já existente em 'I Obtained a Mythic Item'.
[2025-10-08 14:53:15,900] INFO: [!] Capítulo 58 já existente em 'I Obtained a Mythic Item'.
[2025-10-08 14:53:15,900] INFO: [!] Capítulo 59 já existente em 'I Obtained a Mythic Item'.
[2025-10-08 14:53:15,900] INFO: [!] Capítulo 60 já existente em 'I Obtained a Mythic Item'.
[2025-10-08 14:53:15,900] INFO: [!] Capítulo 61 já existente em 'I Obtained a Mythic Item'.
[2025-10-08 14:53:15,900] INFO: [!] Capítulo 62 já existente em 'I Obtained a Mythic Item'.
[2025-10-08 14:53:15,900] INFO: [!] Capítulo 63 já existente em 'I Obtained a Mythic Item'.
[2025-10-08 14:53:15,900] INFO: [!] Capítulo 64 já existente em 'I Obtained a Mythic Item'.
[2025-10-08 14:53:15,900] INFO: [!] Capítulo 65 já existente em 'I Obtained a Mythic Item'.
[2025-10-08 14:53:15,900] INFO: [!] Capítulo 66 já existente em 'I Obtained a Mythic Item'.
[2025-10-08 14:53:15,900] INFO: [!] Capítulo 67 já existente em 'I Obtained a Mythic Item'.
[2025-10-08 14:53:15,901] INFO: [!] Capítulo 68 já existente em 'I Obtained a Mythic Item'.
[2025-10-08 14:53:15,901] INFO: [!] Capítulo 69 já existente em 'I Obtained a Mythic Item'.
[2025-10-08 14:53:15,901] INFO: [!] Capítulo 70 já existente em 'I Obtained a Mythic Item'.
[2025-10-08 14:53:15,901] INFO: [!] Capítulo 71 já existente em 'I Obtained a Mythic Item'.
[2025-10-08 14:53:15,901] INFO: [!] Capítulo 72 já existente em 'I Obtained a Mythic Item'.
[2025-10-08 14:53:15,901] INFO: [!] Capítulo 73 já existente em 'I Obtained a Mythic Item'.
[2025-10-08 14:53:15,901] INFO: [!] Capítulo 74 já existente em 'I Obtained a Mythic Item'.
[2025-10-08 14:53:15,901] INFO: [!] Capítulo 75 já existente em 'I Obtained a Mythic Item'.
[2025-10-08 14:53:15,901] INFO: [!] Capítulo 76 já existente em 'I Obtained a Mythic Item'.
[2025-10-08 14:53:15,901] INFO: [!] Capítulo 77 já existente em 'I Obtained a Mythic Item'.
[2025-10-08 14:53:15,901] INFO: [!] Capítulo 78 já existente em 'I Obtained a Mythic Item'.
[2025-10-08 14:53:15,901] INFO: [!] Capítulo 79 já existente em 'I Obtained a Mythic Item'.
[2025-10-08 14:53:15,901] INFO: [!] Capítulo 80 já existente em 'I Obtained a Mythic Item'.
[2025-10-08 14:53:15,901] INFO: [!] Capítulo 81 já existente em 'I Obtained a Mythic Item'.
[2025-10-08 14:53:15,901] INFO: [!] Capítulo 82 já existente em 'I Obtained a Mythic Item'.
[2025-10-08 14:53:15,901] INFO: [!] Capítulo 83 já existente em 'I Obtained a Mythic Item'.
[2025-10-08 14:53:15,901] INFO: [!] Capítulo 84 já existente em 'I Obtained a Mythic Item'.
[2025-10-08 14:53:15,901] INFO: [!] Capítulo 85 já existente em 'I Obtained a Mythic Item'.
[2025-10-08 14:53:15,901] INFO: [!] Capítulo 86 já existente em 'I Obtained a Mythic Item'.
[2025-10-08 14:53:15,901] INFO: [!] Capítulo 87 já existente em 'I Obtained a Mythic Item'.
[2025-10-08 14:53:15,902] INFO: [!] Capítulo 88 já existente em 'I Obtained a Mythic Item'.
[2025-10-08 14:53:15,902] INFO: [!] Capítulo 89 já existente em 'I Obtained a Mythic Item'.
[2025-10-08 14:53:15,902] INFO: [!] Capítulo 90 já existente em 'I Obtained a Mythic Item'.
[2025-10-08 14:53:15,902] INFO: [!] Capítulo 91 já existente em 'I Obtained a Mythic Item'.
[2025-10-08 14:53:15,902] INFO: [!] Capítulo 92 já existente em 'I Obtained a Mythic Item'.
[2025-10-08 14:53:15,902] INFO: [!] Capítulo 93 já existente em 'I Obtained a Mythic Item'.
[2025-10-08 14:53:15,902] INFO: [!] Capítulo 94 já existente em 'I Obtained a Mythic Item'.
[2025-10-08 14:53:15,902] INFO: [!] Capítulo 95 já existente em 'I Obtained a Mythic Item'.
[2025-10-08 14:53:15,902] INFO: [!] Capítulo 96 já existente em 'I Obtained a Mythic Item'.
[2025-10-08 14:53:15,902] INFO: [!] Capítulo 97 já existente em 'I Obtained a Mythic Item'.
[2025-10-08 14:53:15,902] INFO: [!] Capítulo 98 já existente em 'I Obtained a Mythic Item'.
[2025-10-08 14:53:15,902] INFO: [!] Capítulo 99 já existente em 'I Obtained a Mythic Item'.
[2025-10-08 14:53:15,902] INFO: [!] Capítulo 100 já existente em 'I Obtained a Mythic Item'.
[2025-10-08 14:53:15,902] INFO: [!] Capítulo 101 já existente em 'I Obtained a Mythic Item'.
[2025-10-08 14:53:15,902] INFO: [!] Capítulo 102 já existente em 'I Obtained a Mythic Item'.
[2025-10-08 14:53:15,902] INFO: [!] Capítulo 103 já existente em 'I Obtained a Mythic Item'.
[2025-10-08 14:53:15,902] INFO: [!] Capítulo 104 já existente em 'I Obtained a Mythic Item'.
[2025-10-08 14:53:15,902] INFO: [!] Capítulo 105 já existente em 'I Obtained a Mythic Item'.
[2025-10-08 14:53:15,903] INFO: [!] Capítulo 106 já existente em 'I Obtained a Mythic Item'.
[2025-10-08 14:53:15,903] INFO: [!] Capítulo 107 já existente em 'I Obtained a Mythic Item'.
[2025-10-08 14:53:15,903] INFO: [!] Capítulo 107.5 já existente em 'I Obtained a Mythic Item'.
[2025-10-08 14:53:15,903] INFO: [!] Capítulo 108 já existente em 'I Obtained a Mythic Item'.
[2025-10-08 14:53:15,903] INFO: [!] Capítulo 109 já existente em 'I Obtained a Mythic Item'.
[2025-10-08 14:53:15,903] INFO: [!] Capítulo 110 já existente em 'I Obtained a Mythic Item'.
[2025-10-08 14:53:15,903] INFO: [!] Capítulo 111 já existente em 'I Obtained a Mythic Item'.
[2025-10-08 14:53:15,903] INFO: [!] Capítulo 112 já existente em 'I Obtained a Mythic Item'.
[2025-10-08 14:53:15,903] INFO: [!] Capítulo 114 já existente em 'I Obtained a Mythic Item'.
[2025-10-08 14:53:15,903] INFO: [!] Capítulo 115 já existente em 'I Obtained a Mythic Item'.
[2025-10-08 14:53:15,903] INFO: [!] Capítulo 116 já existente em 'I Obtained a Mythic Item'.
[2025-10-08 14:53:15,903] INFO: [!] Capítulo 117 já existente em 'I Obtained a Mythic Item'.
[2025-10-08 14:53:15,903] INFO: [!] Capítulo 118 já existente em 'I Obtained a Mythic Item'.
[2025-10-08 14:53:15,903] INFO: [!] Capítulo 119 já existente em 'I Obtained a Mythic Item'.
[2025-10-08 14:53:15,903] INFO: [!] Capítulo 120 já existente em 'I Obtained a Mythic Item'.
[2025-10-08 14:53:15,903] INFO: [!] Capítulo 122 já existente em 'I Obtained a Mythic Item'.
[2025-10-08 14:53:15,903] INFO: [!] Capítulo 123 já existente em 'I Obtained a Mythic Item'.
[2025-10-08 14:53:15,903] INFO: [!] Capítulo 124 já existente em 'I Obtained a Mythic Item'.
[2025-10-08 14:53:15,903] INFO: [!] Capítulo 125 já existente em 'I Obtained a Mythic Item'.
[2025-10-08 14:53:15,903] INFO: [!] Capítulo 126 já existente em 'I Obtained a Mythic Item'.
[2025-10-08 14:53:15,904] INFO: [!] Capítulo 127 já existente em 'I Obtained a Mythic Item'.
[2025-10-08 14:53:15,904] INFO: [!] Capítulo 128 já existente em 'I Obtained a Mythic Item'.
[2025-10-08 14:53:15,904] INFO: [!] Capítulo 129 já existente em 'I Obtained a Mythic Item'.
[2025-10-08 14:53:15,904] INFO: [!] Capítulo 130 já existente em 'I Obtained a Mythic Item'.
[2025-10-08 14:53:15,904] INFO: [!] Capítulo 131 já existente em 'I Obtained a Mythic Item'.
[2025-10-08 14:53:15,904] INFO: [!] Capítulo 132 já existente em 'I Obtained a Mythic Item'.
[2025-10-08 14:53:15,904] INFO: [!] Capítulo 133 já existente em 'I Obtained a Mythic Item'.
[2025-10-08 14:53:15,904] INFO: [!] Capítulo 134 já existente em 'I Obtained a Mythic Item'.
[2025-10-08 14:53:15,904] INFO: [!] Capítulo 135 já existente em 'I Obtained a Mythic Item'.
[2025-10-08 14:53:15,904] INFO: [!] Capítulo 136 já existente em 'I Obtained a Mythic Item'.
[2025-10-08 14:53:15,904] INFO: [!] Capítulo 137 já existente em 'I Obtained a Mythic Item'.
[2025-10-08 14:53:15,904] INFO: [!] Capítulo 138 já existente em 'I Obtained a Mythic Item'.
[2025-10-08 14:53:15,904] INFO: [!] Capítulo 139 já existente em 'I Obtained a Mythic Item'.
[2025-10-08 14:53:15,904] INFO: [!] Capítulo 140 já existente em 'I Obtained a Mythic Item'.
[2025-10-08 14:53:15,904] INFO: [!] Capítulo 141 já existente em 'I Obtained a Mythic Item'.
[2025-10-08 14:53:15,904] INFO: [!] Capítulo 142 já existente em 'I Obtained a Mythic Item'.
[2025-10-08 14:53:15,904] INFO: [!] Capítulo 143 já existente em 'I Obtained a Mythic Item'.
[2025-10-08 14:53:15,904] INFO: [!] Capítulo 144 já existente em 'I Obtained a Mythic Item'.
[2025-10-08 14:53:15,904] INFO: [!] Capítulo 145 já existente em 'I Obtained a Mythic Item'.
[2025-10-08 14:53:15,904] INFO: [!] Capítulo 146 já existente em 'I Obtained a Mythic Item'.
[2025-10-08 14:53:15,904] INFO: [!] Capítulo 147 já existente em 'I Obtained a Mythic Item'.
[2025-10-08 14:53:15,905] INFO: [!] Capítulo 148 já existente em 'I Obtained a Mythic Item'.
[2025-10-08 14:53:15,905] INFO: [!] Capítulo 149 já existente em 'I Obtained a Mythic Item'.
[2025-10-08 14:53:15,920] INFO: [*] Buscando capítulos pela url: https://mangaonline.blog/manga/childhood-friend-of-zenith/
[2025-10-08 14:53:16,090] INFO: [*] Capítulos encontrados: 75
[2025-10-08 14:53:16,094] INFO: [*] Total de capítulos extraídos: 75
[2025-10-08 14:53:16,094] INFO: [*] Mangá 'Childhood Friend of Zenith' sincronizado com sucesso.
[2025-10-08 14:53:16,319] INFO: [*] Buscando capítulos pela url: https://mangaonline.blog/manga/revenge-of-the-baskerville-bloodhound/
[2025-10-08 14:53:16,326] INFO: [*] Sessão fechada com sucesso.
[2025-10-08 14:55:44,314] INFO: [*] Sincronizando mangás do provedor MangaOnline
[2025-10-08 14:55:44,317] INFO: [*] Buscando página 1: https://mangaonline.blog/manga/
[2025-10-08 14:55:46,071] INFO: [*] Buscando página 2: https://mangaonline.blog/manga/page/2/
[2025-10-08 14:55:48,029] INFO: [*] Buscando página 3: https://mangaonline.blog/manga/page/3/
[2025-10-08 14:55:48,870] INFO: [*] Sessão fechada com sucesso.
